2026-02-06 12:38:30,040 - INFO - Model settings endpoint: https://server.sparrow-earth.com/model_settings
2026-02-06 12:38:30,040 - INFO - Generated Hardware ID: abbe69b9814d
2026-02-06 12:38:30,041 - INFO - Hardware ID loaded: abbe69b9814d
2026-02-06 12:38:30,041 - INFO - Started model settings background fetch thread.
2026-02-06 12:38:30,041 - INFO - ONNXRuntime-only mode. HAVE_ORT=True, LOCAL_MODELS_DIR=/home/sparrow/Desktop/system/Models/tritonserver/model_repository, ONLY_SAVE_ANIMALS=False, DRAW_BOXES=True
2026-02-06 12:38:30,492 - INFO - Model settings unchanged.
2026-02-06 12:39:31,029 - INFO - Model settings unchanged.
2026-02-06 12:40:31,503 - INFO - Model settings unchanged.
2026-02-06 12:41:31,971 - INFO - Model settings unchanged.
2026-02-06 12:42:32,489 - INFO - Model settings unchanged.
2026-02-06 12:43:33,052 - INFO - Model settings unchanged.
2026-02-06 12:44:33,623 - INFO - Model settings unchanged.
2026-02-06 12:45:34,084 - INFO - Model settings unchanged.
2026-02-06 12:46:34,625 - INFO - Model settings unchanged.
2026-02-06 12:47:35,229 - INFO - Model settings unchanged.
2026-02-06 12:48:35,754 - INFO - Model settings unchanged.
2026-02-06 12:49:36,249 - INFO - Model settings unchanged.
2026-02-06 12:50:36,808 - INFO - Model settings unchanged.
2026-02-06 12:51:37,347 - INFO - Model settings unchanged.
2026-02-06 12:52:37,892 - INFO - Model settings unchanged.
2026-02-06 12:53:38,389 - INFO - Model settings unchanged.
2026-02-06 12:54:38,951 - INFO - Model settings unchanged.
2026-02-06 12:55:39,456 - INFO - Model settings unchanged.
2026-02-06 12:56:40,020 - INFO - Model settings unchanged.
2026-02-06 12:57:40,612 - INFO - Model settings unchanged.
2026-02-06 12:58:41,203 - INFO - Model settings unchanged.
2026-02-06 12:59:41,747 - INFO - Model settings unchanged.
2026-02-06 13:00:42,284 - INFO - Model settings unchanged.
2026-02-06 13:01:42,839 - INFO - Model settings unchanged.
2026-02-06 13:02:43,392 - INFO - Model settings unchanged.
2026-02-06 13:03:43,928 - INFO - Model settings unchanged.
2026-02-06 13:04:44,464 - INFO - Model settings unchanged.
2026-02-06 13:05:44,954 - INFO - Model settings unchanged.
2026-02-06 13:06:45,386 - INFO - Model settings unchanged.
2026-02-06 13:07:45,943 - INFO - Model settings unchanged.
2026-02-06 13:08:46,594 - INFO - Model settings unchanged.
2026-02-06 13:09:47,169 - INFO - Model settings unchanged.
2026-02-06 13:10:47,938 - INFO - Model settings unchanged.
2026-02-06 13:11:48,622 - INFO - Model settings unchanged.
2026-02-06 13:12:49,498 - INFO - Model settings unchanged.
2026-02-06 13:13:50,377 - INFO - Model settings unchanged.
2026-02-06 13:14:51,110 - INFO - Model settings unchanged.
2026-02-06 13:15:51,659 - INFO - Model settings unchanged.
2026-02-06 13:16:52,332 - INFO - Model settings unchanged.
2026-02-06 13:17:52,879 - INFO - Model settings unchanged.
2026-02-06 13:18:53,418 - INFO - Model settings unchanged.
2026-02-06 13:19:53,896 - INFO - Model settings unchanged.
2026-02-06 13:20:54,393 - INFO - Model settings unchanged.
2026-02-06 13:21:54,936 - INFO - Model settings unchanged.
2026-02-06 13:22:55,480 - INFO - Model settings unchanged.
2026-02-06 13:23:56,143 - INFO - Model settings unchanged.
2026-02-06 13:24:56,630 - INFO - Model settings unchanged.
2026-02-06 13:25:57,162 - INFO - Model settings unchanged.
2026-02-06 13:26:57,734 - INFO - Model settings unchanged.
2026-02-06 13:27:58,231 - INFO - Model settings unchanged.
2026-02-06 13:28:58,812 - INFO - Model settings unchanged.
2026-02-06 13:29:59,327 - INFO - Model settings unchanged.
2026-02-06 13:30:59,855 - INFO - Model settings unchanged.
2026-02-06 13:32:00,383 - INFO - Model settings unchanged.
2026-02-06 13:33:01,004 - INFO - Model settings unchanged.
2026-02-06 13:34:01,548 - INFO - Model settings unchanged.
2026-02-06 13:35:02,102 - INFO - Model settings unchanged.
2026-02-06 13:36:02,618 - INFO - Model settings unchanged.
2026-02-06 13:37:03,137 - INFO - Model settings unchanged.
2026-02-06 13:38:03,678 - INFO - Model settings unchanged.
2026-02-06 13:39:04,342 - INFO - Model settings unchanged.
2026-02-06 13:40:04,824 - INFO - Model settings unchanged.
2026-02-06 13:41:05,414 - INFO - Model settings unchanged.
2026-02-06 13:42:05,965 - INFO - Model settings unchanged.
2026-02-06 13:43:06,604 - INFO - Model settings unchanged.
2026-02-06 13:44:07,138 - INFO - Model settings unchanged.
2026-02-06 13:45:07,692 - INFO - Model settings unchanged.
2026-02-06 13:46:08,203 - INFO - Model settings unchanged.
2026-02-06 13:47:08,729 - INFO - Model settings unchanged.
2026-02-06 13:48:09,272 - INFO - Model settings unchanged.
2026-02-06 13:49:09,798 - INFO - Model settings unchanged.
2026-02-06 13:50:10,265 - INFO - Model settings unchanged.
2026-02-06 13:51:10,841 - INFO - Model settings unchanged.
2026-02-06 13:52:11,504 - INFO - Model settings unchanged.
2026-02-06 13:53:12,052 - INFO - Model settings unchanged.
2026-02-06 13:54:12,685 - INFO - Model settings unchanged.
2026-02-06 13:55:13,252 - INFO - Model settings unchanged.
2026-02-06 13:56:13,731 - INFO - Model settings unchanged.
2026-02-06 13:57:14,262 - INFO - Model settings unchanged.
2026-02-06 13:58:14,895 - INFO - Model settings unchanged.
2026-02-06 13:59:15,391 - INFO - Model settings unchanged.
2026-02-06 14:00:15,943 - INFO - Model settings unchanged.
2026-02-06 14:01:16,477 - INFO - Model settings unchanged.
2026-02-06 14:02:17,052 - INFO - Model settings unchanged.
2026-02-06 14:03:17,579 - INFO - Model settings unchanged.
2026-02-06 14:04:18,095 - INFO - Model settings unchanged.
2026-02-06 14:05:18,650 - INFO - Model settings unchanged.
2026-02-06 14:06:19,126 - INFO - Model settings unchanged.
2026-02-06 14:07:19,681 - INFO - Model settings unchanged.
2026-02-06 14:08:20,226 - INFO - Model settings unchanged.
2026-02-06 14:09:20,721 - INFO - Model settings unchanged.
2026-02-06 14:10:21,283 - INFO - Model settings unchanged.
2026-02-06 14:11:21,744 - INFO - Model settings unchanged.
2026-02-06 14:12:22,290 - INFO - Model settings unchanged.
2026-02-06 14:13:22,835 - INFO - Model settings unchanged.
2026-02-06 14:14:23,459 - INFO - Model settings unchanged.
2026-02-06 14:15:24,010 - INFO - Model settings unchanged.
2026-02-06 14:16:24,491 - INFO - Model settings unchanged.
2026-02-06 14:17:24,998 - INFO - Model settings unchanged.
2026-02-06 14:18:25,508 - INFO - Model settings unchanged.
2026-02-06 14:19:26,017 - INFO - Model settings unchanged.
2026-02-06 14:20:26,500 - INFO - Model settings unchanged.
2026-02-06 14:21:27,030 - INFO - Model settings unchanged.
2026-02-06 14:22:27,555 - INFO - Model settings unchanged.
2026-02-06 14:23:28,088 - INFO - Model settings unchanged.
2026-02-06 14:24:28,677 - INFO - Model settings unchanged.
2026-02-06 14:25:29,189 - INFO - Model settings unchanged.
2026-02-06 14:26:29,756 - INFO - Model settings unchanged.
2026-02-06 14:27:30,255 - INFO - Model settings unchanged.
2026-02-06 14:28:30,758 - INFO - Model settings unchanged.
2026-02-06 14:29:31,307 - INFO - Model settings unchanged.
2026-02-06 14:30:31,799 - INFO - Model settings unchanged.
2026-02-06 14:31:32,273 - INFO - Model settings unchanged.
2026-02-06 14:32:32,801 - INFO - Model settings unchanged.
2026-02-06 14:33:33,346 - INFO - Model settings unchanged.
2026-02-06 14:34:34,256 - INFO - Model settings unchanged.
2026-02-06 14:35:34,815 - INFO - Model settings unchanged.
2026-02-06 14:36:35,365 - INFO - Model settings unchanged.
2026-02-06 14:37:35,890 - INFO - Model settings unchanged.
2026-02-06 14:38:36,383 - INFO - Model settings unchanged.
2026-02-06 14:39:36,945 - INFO - Model settings unchanged.
2026-02-06 14:40:37,454 - INFO - Model settings unchanged.
2026-02-06 14:41:38,000 - INFO - Model settings unchanged.
2026-02-06 14:42:38,459 - INFO - Model settings unchanged.
2026-02-06 14:43:39,012 - INFO - Model settings unchanged.
2026-02-06 14:44:39,586 - INFO - Model settings unchanged.
2026-02-06 14:45:40,131 - INFO - Model settings unchanged.
2026-02-06 14:46:40,719 - INFO - Model settings unchanged.
2026-02-06 14:47:41,266 - INFO - Model settings unchanged.
2026-02-06 14:48:41,838 - INFO - Model settings unchanged.
2026-02-06 14:49:42,366 - INFO - Model settings unchanged.
2026-02-06 14:50:42,924 - INFO - Model settings unchanged.
2026-02-06 14:51:43,504 - INFO - Model settings unchanged.
2026-02-06 14:52:44,005 - INFO - Model settings unchanged.
2026-02-06 14:53:44,508 - INFO - Model settings unchanged.
2026-02-06 14:54:45,000 - INFO - Model settings unchanged.
2026-02-06 14:55:45,542 - INFO - Model settings unchanged.
2026-02-06 14:56:46,092 - INFO - Model settings unchanged.
2026-02-06 14:57:46,657 - INFO - Model settings unchanged.
2026-02-06 14:58:47,153 - INFO - Model settings unchanged.
2026-02-06 14:59:47,695 - INFO - Model settings unchanged.
2026-02-06 15:00:48,229 - INFO - Model settings unchanged.
2026-02-06 15:01:48,810 - INFO - Model settings unchanged.
2026-02-06 15:02:49,353 - INFO - Model settings unchanged.
2026-02-06 15:03:49,848 - INFO - Model settings unchanged.
2026-02-06 15:04:50,343 - INFO - Model settings unchanged.
2026-02-06 15:05:50,925 - INFO - Model settings unchanged.
2026-02-06 15:06:51,457 - INFO - Model settings unchanged.
2026-02-06 15:07:52,054 - INFO - Model settings unchanged.
2026-02-06 15:08:52,648 - INFO - Model settings unchanged.
2026-02-06 15:09:53,146 - INFO - Model settings unchanged.
2026-02-06 15:10:53,660 - INFO - Model settings unchanged.
2026-02-06 15:11:54,189 - INFO - Model settings unchanged.
2026-02-06 15:12:55,347 - INFO - Model settings unchanged.
2026-02-06 15:13:57,050 - INFO - Model settings unchanged.
2026-02-06 15:14:58,703 - INFO - Model settings unchanged.
2026-02-06 15:15:59,233 - INFO - Model settings unchanged.
2026-02-06 15:17:00,774 - INFO - Model settings unchanged.
2026-02-06 15:18:01,298 - INFO - Model settings unchanged.
2026-02-06 15:19:01,834 - INFO - Model settings unchanged.
2026-02-06 15:20:02,436 - INFO - Model settings unchanged.
2026-02-06 15:21:02,929 - INFO - Model settings unchanged.
2026-02-06 15:22:03,486 - INFO - Model settings unchanged.
2026-02-06 15:23:04,083 - INFO - Model settings unchanged.
2026-02-06 15:24:04,590 - INFO - Model settings unchanged.
2026-02-06 15:25:05,084 - INFO - Model settings unchanged.
2026-02-06 15:26:05,567 - INFO - Model settings unchanged.
2026-02-06 15:27:06,123 - INFO - Model settings unchanged.
2026-02-06 15:28:06,629 - INFO - Model settings unchanged.
2026-02-06 15:29:07,263 - INFO - Model settings unchanged.
2026-02-06 15:30:07,801 - INFO - Model settings unchanged.
2026-02-06 15:31:08,387 - INFO - Model settings unchanged.
2026-02-06 15:32:08,947 - INFO - Model settings unchanged.
2026-02-06 15:33:09,443 - INFO - Model settings unchanged.
2026-02-06 15:34:10,056 - INFO - Model settings unchanged.
2026-02-06 15:35:10,802 - INFO - Model settings unchanged.
2026-02-06 15:36:11,355 - INFO - Model settings unchanged.
2026-02-06 15:37:11,887 - INFO - Model settings unchanged.
2026-02-06 15:38:12,420 - INFO - Model settings unchanged.
2026-02-06 15:39:13,112 - INFO - Model settings unchanged.
2026-02-06 15:40:13,719 - INFO - Model settings unchanged.
2026-02-06 15:41:14,241 - INFO - Model settings unchanged.
2026-02-06 15:42:14,760 - INFO - Model settings unchanged.
2026-02-06 15:43:15,302 - INFO - Model settings unchanged.
2026-02-06 15:44:15,958 - INFO - Model settings unchanged.
2026-02-06 15:45:16,796 - INFO - Model settings unchanged.
2026-02-06 15:46:18,660 - INFO - Model settings unchanged.
2026-02-06 15:47:19,936 - INFO - Model settings unchanged.
2026-02-06 15:48:21,012 - INFO - Model settings unchanged.
2026-02-06 15:49:21,496 - INFO - Model settings unchanged.
2026-02-06 15:50:21,990 - INFO - Model settings unchanged.
2026-02-06 15:51:22,557 - INFO - Model settings unchanged.
2026-02-06 15:52:23,119 - INFO - Model settings unchanged.
2026-02-06 17:00:37,594 - INFO - Model settings endpoint: https://server.sparrow-earth.com/model_settings
2026-02-06 17:00:37,594 - INFO - Generated Hardware ID: abbe69b9814d
2026-02-06 17:00:37,595 - INFO - Hardware ID loaded: abbe69b9814d
2026-02-06 17:00:37,595 - INFO - Started model settings background fetch thread.
2026-02-06 17:00:37,595 - INFO - ONNXRuntime-only mode. HAVE_ORT=True, LOCAL_MODELS_DIR=/home/sparrow/Desktop/system/Models/tritonserver/model_repository, ONLY_SAVE_ANIMALS=False, DRAW_BOXES=True
2026-02-06 17:00:37,597 - WARNING - Could not fetch model settings: HTTPSConnectionPool(host='server.sparrow-earth.com', port=443): Max retries exceeded with url: /model_settings (Caused by NameResolutionError("<urllib3.connection.HTTPSConnection object at 0x7fff7945a3b0>: Failed to resolve 'server.sparrow-earth.com' ([Errno -3] Temporary failure in name resolution)"))
2026-02-06 17:15:18,474 - INFO - Model settings endpoint: https://server.sparrow-earth.com/model_settings
2026-02-06 17:15:18,475 - INFO - Generated Hardware ID: abbe69b9814d
2026-02-06 17:15:18,475 - INFO - Hardware ID loaded: abbe69b9814d
2026-02-06 17:15:18,475 - INFO - Started model settings background fetch thread.
2026-02-06 17:15:18,475 - INFO - ONNXRuntime-only mode. HAVE_ORT=True, LOCAL_MODELS_DIR=/home/sparrow/Desktop/system/Models/tritonserver/model_repository, ONLY_SAVE_ANIMALS=False, DRAW_BOXES=True
2026-02-06 17:15:30,719 - WARNING - Could not fetch model settings: HTTPSConnectionPool(host='server.sparrow-earth.com', port=443): Max retries exceeded with url: /model_settings (Caused by NameResolutionError("<urllib3.connection.HTTPSConnection object at 0x7fff60cda470>: Failed to resolve 'server.sparrow-earth.com' ([Errno -3] Temporary failure in name resolution)"))
2026-02-06 17:16:43,967 - WARNING - Could not fetch model settings: HTTPSConnectionPool(host='server.sparrow-earth.com', port=443): Max retries exceeded with url: /model_settings (Caused by NameResolutionError("<urllib3.connection.HTTPSConnection object at 0x7fff60cdad40>: Failed to resolve 'server.sparrow-earth.com' ([Errno -3] Temporary failure in name resolution)"))
2026-02-06 17:17:56,172 - WARNING - Could not fetch model settings: HTTPSConnectionPool(host='server.sparrow-earth.com', port=443): Max retries exceeded with url: /model_settings (Caused by NameResolutionError("<urllib3.connection.HTTPSConnection object at 0x7fff60cdb5b0>: Failed to resolve 'server.sparrow-earth.com' ([Errno -3] Temporary failure in name resolution)"))
2026-02-06 17:19:08,319 - WARNING - Could not fetch model settings: HTTPSConnectionPool(host='server.sparrow-earth.com', port=443): Max retries exceeded with url: /model_settings (Caused by NameResolutionError("<urllib3.connection.HTTPSConnection object at 0x7fff60cdbe20>: Failed to resolve 'server.sparrow-earth.com' ([Errno -3] Temporary failure in name resolution)"))
2026-02-06 17:20:22,560 - WARNING - Could not fetch model settings: HTTPSConnectionPool(host='server.sparrow-earth.com', port=443): Max retries exceeded with url: /model_settings (Caused by NameResolutionError("<urllib3.connection.HTTPSConnection object at 0x7fff5fdc46d0>: Failed to resolve 'server.sparrow-earth.com' ([Errno -3] Temporary failure in name resolution)"))
2026-02-06 17:21:33,695 - WARNING - Could not fetch model settings: HTTPSConnectionPool(host='server.sparrow-earth.com', port=443): Max retries exceeded with url: /model_settings (Caused by NameResolutionError("<urllib3.connection.HTTPSConnection object at 0x7fff60cdb730>: Failed to resolve 'server.sparrow-earth.com' ([Errno -3] Temporary failure in name resolution)"))
2026-02-06 17:22:47,103 - WARNING - Could not fetch model settings: HTTPSConnectionPool(host='server.sparrow-earth.com', port=443): Max retries exceeded with url: /model_settings (Caused by NameResolutionError("<urllib3.connection.HTTPSConnection object at 0x7fff60cdaec0>: Failed to resolve 'server.sparrow-earth.com' ([Errno -3] Temporary failure in name resolution)"))
2026-02-06 17:23:59,327 - WARNING - Could not fetch model settings: HTTPSConnectionPool(host='server.sparrow-earth.com', port=443): Max retries exceeded with url: /model_settings (Caused by NameResolutionError("<urllib3.connection.HTTPSConnection object at 0x7fff60cda650>: Failed to resolve 'server.sparrow-earth.com' ([Errno -3] Temporary failure in name resolution)"))
2026-02-06 17:25:17,439 - WARNING - Could not fetch model settings: HTTPSConnectionPool(host='server.sparrow-earth.com', port=443): Max retries exceeded with url: /model_settings (Caused by NameResolutionError("<urllib3.connection.HTTPSConnection object at 0x7fff5fdc4f40>: Failed to resolve 'server.sparrow-earth.com' ([Errno -3] Temporary failure in name resolution)"))
2026-02-06 17:26:30,860 - WARNING - Could not fetch model settings: HTTPSConnectionPool(host='server.sparrow-earth.com', port=443): Max retries exceeded with url: /model_settings (Caused by NameResolutionError("<urllib3.connection.HTTPSConnection object at 0x7fff5fdc57b0>: Failed to resolve 'server.sparrow-earth.com' ([Errno -3] Temporary failure in name resolution)"))
2026-02-06 17:27:42,207 - WARNING - Could not fetch model settings: HTTPSConnectionPool(host='server.sparrow-earth.com', port=443): Max retries exceeded with url: /model_settings (Caused by NameResolutionError("<urllib3.connection.HTTPSConnection object at 0x7fff60cdada0>: Failed to resolve 'server.sparrow-earth.com' ([Errno -3] Temporary failure in name resolution)"))
2026-02-06 17:28:53,087 - WARNING - Could not fetch model settings: HTTPSConnectionPool(host='server.sparrow-earth.com', port=443): Max retries exceeded with url: /model_settings (Caused by NameResolutionError("<urllib3.connection.HTTPSConnection object at 0x7fff60cdb610>: Failed to resolve 'server.sparrow-earth.com' ([Errno -3] Temporary failure in name resolution)"))
2026-02-06 17:30:05,439 - WARNING - Could not fetch model settings: HTTPSConnectionPool(host='server.sparrow-earth.com', port=443): Max retries exceeded with url: /model_settings (Caused by NameResolutionError("<urllib3.connection.HTTPSConnection object at 0x7fff60cdbe80>: Failed to resolve 'server.sparrow-earth.com' ([Errno -3] Temporary failure in name resolution)"))
2026-02-06 17:31:17,727 - WARNING - Could not fetch model settings: HTTPSConnectionPool(host='server.sparrow-earth.com', port=443): Max retries exceeded with url: /model_settings (Caused by NameResolutionError("<urllib3.connection.HTTPSConnection object at 0x7fff5fdc51b0>: Failed to resolve 'server.sparrow-earth.com' ([Errno -3] Temporary failure in name resolution)"))
2026-02-06 17:32:28,735 - WARNING - Could not fetch model settings: HTTPSConnectionPool(host='server.sparrow-earth.com', port=443): Max retries exceeded with url: /model_settings (Caused by NameResolutionError("<urllib3.connection.HTTPSConnection object at 0x7fff5fdc4940>: Failed to resolve 'server.sparrow-earth.com' ([Errno -3] Temporary failure in name resolution)"))
2026-02-06 17:33:38,015 - WARNING - Could not fetch model settings: HTTPSConnectionPool(host='server.sparrow-earth.com', port=443): Max retries exceeded with url: /model_settings (Caused by NameResolutionError("<urllib3.connection.HTTPSConnection object at 0x7fff60cdbd00>: Failed to resolve 'server.sparrow-earth.com' ([Errno -3] Temporary failure in name resolution)"))
2026-02-06 17:34:48,351 - WARNING - Could not fetch model settings: HTTPSConnectionPool(host='server.sparrow-earth.com', port=443): Max retries exceeded with url: /model_settings (Caused by NameResolutionError("<urllib3.connection.HTTPSConnection object at 0x7fff60cdb490>: Failed to resolve 'server.sparrow-earth.com' ([Errno -3] Temporary failure in name resolution)"))
2026-02-06 17:36:00,639 - WARNING - Could not fetch model settings: HTTPSConnectionPool(host='server.sparrow-earth.com', port=443): Max retries exceeded with url: /model_settings (Caused by NameResolutionError("<urllib3.connection.HTTPSConnection object at 0x7fff60cdac20>: Failed to resolve 'server.sparrow-earth.com' ([Errno -3] Temporary failure in name resolution)"))
2026-02-06 17:37:12,927 - WARNING - Could not fetch model settings: HTTPSConnectionPool(host='server.sparrow-earth.com', port=443): Max retries exceeded with url: /model_settings (Caused by NameResolutionError("<urllib3.connection.HTTPSConnection object at 0x7fff5fdc4940>: Failed to resolve 'server.sparrow-earth.com' ([Errno -3] Temporary failure in name resolution)"))
2026-02-06 17:38:25,215 - WARNING - Could not fetch model settings: HTTPSConnectionPool(host='server.sparrow-earth.com', port=443): Max retries exceeded with url: /model_settings (Caused by NameResolutionError("<urllib3.connection.HTTPSConnection object at 0x7fff5fdc54b0>: Failed to resolve 'server.sparrow-earth.com' ([Errno -3] Temporary failure in name resolution)"))
2026-02-06 17:39:35,327 - WARNING - Could not fetch model settings: HTTPSConnectionPool(host='server.sparrow-earth.com', port=443): Max retries exceeded with url: /model_settings (Caused by NameResolutionError("<urllib3.connection.HTTPSConnection object at 0x7fff5fdc6020>: Failed to resolve 'server.sparrow-earth.com' ([Errno -3] Temporary failure in name resolution)"))
2026-02-06 17:40:47,583 - WARNING - Could not fetch model settings: HTTPSConnectionPool(host='server.sparrow-earth.com', port=443): Max retries exceeded with url: /model_settings (Caused by NameResolutionError("<urllib3.connection.HTTPSConnection object at 0x7fff60cdab00>: Failed to resolve 'server.sparrow-earth.com' ([Errno -3] Temporary failure in name resolution)"))
2026-02-06 17:41:57,823 - WARNING - Could not fetch model settings: HTTPSConnectionPool(host='server.sparrow-earth.com', port=443): Max retries exceeded with url: /model_settings (Caused by NameResolutionError("<urllib3.connection.HTTPSConnection object at 0x7fff60cdb3d0>: Failed to resolve 'server.sparrow-earth.com' ([Errno -3] Temporary failure in name resolution)"))
2026-02-06 17:43:10,175 - WARNING - Could not fetch model settings: HTTPSConnectionPool(host='server.sparrow-earth.com', port=443): Max retries exceeded with url: /model_settings (Caused by NameResolutionError("<urllib3.connection.HTTPSConnection object at 0x7fff60cdbc40>: Failed to resolve 'server.sparrow-earth.com' ([Errno -3] Temporary failure in name resolution)"))
2026-02-06 17:44:22,495 - WARNING - Could not fetch model settings: HTTPSConnectionPool(host='server.sparrow-earth.com', port=443): Max retries exceeded with url: /model_settings (Caused by NameResolutionError("<urllib3.connection.HTTPSConnection object at 0x7fff5fdc58d0>: Failed to resolve 'server.sparrow-earth.com' ([Errno -3] Temporary failure in name resolution)"))
2026-02-06 17:45:32,607 - WARNING - Could not fetch model settings: HTTPSConnectionPool(host='server.sparrow-earth.com', port=443): Max retries exceeded with url: /model_settings (Caused by NameResolutionError("<urllib3.connection.HTTPSConnection object at 0x7fff5fdc5330>: Failed to resolve 'server.sparrow-earth.com' ([Errno -3] Temporary failure in name resolution)"))
2026-02-06 17:46:42,943 - WARNING - Could not fetch model settings: HTTPSConnectionPool(host='server.sparrow-earth.com', port=443): Max retries exceeded with url: /model_settings (Caused by NameResolutionError("<urllib3.connection.HTTPSConnection object at 0x7fff5fdc47f0>: Failed to resolve 'server.sparrow-earth.com' ([Errno -3] Temporary failure in name resolution)"))
2026-02-06 17:47:55,295 - WARNING - Could not fetch model settings: HTTPSConnectionPool(host='server.sparrow-earth.com', port=443): Max retries exceeded with url: /model_settings (Caused by NameResolutionError("<urllib3.connection.HTTPSConnection object at 0x7fff60cdbdf0>: Failed to resolve 'server.sparrow-earth.com' ([Errno -3] Temporary failure in name resolution)"))
2026-02-06 17:49:07,615 - WARNING - Could not fetch model settings: HTTPSConnectionPool(host='server.sparrow-earth.com', port=443): Max retries exceeded with url: /model_settings (Caused by NameResolutionError("<urllib3.connection.HTTPSConnection object at 0x7fff60cdb580>: Failed to resolve 'server.sparrow-earth.com' ([Errno -3] Temporary failure in name resolution)"))
2026-02-06 17:50:19,935 - WARNING - Could not fetch model settings: HTTPSConnectionPool(host='server.sparrow-earth.com', port=443): Max retries exceeded with url: /model_settings (Caused by NameResolutionError("<urllib3.connection.HTTPSConnection object at 0x7fff60cdaa40>: Failed to resolve 'server.sparrow-earth.com' ([Errno -3] Temporary failure in name resolution)"))
2026-02-06 17:51:29,920 - WARNING - Could not fetch model settings: HTTPSConnectionPool(host='server.sparrow-earth.com', port=443): Max retries exceeded with url: /model_settings (Caused by NameResolutionError("<urllib3.connection.HTTPSConnection object at 0x7fff5fdc4f70>: Failed to resolve 'server.sparrow-earth.com' ([Errno -3] Temporary failure in name resolution)"))
2026-02-06 17:52:39,199 - WARNING - Could not fetch model settings: HTTPSConnectionPool(host='server.sparrow-earth.com', port=443): Max retries exceeded with url: /model_settings (Caused by NameResolutionError("<urllib3.connection.HTTPSConnection object at 0x7fff5fdc5780>: Failed to resolve 'server.sparrow-earth.com' ([Errno -3] Temporary failure in name resolution)"))
2026-02-06 17:53:49,535 - WARNING - Could not fetch model settings: HTTPSConnectionPool(host='server.sparrow-earth.com', port=443): Max retries exceeded with url: /model_settings (Caused by NameResolutionError("<urllib3.connection.HTTPSConnection object at 0x7fff60cda7d0>: Failed to resolve 'server.sparrow-earth.com' ([Errno -3] Temporary failure in name resolution)"))
2026-02-06 17:55:00,703 - WARNING - Could not fetch model settings: HTTPSConnectionPool(host='server.sparrow-earth.com', port=443): Max retries exceeded with url: /model_settings (Caused by NameResolutionError("<urllib3.connection.HTTPSConnection object at 0x7fff60cdaf20>: Failed to resolve 'server.sparrow-earth.com' ([Errno -3] Temporary failure in name resolution)"))
2026-02-06 17:56:13,055 - WARNING - Could not fetch model settings: HTTPSConnectionPool(host='server.sparrow-earth.com', port=443): Max retries exceeded with url: /model_settings (Caused by NameResolutionError("<urllib3.connection.HTTPSConnection object at 0x7fff60cdb790>: Failed to resolve 'server.sparrow-earth.com' ([Errno -3] Temporary failure in name resolution)"))
2026-02-06 17:57:25,375 - WARNING - Could not fetch model settings: HTTPSConnectionPool(host='server.sparrow-earth.com', port=443): Max retries exceeded with url: /model_settings (Caused by NameResolutionError("<urllib3.connection.HTTPSConnection object at 0x7fff5fdc50c0>: Failed to resolve 'server.sparrow-earth.com' ([Errno -3] Temporary failure in name resolution)"))
2026-02-06 17:58:36,511 - WARNING - Could not fetch model settings: HTTPSConnectionPool(host='server.sparrow-earth.com', port=443): Max retries exceeded with url: /model_settings (Caused by NameResolutionError("<urllib3.connection.HTTPSConnection object at 0x7fff5fdc4f70>: Failed to resolve 'server.sparrow-earth.com' ([Errno -3] Temporary failure in name resolution)"))
2026-02-06 17:59:46,211 - WARNING - Could not fetch model settings: HTTPSConnectionPool(host='server.sparrow-earth.com', port=443): Max retries exceeded with url: /model_settings (Caused by NameResolutionError("<urllib3.connection.HTTPSConnection object at 0x7fff5fdc64a0>: Failed to resolve 'server.sparrow-earth.com' ([Errno -3] Temporary failure in name resolution)"))
2026-02-06 18:00:57,887 - WARNING - Could not fetch model settings: HTTPSConnectionPool(host='server.sparrow-earth.com', port=443): Max retries exceeded with url: /model_settings (Caused by NameResolutionError("<urllib3.connection.HTTPSConnection object at 0x7fff60cdb2e0>: Failed to resolve 'server.sparrow-earth.com' ([Errno -3] Temporary failure in name resolution)"))
2026-02-06 18:02:10,175 - WARNING - Could not fetch model settings: HTTPSConnectionPool(host='server.sparrow-earth.com', port=443): Max retries exceeded with url: /model_settings (Caused by NameResolutionError("<urllib3.connection.HTTPSConnection object at 0x7fff60cdbe20>: Failed to resolve 'server.sparrow-earth.com' ([Errno -3] Temporary failure in name resolution)"))
2026-02-06 18:03:21,983 - WARNING - Could not fetch model settings: HTTPSConnectionPool(host='server.sparrow-earth.com', port=443): Max retries exceeded with url: /model_settings (Caused by NameResolutionError("<urllib3.connection.HTTPSConnection object at 0x7fff60cdb5b0>: Failed to resolve 'server.sparrow-earth.com' ([Errno -3] Temporary failure in name resolution)"))
2026-02-06 18:04:33,695 - WARNING - Could not fetch model settings: HTTPSConnectionPool(host='server.sparrow-earth.com', port=443): Max retries exceeded with url: /model_settings (Caused by NameResolutionError("<urllib3.connection.HTTPSConnection object at 0x7fff5fdc63b0>: Failed to resolve 'server.sparrow-earth.com' ([Errno -3] Temporary failure in name resolution)"))
2026-02-06 18:05:43,423 - WARNING - Could not fetch model settings: HTTPSConnectionPool(host='server.sparrow-earth.com', port=443): Max retries exceeded with url: /model_settings (Caused by NameResolutionError("<urllib3.connection.HTTPSConnection object at 0x7fff5fdc52d0>: Failed to resolve 'server.sparrow-earth.com' ([Errno -3] Temporary failure in name resolution)"))
2026-02-06 18:06:55,711 - WARNING - Could not fetch model settings: HTTPSConnectionPool(host='server.sparrow-earth.com', port=443): Max retries exceeded with url: /model_settings (Caused by NameResolutionError("<urllib3.connection.HTTPSConnection object at 0x7fff5fdc5a20>: Failed to resolve 'server.sparrow-earth.com' ([Errno -3] Temporary failure in name resolution)"))
2026-02-06 18:08:07,999 - WARNING - Could not fetch model settings: HTTPSConnectionPool(host='server.sparrow-earth.com', port=443): Max retries exceeded with url: /model_settings (Caused by NameResolutionError("<urllib3.connection.HTTPSConnection object at 0x7fff60cdb340>: Failed to resolve 'server.sparrow-earth.com' ([Errno -3] Temporary failure in name resolution)"))
2026-02-06 18:09:20,351 - WARNING - Could not fetch model settings: HTTPSConnectionPool(host='server.sparrow-earth.com', port=443): Max retries exceeded with url: /model_settings (Caused by NameResolutionError("<urllib3.connection.HTTPSConnection object at 0x7fff60cdbeb0>: Failed to resolve 'server.sparrow-earth.com' ([Errno -3] Temporary failure in name resolution)"))
2026-02-06 18:10:30,943 - WARNING - Could not fetch model settings: HTTPSConnectionPool(host='server.sparrow-earth.com', port=443): Max retries exceeded with url: /model_settings (Caused by NameResolutionError("<urllib3.connection.HTTPSConnection object at 0x7fff60cdb970>: Failed to resolve 'server.sparrow-earth.com' ([Errno -3] Temporary failure in name resolution)"))
2026-02-06 18:11:40,223 - WARNING - Could not fetch model settings: HTTPSConnectionPool(host='server.sparrow-earth.com', port=443): Max retries exceeded with url: /model_settings (Caused by NameResolutionError("<urllib3.connection.HTTPSConnection object at 0x7fff5fdc51b0>: Failed to resolve 'server.sparrow-earth.com' ([Errno -3] Temporary failure in name resolution)"))
2026-02-06 18:12:52,159 - WARNING - Could not fetch model settings: HTTPSConnectionPool(host='server.sparrow-earth.com', port=443): Max retries exceeded with url: /model_settings (Caused by NameResolutionError("<urllib3.connection.HTTPSConnection object at 0x7fff5fdc5390>: Failed to resolve 'server.sparrow-earth.com' ([Errno -3] Temporary failure in name resolution)"))
2026-02-06 18:14:04,512 - WARNING - Could not fetch model settings: HTTPSConnectionPool(host='server.sparrow-earth.com', port=443): Max retries exceeded with url: /model_settings (Caused by NameResolutionError("<urllib3.connection.HTTPSConnection object at 0x7fff5fdc5de0>: Failed to resolve 'server.sparrow-earth.com' ([Errno -3] Temporary failure in name resolution)"))
2026-02-06 18:15:16,863 - WARNING - Could not fetch model settings: HTTPSConnectionPool(host='server.sparrow-earth.com', port=443): Max retries exceeded with url: /model_settings (Caused by NameResolutionError("<urllib3.connection.HTTPSConnection object at 0x7fff60cdb8e0>: Failed to resolve 'server.sparrow-earth.com' ([Errno -3] Temporary failure in name resolution)"))
2026-02-06 18:16:29,151 - WARNING - Could not fetch model settings: HTTPSConnectionPool(host='server.sparrow-earth.com', port=443): Max retries exceeded with url: /model_settings (Caused by NameResolutionError("<urllib3.connection.HTTPSConnection object at 0x7fff60cdb070>: Failed to resolve 'server.sparrow-earth.com' ([Errno -3] Temporary failure in name resolution)"))
2026-02-06 18:17:40,607 - WARNING - Could not fetch model settings: HTTPSConnectionPool(host='server.sparrow-earth.com', port=443): Max retries exceeded with url: /model_settings (Caused by NameResolutionError("<urllib3.connection.HTTPSConnection object at 0x7fff60cdac80>: Failed to resolve 'server.sparrow-earth.com' ([Errno -3] Temporary failure in name resolution)"))
2026-02-06 18:18:50,943 - WARNING - Could not fetch model settings: HTTPSConnectionPool(host='server.sparrow-earth.com', port=443): Max retries exceeded with url: /model_settings (Caused by NameResolutionError("<urllib3.connection.HTTPSConnection object at 0x7fff60cd9ae0>: Failed to resolve 'server.sparrow-earth.com' ([Errno -3] Temporary failure in name resolution)"))
2026-02-06 18:20:03,263 - WARNING - Could not fetch model settings: HTTPSConnectionPool(host='server.sparrow-earth.com', port=443): Max retries exceeded with url: /model_settings (Caused by NameResolutionError("<urllib3.connection.HTTPSConnection object at 0x7fff5fdc4a30>: Failed to resolve 'server.sparrow-earth.com' ([Errno -3] Temporary failure in name resolution)"))
2026-02-06 18:21:15,615 - WARNING - Could not fetch model settings: HTTPSConnectionPool(host='server.sparrow-earth.com', port=443): Max retries exceeded with url: /model_settings (Caused by NameResolutionError("<urllib3.connection.HTTPSConnection object at 0x7fff60cd9b70>: Failed to resolve 'server.sparrow-earth.com' ([Errno -3] Temporary failure in name resolution)"))
2026-02-06 18:22:27,967 - WARNING - Could not fetch model settings: HTTPSConnectionPool(host='server.sparrow-earth.com', port=443): Max retries exceeded with url: /model_settings (Caused by NameResolutionError("<urllib3.connection.HTTPSConnection object at 0x7fff60cda9e0>: Failed to resolve 'server.sparrow-earth.com' ([Errno -3] Temporary failure in name resolution)"))
2026-02-06 18:23:40,255 - WARNING - Could not fetch model settings: HTTPSConnectionPool(host='server.sparrow-earth.com', port=443): Max retries exceeded with url: /model_settings (Caused by NameResolutionError("<urllib3.connection.HTTPSConnection object at 0x7fff60cdb940>: Failed to resolve 'server.sparrow-earth.com' ([Errno -3] Temporary failure in name resolution)"))
2026-02-06 18:24:51,295 - WARNING - Could not fetch model settings: HTTPSConnectionPool(host='server.sparrow-earth.com', port=443): Max retries exceeded with url: /model_settings (Caused by NameResolutionError("<urllib3.connection.HTTPSConnection object at 0x7fff60cdbca0>: Failed to resolve 'server.sparrow-earth.com' ([Errno -3] Temporary failure in name resolution)"))
2026-02-06 18:26:02,815 - WARNING - Could not fetch model settings: HTTPSConnectionPool(host='server.sparrow-earth.com', port=443): Max retries exceeded with url: /model_settings (Caused by NameResolutionError("<urllib3.connection.HTTPSConnection object at 0x7fff5fdc49a0>: Failed to resolve 'server.sparrow-earth.com' ([Errno -3] Temporary failure in name resolution)"))
2026-02-06 18:27:15,135 - WARNING - Could not fetch model settings: HTTPSConnectionPool(host='server.sparrow-earth.com', port=443): Max retries exceeded with url: /model_settings (Caused by NameResolutionError("<urllib3.connection.HTTPSConnection object at 0x7fff5fdc5f90>: Failed to resolve 'server.sparrow-earth.com' ([Errno -3] Temporary failure in name resolution)"))
2026-02-06 18:28:27,487 - WARNING - Could not fetch model settings: HTTPSConnectionPool(host='server.sparrow-earth.com', port=443): Max retries exceeded with url: /model_settings (Caused by NameResolutionError("<urllib3.connection.HTTPSConnection object at 0x7fff60cdba90>: Failed to resolve 'server.sparrow-earth.com' ([Errno -3] Temporary failure in name resolution)"))
2026-02-06 18:29:38,239 - WARNING - Could not fetch model settings: HTTPSConnectionPool(host='server.sparrow-earth.com', port=443): Max retries exceeded with url: /model_settings (Caused by NameResolutionError("<urllib3.connection.HTTPSConnection object at 0x7fff60cda710>: Failed to resolve 'server.sparrow-earth.com' ([Errno -3] Temporary failure in name resolution)"))
2026-02-06 18:30:48,575 - WARNING - Could not fetch model settings: HTTPSConnectionPool(host='server.sparrow-earth.com', port=443): Max retries exceeded with url: /model_settings (Caused by NameResolutionError("<urllib3.connection.HTTPSConnection object at 0x7fff60cda740>: Failed to resolve 'server.sparrow-earth.com' ([Errno -3] Temporary failure in name resolution)"))
2026-02-06 18:32:00,863 - WARNING - Could not fetch model settings: HTTPSConnectionPool(host='server.sparrow-earth.com', port=443): Max retries exceeded with url: /model_settings (Caused by NameResolutionError("<urllib3.connection.HTTPSConnection object at 0x7fff60cd9bd0>: Failed to resolve 'server.sparrow-earth.com' ([Errno -3] Temporary failure in name resolution)"))
2026-02-06 18:33:13,151 - WARNING - Could not fetch model settings: HTTPSConnectionPool(host='server.sparrow-earth.com', port=443): Max retries exceeded with url: /model_settings (Caused by NameResolutionError("<urllib3.connection.HTTPSConnection object at 0x7fff5fdc48e0>: Failed to resolve 'server.sparrow-earth.com' ([Errno -3] Temporary failure in name resolution)"))
2026-02-06 18:34:25,471 - WARNING - Could not fetch model settings: HTTPSConnectionPool(host='server.sparrow-earth.com', port=443): Max retries exceeded with url: /model_settings (Caused by NameResolutionError("<urllib3.connection.HTTPSConnection object at 0x7fff5fdc51b0>: Failed to resolve 'server.sparrow-earth.com' ([Errno -3] Temporary failure in name resolution)"))
2026-02-06 18:35:35,551 - WARNING - Could not fetch model settings: HTTPSConnectionPool(host='server.sparrow-earth.com', port=443): Max retries exceeded with url: /model_settings (Caused by NameResolutionError("<urllib3.connection.HTTPSConnection object at 0x7fff60cda410>: Failed to resolve 'server.sparrow-earth.com' ([Errno -3] Temporary failure in name resolution)"))
2026-02-06 18:36:44,831 - WARNING - Could not fetch model settings: HTTPSConnectionPool(host='server.sparrow-earth.com', port=443): Max retries exceeded with url: /model_settings (Caused by NameResolutionError("<urllib3.connection.HTTPSConnection object at 0x7fff60cdac20>: Failed to resolve 'server.sparrow-earth.com' ([Errno -3] Temporary failure in name resolution)"))
2026-02-06 18:37:55,167 - WARNING - Could not fetch model settings: HTTPSConnectionPool(host='server.sparrow-earth.com', port=443): Max retries exceeded with url: /model_settings (Caused by NameResolutionError("<urllib3.connection.HTTPSConnection object at 0x7fff60cda8c0>: Failed to resolve 'server.sparrow-earth.com' ([Errno -3] Temporary failure in name resolution)"))
2026-02-06 18:39:07,487 - WARNING - Could not fetch model settings: HTTPSConnectionPool(host='server.sparrow-earth.com', port=443): Max retries exceeded with url: /model_settings (Caused by NameResolutionError("<urllib3.connection.HTTPSConnection object at 0x7fff60cdbc40>: Failed to resolve 'server.sparrow-earth.com' ([Errno -3] Temporary failure in name resolution)"))
2026-02-06 18:40:19,807 - WARNING - Could not fetch model settings: HTTPSConnectionPool(host='server.sparrow-earth.com', port=443): Max retries exceeded with url: /model_settings (Caused by NameResolutionError("<urllib3.connection.HTTPSConnection object at 0x7fff5fdc4610>: Failed to resolve 'server.sparrow-earth.com' ([Errno -3] Temporary failure in name resolution)"))
2026-02-06 18:41:32,127 - WARNING - Could not fetch model settings: HTTPSConnectionPool(host='server.sparrow-earth.com', port=443): Max retries exceeded with url: /model_settings (Caused by NameResolutionError("<urllib3.connection.HTTPSConnection object at 0x7fff60cdb7c0>: Failed to resolve 'server.sparrow-earth.com' ([Errno -3] Temporary failure in name resolution)"))
2026-02-06 18:42:42,143 - WARNING - Could not fetch model settings: HTTPSConnectionPool(host='server.sparrow-earth.com', port=443): Max retries exceeded with url: /model_settings (Caused by NameResolutionError("<urllib3.connection.HTTPSConnection object at 0x7fff60cdbe50>: Failed to resolve 'server.sparrow-earth.com' ([Errno -3] Temporary failure in name resolution)"))
2026-02-06 18:43:52,479 - WARNING - Could not fetch model settings: HTTPSConnectionPool(host='server.sparrow-earth.com', port=443): Max retries exceeded with url: /model_settings (Caused by NameResolutionError("<urllib3.connection.HTTPSConnection object at 0x7fff60cdacb0>: Failed to resolve 'server.sparrow-earth.com' ([Errno -3] Temporary failure in name resolution)"))
2026-02-06 18:45:04,799 - WARNING - Could not fetch model settings: HTTPSConnectionPool(host='server.sparrow-earth.com', port=443): Max retries exceeded with url: /model_settings (Caused by NameResolutionError("<urllib3.connection.HTTPSConnection object at 0x7fff60cda3e0>: Failed to resolve 'server.sparrow-earth.com' ([Errno -3] Temporary failure in name resolution)"))
2026-02-06 18:46:14,495 - WARNING - Could not fetch model settings: HTTPSConnectionPool(host='server.sparrow-earth.com', port=443): Max retries exceeded with url: /model_settings (Caused by NameResolutionError("<urllib3.connection.HTTPSConnection object at 0x7fff5fdc4670>: Failed to resolve 'server.sparrow-earth.com' ([Errno -3] Temporary failure in name resolution)"))
2026-02-06 18:47:26,815 - WARNING - Could not fetch model settings: HTTPSConnectionPool(host='server.sparrow-earth.com', port=443): Max retries exceeded with url: /model_settings (Caused by NameResolutionError("<urllib3.connection.HTTPSConnection object at 0x7fff5fdc4280>: Failed to resolve 'server.sparrow-earth.com' ([Errno -3] Temporary failure in name resolution)"))
2026-02-06 18:48:36,735 - WARNING - Could not fetch model settings: HTTPSConnectionPool(host='server.sparrow-earth.com', port=443): Max retries exceeded with url: /model_settings (Caused by NameResolutionError("<urllib3.connection.HTTPSConnection object at 0x7fff60cd9b40>: Failed to resolve 'server.sparrow-earth.com' ([Errno -3] Temporary failure in name resolution)"))
2026-02-06 18:49:46,719 - WARNING - Could not fetch model settings: HTTPSConnectionPool(host='server.sparrow-earth.com', port=443): Max retries exceeded with url: /model_settings (Caused by NameResolutionError("<urllib3.connection.HTTPSConnection object at 0x7fff60cda9e0>: Failed to resolve 'server.sparrow-earth.com' ([Errno -3] Temporary failure in name resolution)"))
2026-02-06 18:50:59,039 - WARNING - Could not fetch model settings: HTTPSConnectionPool(host='server.sparrow-earth.com', port=443): Max retries exceeded with url: /model_settings (Caused by NameResolutionError("<urllib3.connection.HTTPSConnection object at 0x7fff60cdb940>: Failed to resolve 'server.sparrow-earth.com' ([Errno -3] Temporary failure in name resolution)"))
2026-02-06 18:52:11,327 - WARNING - Could not fetch model settings: HTTPSConnectionPool(host='server.sparrow-earth.com', port=443): Max retries exceeded with url: /model_settings (Caused by NameResolutionError("<urllib3.connection.HTTPSConnection object at 0x7fff60cdbca0>: Failed to resolve 'server.sparrow-earth.com' ([Errno -3] Temporary failure in name resolution)"))
2026-02-06 18:53:23,679 - WARNING - Could not fetch model settings: HTTPSConnectionPool(host='server.sparrow-earth.com', port=443): Max retries exceeded with url: /model_settings (Caused by NameResolutionError("<urllib3.connection.HTTPSConnection object at 0x7fff5fdc5930>: Failed to resolve 'server.sparrow-earth.com' ([Errno -3] Temporary failure in name resolution)"))
2026-02-06 18:54:33,663 - WARNING - Could not fetch model settings: HTTPSConnectionPool(host='server.sparrow-earth.com', port=443): Max retries exceeded with url: /model_settings (Caused by NameResolutionError("<urllib3.connection.HTTPSConnection object at 0x7fff5fdc4c10>: Failed to resolve 'server.sparrow-earth.com' ([Errno -3] Temporary failure in name resolution)"))
2026-02-06 18:55:45,120 - WARNING - Could not fetch model settings: HTTPSConnectionPool(host='server.sparrow-earth.com', port=443): Max retries exceeded with url: /model_settings (Caused by NameResolutionError("<urllib3.connection.HTTPSConnection object at 0x7fff60cdb1c0>: Failed to resolve 'server.sparrow-earth.com' ([Errno -3] Temporary failure in name resolution)"))
2026-02-06 18:56:56,351 - WARNING - Could not fetch model settings: HTTPSConnectionPool(host='server.sparrow-earth.com', port=443): Max retries exceeded with url: /model_settings (Caused by NameResolutionError("<urllib3.connection.HTTPSConnection object at 0x7fff60cda950>: Failed to resolve 'server.sparrow-earth.com' ([Errno -3] Temporary failure in name resolution)"))
2026-02-06 18:58:08,703 - WARNING - Could not fetch model settings: HTTPSConnectionPool(host='server.sparrow-earth.com', port=443): Max retries exceeded with url: /model_settings (Caused by NameResolutionError("<urllib3.connection.HTTPSConnection object at 0x7fff60cdae00>: Failed to resolve 'server.sparrow-earth.com' ([Errno -3] Temporary failure in name resolution)"))
2026-02-06 18:59:20,991 - WARNING - Could not fetch model settings: HTTPSConnectionPool(host='server.sparrow-earth.com', port=443): Max retries exceeded with url: /model_settings (Caused by NameResolutionError("<urllib3.connection.HTTPSConnection object at 0x7fff60cd9ab0>: Failed to resolve 'server.sparrow-earth.com' ([Errno -3] Temporary failure in name resolution)"))
2026-02-06 19:00:33,312 - WARNING - Could not fetch model settings: HTTPSConnectionPool(host='server.sparrow-earth.com', port=443): Max retries exceeded with url: /model_settings (Caused by NameResolutionError("<urllib3.connection.HTTPSConnection object at 0x7fff5fdc65c0>: Failed to resolve 'server.sparrow-earth.com' ([Errno -3] Temporary failure in name resolution)"))
2026-02-06 19:01:43,295 - WARNING - Could not fetch model settings: HTTPSConnectionPool(host='server.sparrow-earth.com', port=443): Max retries exceeded with url: /model_settings (Caused by NameResolutionError("<urllib3.connection.HTTPSConnection object at 0x7fff60cda440>: Failed to resolve 'server.sparrow-earth.com' ([Errno -3] Temporary failure in name resolution)"))
2026-02-06 19:02:53,631 - WARNING - Could not fetch model settings: HTTPSConnectionPool(host='server.sparrow-earth.com', port=443): Max retries exceeded with url: /model_settings (Caused by NameResolutionError("<urllib3.connection.HTTPSConnection object at 0x7fff60cdae60>: Failed to resolve 'server.sparrow-earth.com' ([Errno -3] Temporary failure in name resolution)"))
2026-02-06 19:04:05,983 - WARNING - Could not fetch model settings: HTTPSConnectionPool(host='server.sparrow-earth.com', port=443): Max retries exceeded with url: /model_settings (Caused by NameResolutionError("<urllib3.connection.HTTPSConnection object at 0x7fff60cdbeb0>: Failed to resolve 'server.sparrow-earth.com' ([Errno -3] Temporary failure in name resolution)"))
2026-02-06 19:05:18,335 - WARNING - Could not fetch model settings: HTTPSConnectionPool(host='server.sparrow-earth.com', port=443): Max retries exceeded with url: /model_settings (Caused by NameResolutionError("<urllib3.connection.HTTPSConnection object at 0x7fff60cdb970>: Failed to resolve 'server.sparrow-earth.com' ([Errno -3] Temporary failure in name resolution)"))
2026-02-06 19:06:30,623 - WARNING - Could not fetch model settings: HTTPSConnectionPool(host='server.sparrow-earth.com', port=443): Max retries exceeded with url: /model_settings (Caused by NameResolutionError("<urllib3.connection.HTTPSConnection object at 0x7fff5fdc65c0>: Failed to resolve 'server.sparrow-earth.com' ([Errno -3] Temporary failure in name resolution)"))
2026-02-06 19:07:40,576 - WARNING - Could not fetch model settings: HTTPSConnectionPool(host='server.sparrow-earth.com', port=443): Max retries exceeded with url: /model_settings (Caused by NameResolutionError("<urllib3.connection.HTTPSConnection object at 0x7fff5fdc68f0>: Failed to resolve 'server.sparrow-earth.com' ([Errno -3] Temporary failure in name resolution)"))
2026-02-06 19:08:50,911 - WARNING - Could not fetch model settings: HTTPSConnectionPool(host='server.sparrow-earth.com', port=443): Max retries exceeded with url: /model_settings (Caused by NameResolutionError("<urllib3.connection.HTTPSConnection object at 0x7fff60cdb550>: Failed to resolve 'server.sparrow-earth.com' ([Errno -3] Temporary failure in name resolution)"))
2026-02-06 19:10:03,231 - WARNING - Could not fetch model settings: HTTPSConnectionPool(host='server.sparrow-earth.com', port=443): Max retries exceeded with url: /model_settings (Caused by NameResolutionError("<urllib3.connection.HTTPSConnection object at 0x7fff60cda8f0>: Failed to resolve 'server.sparrow-earth.com' ([Errno -3] Temporary failure in name resolution)"))
2026-02-06 19:11:15,583 - WARNING - Could not fetch model settings: HTTPSConnectionPool(host='server.sparrow-earth.com', port=443): Max retries exceeded with url: /model_settings (Caused by NameResolutionError("<urllib3.connection.HTTPSConnection object at 0x7fff60cd9c30>: Failed to resolve 'server.sparrow-earth.com' ([Errno -3] Temporary failure in name resolution)"))
2026-02-06 19:12:27,871 - WARNING - Could not fetch model settings: HTTPSConnectionPool(host='server.sparrow-earth.com', port=443): Max retries exceeded with url: /model_settings (Caused by NameResolutionError("<urllib3.connection.HTTPSConnection object at 0x7fff60cdbf10>: Failed to resolve 'server.sparrow-earth.com' ([Errno -3] Temporary failure in name resolution)"))
2026-02-06 19:13:38,431 - WARNING - Could not fetch model settings: HTTPSConnectionPool(host='server.sparrow-earth.com', port=443): Max retries exceeded with url: /model_settings (Caused by NameResolutionError("<urllib3.connection.HTTPSConnection object at 0x7fff5fdc6200>: Failed to resolve 'server.sparrow-earth.com' ([Errno -3] Temporary failure in name resolution)"))
2026-02-06 19:14:48,223 - WARNING - Could not fetch model settings: HTTPSConnectionPool(host='server.sparrow-earth.com', port=443): Max retries exceeded with url: /model_settings (Caused by NameResolutionError("<urllib3.connection.HTTPSConnection object at 0x7fff60cd9c00>: Failed to resolve 'server.sparrow-earth.com' ([Errno -3] Temporary failure in name resolution)"))
2026-02-06 19:16:00,543 - WARNING - Could not fetch model settings: HTTPSConnectionPool(host='server.sparrow-earth.com', port=443): Max retries exceeded with url: /model_settings (Caused by NameResolutionError("<urllib3.connection.HTTPSConnection object at 0x7fff60cda7a0>: Failed to resolve 'server.sparrow-earth.com' ([Errno -3] Temporary failure in name resolution)"))
2026-02-06 19:17:12,895 - WARNING - Could not fetch model settings: HTTPSConnectionPool(host='server.sparrow-earth.com', port=443): Max retries exceeded with url: /model_settings (Caused by NameResolutionError("<urllib3.connection.HTTPSConnection object at 0x7fff60cdb3d0>: Failed to resolve 'server.sparrow-earth.com' ([Errno -3] Temporary failure in name resolution)"))
2026-02-06 19:18:25,247 - WARNING - Could not fetch model settings: HTTPSConnectionPool(host='server.sparrow-earth.com', port=443): Max retries exceeded with url: /model_settings (Caused by NameResolutionError("<urllib3.connection.HTTPSConnection object at 0x7fff60cdbd90>: Failed to resolve 'server.sparrow-earth.com' ([Errno -3] Temporary failure in name resolution)"))
2026-02-06 19:19:35,167 - WARNING - Could not fetch model settings: HTTPSConnectionPool(host='server.sparrow-earth.com', port=443): Max retries exceeded with url: /model_settings (Caused by NameResolutionError("<urllib3.connection.HTTPSConnection object at 0x7fff5fdc54e0>: Failed to resolve 'server.sparrow-earth.com' ([Errno -3] Temporary failure in name resolution)"))
2026-02-06 19:20:44,448 - WARNING - Could not fetch model settings: HTTPSConnectionPool(host='server.sparrow-earth.com', port=443): Max retries exceeded with url: /model_settings (Caused by NameResolutionError("<urllib3.connection.HTTPSConnection object at 0x7fff5fdc71c0>: Failed to resolve 'server.sparrow-earth.com' ([Errno -3] Temporary failure in name resolution)"))
2026-02-06 19:21:54,783 - WARNING - Could not fetch model settings: HTTPSConnectionPool(host='server.sparrow-earth.com', port=443): Max retries exceeded with url: /model_settings (Caused by NameResolutionError("<urllib3.connection.HTTPSConnection object at 0x7fff60cdb700>: Failed to resolve 'server.sparrow-earth.com' ([Errno -3] Temporary failure in name resolution)"))
2026-02-06 19:23:07,135 - WARNING - Could not fetch model settings: HTTPSConnectionPool(host='server.sparrow-earth.com', port=443): Max retries exceeded with url: /model_settings (Caused by NameResolutionError("<urllib3.connection.HTTPSConnection object at 0x7fff60cdb8b0>: Failed to resolve 'server.sparrow-earth.com' ([Errno -3] Temporary failure in name resolution)"))
2026-02-06 19:24:19,487 - WARNING - Could not fetch model settings: HTTPSConnectionPool(host='server.sparrow-earth.com', port=443): Max retries exceeded with url: /model_settings (Caused by NameResolutionError("<urllib3.connection.HTTPSConnection object at 0x7fff60cdace0>: Failed to resolve 'server.sparrow-earth.com' ([Errno -3] Temporary failure in name resolution)"))
2026-02-06 19:25:31,839 - WARNING - Could not fetch model settings: HTTPSConnectionPool(host='server.sparrow-earth.com', port=443): Max retries exceeded with url: /model_settings (Caused by NameResolutionError("<urllib3.connection.HTTPSConnection object at 0x7fff60cda4d0>: Failed to resolve 'server.sparrow-earth.com' ([Errno -3] Temporary failure in name resolution)"))
2026-02-06 19:26:41,727 - WARNING - Could not fetch model settings: HTTPSConnectionPool(host='server.sparrow-earth.com', port=443): Max retries exceeded with url: /model_settings (Caused by NameResolutionError("<urllib3.connection.HTTPSConnection object at 0x7fff5fdc6b30>: Failed to resolve 'server.sparrow-earth.com' ([Errno -3] Temporary failure in name resolution)"))
2026-02-06 19:27:52,063 - WARNING - Could not fetch model settings: HTTPSConnectionPool(host='server.sparrow-earth.com', port=443): Max retries exceeded with url: /model_settings (Caused by NameResolutionError("<urllib3.connection.HTTPSConnection object at 0x7fff60cda3e0>: Failed to resolve 'server.sparrow-earth.com' ([Errno -3] Temporary failure in name resolution)"))
2026-02-06 19:29:03,327 - WARNING - Could not fetch model settings: HTTPSConnectionPool(host='server.sparrow-earth.com', port=443): Max retries exceeded with url: /model_settings (Caused by NameResolutionError("<urllib3.connection.HTTPSConnection object at 0x7fff60cda680>: Failed to resolve 'server.sparrow-earth.com' ([Errno -3] Temporary failure in name resolution)"))
2026-02-06 19:30:15,647 - WARNING - Could not fetch model settings: HTTPSConnectionPool(host='server.sparrow-earth.com', port=443): Max retries exceeded with url: /model_settings (Caused by NameResolutionError("<urllib3.connection.HTTPSConnection object at 0x7fff60cdb0a0>: Failed to resolve 'server.sparrow-earth.com' ([Errno -3] Temporary failure in name resolution)"))
2026-02-06 19:31:27,999 - WARNING - Could not fetch model settings: HTTPSConnectionPool(host='server.sparrow-earth.com', port=443): Max retries exceeded with url: /model_settings (Caused by NameResolutionError("<urllib3.connection.HTTPSConnection object at 0x7fff60cdba90>: Failed to resolve 'server.sparrow-earth.com' ([Errno -3] Temporary failure in name resolution)"))
2026-02-06 19:32:39,007 - WARNING - Could not fetch model settings: HTTPSConnectionPool(host='server.sparrow-earth.com', port=443): Max retries exceeded with url: /model_settings (Caused by NameResolutionError("<urllib3.connection.HTTPSConnection object at 0x7fff5fdc72e0>: Failed to resolve 'server.sparrow-earth.com' ([Errno -3] Temporary failure in name resolution)"))
2026-02-06 19:33:50,624 - WARNING - Could not fetch model settings: HTTPSConnectionPool(host='server.sparrow-earth.com', port=443): Max retries exceeded with url: /model_settings (Caused by NameResolutionError("<urllib3.connection.HTTPSConnection object at 0x7fff5fdc7ac0>: Failed to resolve 'server.sparrow-earth.com' ([Errno -3] Temporary failure in name resolution)"))
2026-02-06 19:35:02,943 - WARNING - Could not fetch model settings: HTTPSConnectionPool(host='server.sparrow-earth.com', port=443): Max retries exceeded with url: /model_settings (Caused by NameResolutionError("<urllib3.connection.HTTPSConnection object at 0x7fff60cdb1c0>: Failed to resolve 'server.sparrow-earth.com' ([Errno -3] Temporary failure in name resolution)"))
2026-02-06 19:36:12,767 - WARNING - Could not fetch model settings: HTTPSConnectionPool(host='server.sparrow-earth.com', port=443): Max retries exceeded with url: /model_settings (Caused by NameResolutionError("<urllib3.connection.HTTPSConnection object at 0x7fff60cda950>: Failed to resolve 'server.sparrow-earth.com' ([Errno -3] Temporary failure in name resolution)"))
2026-02-06 19:37:25,119 - WARNING - Could not fetch model settings: HTTPSConnectionPool(host='server.sparrow-earth.com', port=443): Max retries exceeded with url: /model_settings (Caused by NameResolutionError("<urllib3.connection.HTTPSConnection object at 0x7fff60cda6e0>: Failed to resolve 'server.sparrow-earth.com' ([Errno -3] Temporary failure in name resolution)"))
2026-02-06 19:38:36,287 - WARNING - Could not fetch model settings: HTTPSConnectionPool(host='server.sparrow-earth.com', port=443): Max retries exceeded with url: /model_settings (Caused by NameResolutionError("<urllib3.connection.HTTPSConnection object at 0x7fff60cda260>: Failed to resolve 'server.sparrow-earth.com' ([Errno -3] Temporary failure in name resolution)"))
2026-02-06 19:39:45,567 - WARNING - Could not fetch model settings: HTTPSConnectionPool(host='server.sparrow-earth.com', port=443): Max retries exceeded with url: /model_settings (Caused by NameResolutionError("<urllib3.connection.HTTPSConnection object at 0x7fff5fdc7610>: Failed to resolve 'server.sparrow-earth.com' ([Errno -3] Temporary failure in name resolution)"))
2026-02-06 19:40:55,903 - WARNING - Could not fetch model settings: HTTPSConnectionPool(host='server.sparrow-earth.com', port=443): Max retries exceeded with url: /model_settings (Caused by NameResolutionError("<urllib3.connection.HTTPSConnection object at 0x7fff60cd9c60>: Failed to resolve 'server.sparrow-earth.com' ([Errno -3] Temporary failure in name resolution)"))
2026-02-06 19:42:08,223 - WARNING - Could not fetch model settings: HTTPSConnectionPool(host='server.sparrow-earth.com', port=443): Max retries exceeded with url: /model_settings (Caused by NameResolutionError("<urllib3.connection.HTTPSConnection object at 0x7fff60cd9d20>: Failed to resolve 'server.sparrow-earth.com' ([Errno -3] Temporary failure in name resolution)"))
2026-02-06 19:43:20,575 - WARNING - Could not fetch model settings: HTTPSConnectionPool(host='server.sparrow-earth.com', port=443): Max retries exceeded with url: /model_settings (Caused by NameResolutionError("<urllib3.connection.HTTPSConnection object at 0x7fff60cd97e0>: Failed to resolve 'server.sparrow-earth.com' ([Errno -3] Temporary failure in name resolution)"))
2026-02-06 19:44:32,895 - WARNING - Could not fetch model settings: HTTPSConnectionPool(host='server.sparrow-earth.com', port=443): Max retries exceeded with url: /model_settings (Caused by NameResolutionError("<urllib3.connection.HTTPSConnection object at 0x7fff60cdb340>: Failed to resolve 'server.sparrow-earth.com' ([Errno -3] Temporary failure in name resolution)"))
2026-02-06 19:45:42,847 - WARNING - Could not fetch model settings: HTTPSConnectionPool(host='server.sparrow-earth.com', port=443): Max retries exceeded with url: /model_settings (Caused by NameResolutionError("<urllib3.connection.HTTPSConnection object at 0x7fff5fdc7580>: Failed to resolve 'server.sparrow-earth.com' ([Errno -3] Temporary failure in name resolution)"))
2026-02-06 19:46:53,183 - WARNING - Could not fetch model settings: HTTPSConnectionPool(host='server.sparrow-earth.com', port=443): Max retries exceeded with url: /model_settings (Caused by NameResolutionError("<urllib3.connection.HTTPSConnection object at 0x7fff5fdc6230>: Failed to resolve 'server.sparrow-earth.com' ([Errno -3] Temporary failure in name resolution)"))
2026-02-06 19:48:05,503 - WARNING - Could not fetch model settings: HTTPSConnectionPool(host='server.sparrow-earth.com', port=443): Max retries exceeded with url: /model_settings (Caused by NameResolutionError("<urllib3.connection.HTTPSConnection object at 0x7fff60cdac80>: Failed to resolve 'server.sparrow-earth.com' ([Errno -3] Temporary failure in name resolution)"))
2026-02-06 19:49:17,823 - WARNING - Could not fetch model settings: HTTPSConnectionPool(host='server.sparrow-earth.com', port=443): Max retries exceeded with url: /model_settings (Caused by NameResolutionError("<urllib3.connection.HTTPSConnection object at 0x7fff60cda320>: Failed to resolve 'server.sparrow-earth.com' ([Errno -3] Temporary failure in name resolution)"))
2026-02-06 19:50:30,175 - WARNING - Could not fetch model settings: HTTPSConnectionPool(host='server.sparrow-earth.com', port=443): Max retries exceeded with url: /model_settings (Caused by NameResolutionError("<urllib3.connection.HTTPSConnection object at 0x7fff60cd9de0>: Failed to resolve 'server.sparrow-earth.com' ([Errno -3] Temporary failure in name resolution)"))
2026-02-06 19:51:40,159 - WARNING - Could not fetch model settings: HTTPSConnectionPool(host='server.sparrow-earth.com', port=443): Max retries exceeded with url: /model_settings (Caused by NameResolutionError("<urllib3.connection.HTTPSConnection object at 0x7fff60cda440>: Failed to resolve 'server.sparrow-earth.com' ([Errno -3] Temporary failure in name resolution)"))
2026-02-06 19:52:50,496 - WARNING - Could not fetch model settings: HTTPSConnectionPool(host='server.sparrow-earth.com', port=443): Max retries exceeded with url: /model_settings (Caused by NameResolutionError("<urllib3.connection.HTTPSConnection object at 0x7fff5fdc5030>: Failed to resolve 'server.sparrow-earth.com' ([Errno -3] Temporary failure in name resolution)"))
2026-02-06 19:54:02,783 - WARNING - Could not fetch model settings: HTTPSConnectionPool(host='server.sparrow-earth.com', port=443): Max retries exceeded with url: /model_settings (Caused by NameResolutionError("<urllib3.connection.HTTPSConnection object at 0x7fff5fdc44c0>: Failed to resolve 'server.sparrow-earth.com' ([Errno -3] Temporary failure in name resolution)"))
2026-02-06 19:55:15,103 - WARNING - Could not fetch model settings: HTTPSConnectionPool(host='server.sparrow-earth.com', port=443): Max retries exceeded with url: /model_settings (Caused by NameResolutionError("<urllib3.connection.HTTPSConnection object at 0x7fff60cdbf10>: Failed to resolve 'server.sparrow-earth.com' ([Errno -3] Temporary failure in name resolution)"))
2026-02-06 19:56:27,423 - WARNING - Could not fetch model settings: HTTPSConnectionPool(host='server.sparrow-earth.com', port=443): Max retries exceeded with url: /model_settings (Caused by NameResolutionError("<urllib3.connection.HTTPSConnection object at 0x7fff60cd98a0>: Failed to resolve 'server.sparrow-earth.com' ([Errno -3] Temporary failure in name resolution)"))
2026-02-06 19:57:36,703 - WARNING - Could not fetch model settings: HTTPSConnectionPool(host='server.sparrow-earth.com', port=443): Max retries exceeded with url: /model_settings (Caused by NameResolutionError("<urllib3.connection.HTTPSConnection object at 0x7fff60cda4a0>: Failed to resolve 'server.sparrow-earth.com' ([Errno -3] Temporary failure in name resolution)"))
2026-02-06 19:58:46,719 - WARNING - Could not fetch model settings: HTTPSConnectionPool(host='server.sparrow-earth.com', port=443): Max retries exceeded with url: /model_settings (Caused by NameResolutionError("<urllib3.connection.HTTPSConnection object at 0x7fff60cdbdc0>: Failed to resolve 'server.sparrow-earth.com' ([Errno -3] Temporary failure in name resolution)"))
2026-02-06 19:59:55,999 - WARNING - Could not fetch model settings: HTTPSConnectionPool(host='server.sparrow-earth.com', port=443): Max retries exceeded with url: /model_settings (Caused by NameResolutionError("<urllib3.connection.HTTPSConnection object at 0x7fff5fdc6860>: Failed to resolve 'server.sparrow-earth.com' ([Errno -3] Temporary failure in name resolution)"))
2026-02-06 20:01:08,351 - WARNING - Could not fetch model settings: HTTPSConnectionPool(host='server.sparrow-earth.com', port=443): Max retries exceeded with url: /model_settings (Caused by NameResolutionError("<urllib3.connection.HTTPSConnection object at 0x7fff60cdafe0>: Failed to resolve 'server.sparrow-earth.com' ([Errno -3] Temporary failure in name resolution)"))
2026-02-06 20:02:20,671 - WARNING - Could not fetch model settings: HTTPSConnectionPool(host='server.sparrow-earth.com', port=443): Max retries exceeded with url: /model_settings (Caused by NameResolutionError("<urllib3.connection.HTTPSConnection object at 0x7fff60cdb7c0>: Failed to resolve 'server.sparrow-earth.com' ([Errno -3] Temporary failure in name resolution)"))
2026-02-06 20:03:32,991 - WARNING - Could not fetch model settings: HTTPSConnectionPool(host='server.sparrow-earth.com', port=443): Max retries exceeded with url: /model_settings (Caused by NameResolutionError("<urllib3.connection.HTTPSConnection object at 0x7fff60cda650>: Failed to resolve 'server.sparrow-earth.com' ([Errno -3] Temporary failure in name resolution)"))
2026-02-06 20:04:42,271 - WARNING - Could not fetch model settings: HTTPSConnectionPool(host='server.sparrow-earth.com', port=443): Max retries exceeded with url: /model_settings (Caused by NameResolutionError("<urllib3.connection.HTTPSConnection object at 0x7fff60cda530>: Failed to resolve 'server.sparrow-earth.com' ([Errno -3] Temporary failure in name resolution)"))
2026-02-06 20:05:54,028 - WARNING - Could not fetch model settings: HTTPSConnectionPool(host='server.sparrow-earth.com', port=443): Max retries exceeded with url: /model_settings (Caused by NameResolutionError("<urllib3.connection.HTTPSConnection object at 0x7fff5fdc5b70>: Failed to resolve 'server.sparrow-earth.com' ([Errno -3] Temporary failure in name resolution)"))
2026-02-06 20:07:09,689 - WARNING - Could not fetch model settings: HTTPSConnectionPool(host='server.sparrow-earth.com', port=443): Max retries exceeded with url: /model_settings (Caused by NameResolutionError("<urllib3.connection.HTTPSConnection object at 0x7fff5fdc5780>: Failed to resolve 'server.sparrow-earth.com' ([Errno -3] Temporary failure in name resolution)"))
2026-02-06 20:08:22,015 - WARNING - Could not fetch model settings: HTTPSConnectionPool(host='server.sparrow-earth.com', port=443): Max retries exceeded with url: /model_settings (Caused by NameResolutionError("<urllib3.connection.HTTPSConnection object at 0x7fff60cda4d0>: Failed to resolve 'server.sparrow-earth.com' ([Errno -3] Temporary failure in name resolution)"))
2026-02-06 20:09:31,775 - WARNING - Could not fetch model settings: HTTPSConnectionPool(host='server.sparrow-earth.com', port=443): Max retries exceeded with url: /model_settings (Caused by NameResolutionError("<urllib3.connection.HTTPSConnection object at 0x7fff60cdab90>: Failed to resolve 'server.sparrow-earth.com' ([Errno -3] Temporary failure in name resolution)"))
2026-02-06 20:10:43,487 - WARNING - Could not fetch model settings: HTTPSConnectionPool(host='server.sparrow-earth.com', port=443): Max retries exceeded with url: /model_settings (Caused by NameResolutionError("<urllib3.connection.HTTPSConnection object at 0x7fff60cda3b0>: Failed to resolve 'server.sparrow-earth.com' ([Errno -3] Temporary failure in name resolution)"))
2026-02-06 20:11:56,857 - WARNING - Could not fetch model settings: HTTPSConnectionPool(host='server.sparrow-earth.com', port=443): Max retries exceeded with url: /model_settings (Caused by NameResolutionError("<urllib3.connection.HTTPSConnection object at 0x7fff60cda6b0>: Failed to resolve 'server.sparrow-earth.com' ([Errno -3] Temporary failure in name resolution)"))
2026-02-06 20:13:07,967 - WARNING - Could not fetch model settings: HTTPSConnectionPool(host='server.sparrow-earth.com', port=443): Max retries exceeded with url: /model_settings (Caused by NameResolutionError("<urllib3.connection.HTTPSConnection object at 0x7fff5fdc4970>: Failed to resolve 'server.sparrow-earth.com' ([Errno -3] Temporary failure in name resolution)"))
2026-02-06 20:14:20,319 - WARNING - Could not fetch model settings: HTTPSConnectionPool(host='server.sparrow-earth.com', port=443): Max retries exceeded with url: /model_settings (Caused by NameResolutionError("<urllib3.connection.HTTPSConnection object at 0x7fff5fdc7040>: Failed to resolve 'server.sparrow-earth.com' ([Errno -3] Temporary failure in name resolution)"))
2026-02-06 20:15:32,671 - WARNING - Could not fetch model settings: HTTPSConnectionPool(host='server.sparrow-earth.com', port=443): Max retries exceeded with url: /model_settings (Caused by NameResolutionError("<urllib3.connection.HTTPSConnection object at 0x7fff60cdb640>: Failed to resolve 'server.sparrow-earth.com' ([Errno -3] Temporary failure in name resolution)"))
2026-02-06 20:16:44,735 - WARNING - Could not fetch model settings: HTTPSConnectionPool(host='server.sparrow-earth.com', port=443): Max retries exceeded with url: /model_settings (Caused by NameResolutionError("<urllib3.connection.HTTPSConnection object at 0x7fff60cdbac0>: Failed to resolve 'server.sparrow-earth.com' ([Errno -3] Temporary failure in name resolution)"))
2026-02-06 20:17:56,735 - WARNING - Could not fetch model settings: HTTPSConnectionPool(host='server.sparrow-earth.com', port=443): Max retries exceeded with url: /model_settings (Caused by NameResolutionError("<urllib3.connection.HTTPSConnection object at 0x7fff60cdb160>: Failed to resolve 'server.sparrow-earth.com' ([Errno -3] Temporary failure in name resolution)"))
2026-02-06 20:19:07,167 - WARNING - Could not fetch model settings: HTTPSConnectionPool(host='server.sparrow-earth.com', port=443): Max retries exceeded with url: /model_settings (Caused by NameResolutionError("<urllib3.connection.HTTPSConnection object at 0x7fff60cdacb0>: Failed to resolve 'server.sparrow-earth.com' ([Errno -3] Temporary failure in name resolution)"))
2026-02-06 20:20:19,455 - WARNING - Could not fetch model settings: HTTPSConnectionPool(host='server.sparrow-earth.com', port=443): Max retries exceeded with url: /model_settings (Caused by NameResolutionError("<urllib3.connection.HTTPSConnection object at 0x7fff5fdc5630>: Failed to resolve 'server.sparrow-earth.com' ([Errno -3] Temporary failure in name resolution)"))
2026-02-06 20:21:31,391 - WARNING - Could not fetch model settings: HTTPSConnectionPool(host='server.sparrow-earth.com', port=443): Max retries exceeded with url: /model_settings (Caused by NameResolutionError("<urllib3.connection.HTTPSConnection object at 0x7fff60cd9930>: Failed to resolve 'server.sparrow-earth.com' ([Errno -3] Temporary failure in name resolution)"))
2026-02-06 20:22:42,047 - WARNING - Could not fetch model settings: HTTPSConnectionPool(host='server.sparrow-earth.com', port=443): Max retries exceeded with url: /model_settings (Caused by NameResolutionError("<urllib3.connection.HTTPSConnection object at 0x7fff60cd9f00>: Failed to resolve 'server.sparrow-earth.com' ([Errno -3] Temporary failure in name resolution)"))
2026-02-06 20:23:53,855 - WARNING - Could not fetch model settings: HTTPSConnectionPool(host='server.sparrow-earth.com', port=443): Max retries exceeded with url: /model_settings (Caused by NameResolutionError("<urllib3.connection.HTTPSConnection object at 0x7fff60cdbb20>: Failed to resolve 'server.sparrow-earth.com' ([Errno -3] Temporary failure in name resolution)"))
2026-02-06 20:25:06,207 - WARNING - Could not fetch model settings: HTTPSConnectionPool(host='server.sparrow-earth.com', port=443): Max retries exceeded with url: /model_settings (Caused by NameResolutionError("<urllib3.connection.HTTPSConnection object at 0x7fff60cdbcd0>: Failed to resolve 'server.sparrow-earth.com' ([Errno -3] Temporary failure in name resolution)"))
2026-02-06 20:26:18,559 - WARNING - Could not fetch model settings: HTTPSConnectionPool(host='server.sparrow-earth.com', port=443): Max retries exceeded with url: /model_settings (Caused by NameResolutionError("<urllib3.connection.HTTPSConnection object at 0x7fff5fdc6560>: Failed to resolve 'server.sparrow-earth.com' ([Errno -3] Temporary failure in name resolution)"))
2026-02-06 20:27:30,847 - WARNING - Could not fetch model settings: HTTPSConnectionPool(host='server.sparrow-earth.com', port=443): Max retries exceeded with url: /model_settings (Caused by NameResolutionError("<urllib3.connection.HTTPSConnection object at 0x7fff5fdc4f40>: Failed to resolve 'server.sparrow-earth.com' ([Errno -3] Temporary failure in name resolution)"))
2026-02-06 20:28:42,239 - WARNING - Could not fetch model settings: HTTPSConnectionPool(host='server.sparrow-earth.com', port=443): Max retries exceeded with url: /model_settings (Caused by NameResolutionError("<urllib3.connection.HTTPSConnection object at 0x7fff60cda860>: Failed to resolve 'server.sparrow-earth.com' ([Errno -3] Temporary failure in name resolution)"))
2026-02-06 20:29:52,095 - WARNING - Could not fetch model settings: HTTPSConnectionPool(host='server.sparrow-earth.com', port=443): Max retries exceeded with url: /model_settings (Caused by NameResolutionError("<urllib3.connection.HTTPSConnection object at 0x7fff60cdb550>: Failed to resolve 'server.sparrow-earth.com' ([Errno -3] Temporary failure in name resolution)"))
2026-02-06 20:31:02,015 - WARNING - Could not fetch model settings: HTTPSConnectionPool(host='server.sparrow-earth.com', port=443): Max retries exceeded with url: /model_settings (Caused by NameResolutionError("<urllib3.connection.HTTPSConnection object at 0x7fff60cda8f0>: Failed to resolve 'server.sparrow-earth.com' ([Errno -3] Temporary failure in name resolution)"))
2026-02-06 20:32:14,303 - WARNING - Could not fetch model settings: HTTPSConnectionPool(host='server.sparrow-earth.com', port=443): Max retries exceeded with url: /model_settings (Caused by NameResolutionError("<urllib3.connection.HTTPSConnection object at 0x7fff60cdb520>: Failed to resolve 'server.sparrow-earth.com' ([Errno -3] Temporary failure in name resolution)"))
2026-02-06 20:33:26,655 - WARNING - Could not fetch model settings: HTTPSConnectionPool(host='server.sparrow-earth.com', port=443): Max retries exceeded with url: /model_settings (Caused by NameResolutionError("<urllib3.connection.HTTPSConnection object at 0x7fff5fdc4c10>: Failed to resolve 'server.sparrow-earth.com' ([Errno -3] Temporary failure in name resolution)"))
2026-02-06 20:34:39,839 - WARNING - Could not fetch model settings: HTTPSConnectionPool(host='server.sparrow-earth.com', port=443): Max retries exceeded with url: /model_settings (Caused by NameResolutionError("<urllib3.connection.HTTPSConnection object at 0x7fff5fdc6380>: Failed to resolve 'server.sparrow-earth.com' ([Errno -3] Temporary failure in name resolution)"))
2026-02-06 20:35:52,191 - WARNING - Could not fetch model settings: HTTPSConnectionPool(host='server.sparrow-earth.com', port=443): Max retries exceeded with url: /model_settings (Caused by NameResolutionError("<urllib3.connection.HTTPSConnection object at 0x7fff60cdb4f0>: Failed to resolve 'server.sparrow-earth.com' ([Errno -3] Temporary failure in name resolution)"))
2026-02-06 20:37:02,655 - WARNING - Could not fetch model settings: HTTPSConnectionPool(host='server.sparrow-earth.com', port=443): Max retries exceeded with url: /model_settings (Caused by NameResolutionError("<urllib3.connection.HTTPSConnection object at 0x7fff60cdba30>: Failed to resolve 'server.sparrow-earth.com' ([Errno -3] Temporary failure in name resolution)"))
2026-02-06 20:38:14,943 - WARNING - Could not fetch model settings: HTTPSConnectionPool(host='server.sparrow-earth.com', port=443): Max retries exceeded with url: /model_settings (Caused by NameResolutionError("<urllib3.connection.HTTPSConnection object at 0x7fff60cda680>: Failed to resolve 'server.sparrow-earth.com' ([Errno -3] Temporary failure in name resolution)"))
2026-02-06 20:39:27,754 - WARNING - Could not fetch model settings: HTTPSConnectionPool(host='server.sparrow-earth.com', port=443): Max retries exceeded with url: /model_settings (Caused by NameResolutionError("<urllib3.connection.HTTPSConnection object at 0x7fff60cdb370>: Failed to resolve 'server.sparrow-earth.com' ([Errno -3] Temporary failure in name resolution)"))
2026-02-06 20:40:42,943 - WARNING - Could not fetch model settings: HTTPSConnectionPool(host='server.sparrow-earth.com', port=443): Max retries exceeded with url: /model_settings (Caused by NameResolutionError("<urllib3.connection.HTTPSConnection object at 0x7fff5fdc5750>: Failed to resolve 'server.sparrow-earth.com' ([Errno -3] Temporary failure in name resolution)"))
2026-02-06 20:41:53,951 - WARNING - Could not fetch model settings: HTTPSConnectionPool(host='server.sparrow-earth.com', port=443): Max retries exceeded with url: /model_settings (Caused by NameResolutionError("<urllib3.connection.HTTPSConnection object at 0x7fff60cdb610>: Failed to resolve 'server.sparrow-earth.com' ([Errno -3] Temporary failure in name resolution)"))
2026-02-06 20:43:03,583 - WARNING - Could not fetch model settings: HTTPSConnectionPool(host='server.sparrow-earth.com', port=443): Max retries exceeded with url: /model_settings (Caused by NameResolutionError("<urllib3.connection.HTTPSConnection object at 0x7fff60cdba00>: Failed to resolve 'server.sparrow-earth.com' ([Errno -3] Temporary failure in name resolution)"))
2026-02-06 20:44:12,867 - WARNING - Could not fetch model settings: HTTPSConnectionPool(host='server.sparrow-earth.com', port=443): Max retries exceeded with url: /model_settings (Caused by NameResolutionError("<urllib3.connection.HTTPSConnection object at 0x7fff60cdb7c0>: Failed to resolve 'server.sparrow-earth.com' ([Errno -3] Temporary failure in name resolution)"))
2026-02-06 20:45:23,199 - WARNING - Could not fetch model settings: HTTPSConnectionPool(host='server.sparrow-earth.com', port=443): Max retries exceeded with url: /model_settings (Caused by NameResolutionError("<urllib3.connection.HTTPSConnection object at 0x7fff60cda650>: Failed to resolve 'server.sparrow-earth.com' ([Errno -3] Temporary failure in name resolution)"))
2026-02-06 20:46:37,471 - WARNING - Could not fetch model settings: HTTPSConnectionPool(host='server.sparrow-earth.com', port=443): Max retries exceeded with url: /model_settings (Caused by NameResolutionError("<urllib3.connection.HTTPSConnection object at 0x7fff5fdc4910>: Failed to resolve 'server.sparrow-earth.com' ([Errno -3] Temporary failure in name resolution)"))
2026-02-06 20:47:51,327 - WARNING - Could not fetch model settings: HTTPSConnectionPool(host='server.sparrow-earth.com', port=443): Max retries exceeded with url: /model_settings (Caused by NameResolutionError("<urllib3.connection.HTTPSConnection object at 0x7fff5fdc5510>: Failed to resolve 'server.sparrow-earth.com' ([Errno -3] Temporary failure in name resolution)"))
2026-02-06 20:49:02,015 - WARNING - Could not fetch model settings: HTTPSConnectionPool(host='server.sparrow-earth.com', port=443): Max retries exceeded with url: /model_settings (Caused by NameResolutionError("<urllib3.connection.HTTPSConnection object at 0x7fff60cdb310>: Failed to resolve 'server.sparrow-earth.com' ([Errno -3] Temporary failure in name resolution)"))
2026-02-06 20:50:15,295 - WARNING - Could not fetch model settings: HTTPSConnectionPool(host='server.sparrow-earth.com', port=443): Max retries exceeded with url: /model_settings (Caused by NameResolutionError("<urllib3.connection.HTTPSConnection object at 0x7fff60cd9bd0>: Failed to resolve 'server.sparrow-earth.com' ([Errno -3] Temporary failure in name resolution)"))
2026-02-06 20:51:27,615 - WARNING - Could not fetch model settings: HTTPSConnectionPool(host='server.sparrow-earth.com', port=443): Max retries exceeded with url: /model_settings (Caused by NameResolutionError("<urllib3.connection.HTTPSConnection object at 0x7fff60cda980>: Failed to resolve 'server.sparrow-earth.com' ([Errno -3] Temporary failure in name resolution)"))
2026-02-06 20:52:39,936 - WARNING - Could not fetch model settings: HTTPSConnectionPool(host='server.sparrow-earth.com', port=443): Max retries exceeded with url: /model_settings (Caused by NameResolutionError("<urllib3.connection.HTTPSConnection object at 0x7fff60cdad40>: Failed to resolve 'server.sparrow-earth.com' ([Errno -3] Temporary failure in name resolution)"))
2026-02-06 20:53:50,015 - WARNING - Could not fetch model settings: HTTPSConnectionPool(host='server.sparrow-earth.com', port=443): Max retries exceeded with url: /model_settings (Caused by NameResolutionError("<urllib3.connection.HTTPSConnection object at 0x7fff5fdc51b0>: Failed to resolve 'server.sparrow-earth.com' ([Errno -3] Temporary failure in name resolution)"))
2026-02-06 20:54:59,392 - WARNING - Could not fetch model settings: HTTPSConnectionPool(host='server.sparrow-earth.com', port=443): Max retries exceeded with url: /model_settings (Caused by NameResolutionError("<urllib3.connection.HTTPSConnection object at 0x7fff5fdc48b0>: Failed to resolve 'server.sparrow-earth.com' ([Errno -3] Temporary failure in name resolution)"))
2026-02-06 20:56:11,711 - WARNING - Could not fetch model settings: HTTPSConnectionPool(host='server.sparrow-earth.com', port=443): Max retries exceeded with url: /model_settings (Caused by NameResolutionError("<urllib3.connection.HTTPSConnection object at 0x7fff60cdb250>: Failed to resolve 'server.sparrow-earth.com' ([Errno -3] Temporary failure in name resolution)"))
2026-02-06 20:57:20,991 - WARNING - Could not fetch model settings: HTTPSConnectionPool(host='server.sparrow-earth.com', port=443): Max retries exceeded with url: /model_settings (Caused by NameResolutionError("<urllib3.connection.HTTPSConnection object at 0x7fff60cdb040>: Failed to resolve 'server.sparrow-earth.com' ([Errno -3] Temporary failure in name resolution)"))
2026-02-06 20:58:33,311 - WARNING - Could not fetch model settings: HTTPSConnectionPool(host='server.sparrow-earth.com', port=443): Max retries exceeded with url: /model_settings (Caused by NameResolutionError("<urllib3.connection.HTTPSConnection object at 0x7fff60cda7a0>: Failed to resolve 'server.sparrow-earth.com' ([Errno -3] Temporary failure in name resolution)"))
2026-02-06 20:59:44,095 - WARNING - Could not fetch model settings: HTTPSConnectionPool(host='server.sparrow-earth.com', port=443): Max retries exceeded with url: /model_settings (Caused by NameResolutionError("<urllib3.connection.HTTPSConnection object at 0x7fff60cda4d0>: Failed to resolve 'server.sparrow-earth.com' ([Errno -3] Temporary failure in name resolution)"))
2026-02-06 21:00:54,431 - WARNING - Could not fetch model settings: HTTPSConnectionPool(host='server.sparrow-earth.com', port=443): Max retries exceeded with url: /model_settings (Caused by NameResolutionError("<urllib3.connection.HTTPSConnection object at 0x7fff5fdc7eb0>: Failed to resolve 'server.sparrow-earth.com' ([Errno -3] Temporary failure in name resolution)"))
2026-02-06 21:02:03,711 - WARNING - Could not fetch model settings: HTTPSConnectionPool(host='server.sparrow-earth.com', port=443): Max retries exceeded with url: /model_settings (Caused by NameResolutionError("<urllib3.connection.HTTPSConnection object at 0x7fff60cdace0>: Failed to resolve 'server.sparrow-earth.com' ([Errno -3] Temporary failure in name resolution)"))
2026-02-06 21:03:15,999 - WARNING - Could not fetch model settings: HTTPSConnectionPool(host='server.sparrow-earth.com', port=443): Max retries exceeded with url: /model_settings (Caused by NameResolutionError("<urllib3.connection.HTTPSConnection object at 0x7fff60cdbeb0>: Failed to resolve 'server.sparrow-earth.com' ([Errno -3] Temporary failure in name resolution)"))
2026-02-06 21:04:28,319 - WARNING - Could not fetch model settings: HTTPSConnectionPool(host='server.sparrow-earth.com', port=443): Max retries exceeded with url: /model_settings (Caused by NameResolutionError("<urllib3.connection.HTTPSConnection object at 0x7fff60cdbca0>: Failed to resolve 'server.sparrow-earth.com' ([Errno -3] Temporary failure in name resolution)"))
2026-02-06 21:05:40,607 - WARNING - Could not fetch model settings: HTTPSConnectionPool(host='server.sparrow-earth.com', port=443): Max retries exceeded with url: /model_settings (Caused by NameResolutionError("<urllib3.connection.HTTPSConnection object at 0x7fff60cdb460>: Failed to resolve 'server.sparrow-earth.com' ([Errno -3] Temporary failure in name resolution)"))
2026-02-06 21:06:50,623 - WARNING - Could not fetch model settings: HTTPSConnectionPool(host='server.sparrow-earth.com', port=443): Max retries exceeded with url: /model_settings (Caused by NameResolutionError("<urllib3.connection.HTTPSConnection object at 0x7fff5fdc4bb0>: Failed to resolve 'server.sparrow-earth.com' ([Errno -3] Temporary failure in name resolution)"))
2026-02-06 21:08:00,959 - WARNING - Could not fetch model settings: HTTPSConnectionPool(host='server.sparrow-earth.com', port=443): Max retries exceeded with url: /model_settings (Caused by NameResolutionError("<urllib3.connection.HTTPSConnection object at 0x7fff5fdc70d0>: Failed to resolve 'server.sparrow-earth.com' ([Errno -3] Temporary failure in name resolution)"))
2026-02-06 21:09:15,244 - WARNING - Could not fetch model settings: HTTPSConnectionPool(host='server.sparrow-earth.com', port=443): Max retries exceeded with url: /model_settings (Caused by NameResolutionError("<urllib3.connection.HTTPSConnection object at 0x7fff60cdb370>: Failed to resolve 'server.sparrow-earth.com' ([Errno -3] Temporary failure in name resolution)"))
2026-02-06 21:10:27,487 - WARNING - Could not fetch model settings: HTTPSConnectionPool(host='server.sparrow-earth.com', port=443): Max retries exceeded with url: /model_settings (Caused by NameResolutionError("<urllib3.connection.HTTPSConnection object at 0x7fff60cdb010>: Failed to resolve 'server.sparrow-earth.com' ([Errno -3] Temporary failure in name resolution)"))
2026-02-06 21:11:37,407 - WARNING - Could not fetch model settings: HTTPSConnectionPool(host='server.sparrow-earth.com', port=443): Max retries exceeded with url: /model_settings (Caused by NameResolutionError("<urllib3.connection.HTTPSConnection object at 0x7fff60cdbbb0>: Failed to resolve 'server.sparrow-earth.com' ([Errno -3] Temporary failure in name resolution)"))
2026-02-06 21:12:49,695 - WARNING - Could not fetch model settings: HTTPSConnectionPool(host='server.sparrow-earth.com', port=443): Max retries exceeded with url: /model_settings (Caused by NameResolutionError("<urllib3.connection.HTTPSConnection object at 0x7fff60cd9c00>: Failed to resolve 'server.sparrow-earth.com' ([Errno -3] Temporary failure in name resolution)"))
2026-02-06 21:14:02,937 - WARNING - Could not fetch model settings: HTTPSConnectionPool(host='server.sparrow-earth.com', port=443): Max retries exceeded with url: /model_settings (Caused by NameResolutionError("<urllib3.connection.HTTPSConnection object at 0x7fff5fdc6800>: Failed to resolve 'server.sparrow-earth.com' ([Errno -3] Temporary failure in name resolution)"))
2026-02-06 21:15:12,639 - WARNING - Could not fetch model settings: HTTPSConnectionPool(host='server.sparrow-earth.com', port=443): Max retries exceeded with url: /model_settings (Caused by NameResolutionError("<urllib3.connection.HTTPSConnection object at 0x7fff5fdc5030>: Failed to resolve 'server.sparrow-earth.com' ([Errno -3] Temporary failure in name resolution)"))
2026-02-06 21:16:28,812 - WARNING - Could not fetch model settings: HTTPSConnectionPool(host='server.sparrow-earth.com', port=443): Max retries exceeded with url: /model_settings (Caused by NameResolutionError("<urllib3.connection.HTTPSConnection object at 0x7fff60cda350>: Failed to resolve 'server.sparrow-earth.com' ([Errno -3] Temporary failure in name resolution)"))
2026-02-06 21:17:44,959 - WARNING - Could not fetch model settings: HTTPSConnectionPool(host='server.sparrow-earth.com', port=443): Max retries exceeded with url: /model_settings (Caused by NameResolutionError("<urllib3.connection.HTTPSConnection object at 0x7fff60cd9d20>: Failed to resolve 'server.sparrow-earth.com' ([Errno -3] Temporary failure in name resolution)"))
2026-02-06 21:18:57,932 - WARNING - Could not fetch model settings: HTTPSConnectionPool(host='server.sparrow-earth.com', port=443): Max retries exceeded with url: /model_settings (Caused by NameResolutionError("<urllib3.connection.HTTPSConnection object at 0x7fff60cd98a0>: Failed to resolve 'server.sparrow-earth.com' ([Errno -3] Temporary failure in name resolution)"))
2026-02-06 21:20:13,311 - WARNING - Could not fetch model settings: HTTPSConnectionPool(host='server.sparrow-earth.com', port=443): Max retries exceeded with url: /model_settings (Caused by NameResolutionError("<urllib3.connection.HTTPSConnection object at 0x7fff60cdac80>: Failed to resolve 'server.sparrow-earth.com' ([Errno -3] Temporary failure in name resolution)"))
2026-02-06 21:21:25,631 - WARNING - Could not fetch model settings: HTTPSConnectionPool(host='server.sparrow-earth.com', port=443): Max retries exceeded with url: /model_settings (Caused by NameResolutionError("<urllib3.connection.HTTPSConnection object at 0x7fff5fdc4430>: Failed to resolve 'server.sparrow-earth.com' ([Errno -3] Temporary failure in name resolution)"))
2026-02-06 21:22:37,471 - WARNING - Could not fetch model settings: HTTPSConnectionPool(host='server.sparrow-earth.com', port=443): Max retries exceeded with url: /model_settings (Caused by NameResolutionError("<urllib3.connection.HTTPSConnection object at 0x7fff60cdb9a0>: Failed to resolve 'server.sparrow-earth.com' ([Errno -3] Temporary failure in name resolution)"))
2026-02-06 21:23:48,607 - WARNING - Could not fetch model settings: HTTPSConnectionPool(host='server.sparrow-earth.com', port=443): Max retries exceeded with url: /model_settings (Caused by NameResolutionError("<urllib3.connection.HTTPSConnection object at 0x7fff60cdb940>: Failed to resolve 'server.sparrow-earth.com' ([Errno -3] Temporary failure in name resolution)"))
2026-02-06 21:24:58,943 - WARNING - Could not fetch model settings: HTTPSConnectionPool(host='server.sparrow-earth.com', port=443): Max retries exceeded with url: /model_settings (Caused by NameResolutionError("<urllib3.connection.HTTPSConnection object at 0x7fff60cd9c60>: Failed to resolve 'server.sparrow-earth.com' ([Errno -3] Temporary failure in name resolution)"))
2026-02-06 21:26:11,295 - WARNING - Could not fetch model settings: HTTPSConnectionPool(host='server.sparrow-earth.com', port=443): Max retries exceeded with url: /model_settings (Caused by NameResolutionError("<urllib3.connection.HTTPSConnection object at 0x7fff60cda890>: Failed to resolve 'server.sparrow-earth.com' ([Errno -3] Temporary failure in name resolution)"))
2026-02-06 21:27:23,583 - WARNING - Could not fetch model settings: HTTPSConnectionPool(host='server.sparrow-earth.com', port=443): Max retries exceeded with url: /model_settings (Caused by NameResolutionError("<urllib3.connection.HTTPSConnection object at 0x7fff5fdc71c0>: Failed to resolve 'server.sparrow-earth.com' ([Errno -3] Temporary failure in name resolution)"))
2026-02-06 21:28:35,935 - WARNING - Could not fetch model settings: HTTPSConnectionPool(host='server.sparrow-earth.com', port=443): Max retries exceeded with url: /model_settings (Caused by NameResolutionError("<urllib3.connection.HTTPSConnection object at 0x7fff5fdc69b0>: Failed to resolve 'server.sparrow-earth.com' ([Errno -3] Temporary failure in name resolution)"))
2026-02-06 21:29:47,263 - WARNING - Could not fetch model settings: HTTPSConnectionPool(host='server.sparrow-earth.com', port=443): Max retries exceeded with url: /model_settings (Caused by NameResolutionError("<urllib3.connection.HTTPSConnection object at 0x7fff60cd9ab0>: Failed to resolve 'server.sparrow-earth.com' ([Errno -3] Temporary failure in name resolution)"))
2026-02-06 21:30:59,327 - WARNING - Could not fetch model settings: HTTPSConnectionPool(host='server.sparrow-earth.com', port=443): Max retries exceeded with url: /model_settings (Caused by NameResolutionError("<urllib3.connection.HTTPSConnection object at 0x7fff60cd9cc0>: Failed to resolve 'server.sparrow-earth.com' ([Errno -3] Temporary failure in name resolution)"))
2026-02-06 21:32:11,648 - WARNING - Could not fetch model settings: HTTPSConnectionPool(host='server.sparrow-earth.com', port=443): Max retries exceeded with url: /model_settings (Caused by NameResolutionError("<urllib3.connection.HTTPSConnection object at 0x7fff60cdb400>: Failed to resolve 'server.sparrow-earth.com' ([Errno -3] Temporary failure in name resolution)"))
2026-02-06 21:33:23,999 - WARNING - Could not fetch model settings: HTTPSConnectionPool(host='server.sparrow-earth.com', port=443): Max retries exceeded with url: /model_settings (Caused by NameResolutionError("<urllib3.connection.HTTPSConnection object at 0x7fff60cdb0a0>: Failed to resolve 'server.sparrow-earth.com' ([Errno -3] Temporary failure in name resolution)"))
2026-02-06 21:34:36,319 - WARNING - Could not fetch model settings: HTTPSConnectionPool(host='server.sparrow-earth.com', port=443): Max retries exceeded with url: /model_settings (Caused by NameResolutionError("<urllib3.connection.HTTPSConnection object at 0x7fff5fdc7040>: Failed to resolve 'server.sparrow-earth.com' ([Errno -3] Temporary failure in name resolution)"))
2026-02-06 21:35:46,271 - WARNING - Could not fetch model settings: HTTPSConnectionPool(host='server.sparrow-earth.com', port=443): Max retries exceeded with url: /model_settings (Caused by NameResolutionError("<urllib3.connection.HTTPSConnection object at 0x7fff5fdc45b0>: Failed to resolve 'server.sparrow-earth.com' ([Errno -3] Temporary failure in name resolution)"))
2026-02-08 11:23:43,078 - INFO - Model settings endpoint: https://server.sparrow-earth.com/model_settings
2026-02-08 11:23:43,079 - INFO - Generated Hardware ID: abbe69b9814d
2026-02-08 11:23:43,079 - INFO - Hardware ID loaded: abbe69b9814d
2026-02-08 11:23:43,079 - INFO - Started model settings background fetch thread.
2026-02-08 11:23:43,079 - INFO - ONNXRuntime-only mode. HAVE_ORT=True, LOCAL_MODELS_DIR=/home/sparrow/Desktop/system/Models/tritonserver/model_repository, ONLY_SAVE_ANIMALS=False, DRAW_BOXES=True
2026-02-08 11:23:43,603 - INFO - Model settings unchanged.
2026-02-08 11:25:44,981 - INFO - Model settings unchanged.
2026-02-08 11:26:45,597 - INFO - Model settings unchanged.
2026-02-08 11:27:47,617 - INFO - Model settings unchanged.
2026-02-08 11:28:49,141 - INFO - Model settings unchanged.
2026-02-08 11:29:50,156 - INFO - Model settings unchanged.
2026-02-08 11:30:50,990 - INFO - Model settings unchanged.
2026-02-08 11:31:51,833 - INFO - Model settings unchanged.
2026-02-08 11:32:52,608 - INFO - Model settings unchanged.
2026-02-08 11:33:53,109 - INFO - Model settings unchanged.
2026-02-08 11:34:53,632 - INFO - Model settings unchanged.
2026-02-08 11:35:54,668 - INFO - Model settings unchanged.
2026-02-08 11:36:55,629 - INFO - Model settings unchanged.
2026-02-08 11:37:56,664 - INFO - Model settings unchanged.
2026-02-08 11:38:59,435 - INFO - Model settings unchanged.
2026-02-08 11:40:25,446 - WARNING - Could not fetch model settings: HTTPSConnectionPool(host='server.sparrow-earth.com', port=443): Max retries exceeded with url: /model_settings (Caused by NameResolutionError("<urllib3.connection.HTTPSConnection object at 0x7fff6224e620>: Failed to resolve 'server.sparrow-earth.com' ([Errno -3] Temporary failure in name resolution)"))
2026-02-08 11:41:26,734 - INFO - Model settings unchanged.
2026-02-08 11:42:27,271 - INFO - Model settings unchanged.
2026-02-08 11:43:28,265 - INFO - Model settings unchanged.
2026-02-08 11:44:28,840 - INFO - Model settings unchanged.
2026-02-08 11:45:29,575 - INFO - Model settings unchanged.
2026-02-08 11:46:30,163 - INFO - Model settings unchanged.
2026-02-08 11:47:30,753 - INFO - Model settings unchanged.
2026-02-08 11:48:32,215 - INFO - Model settings unchanged.
2026-02-08 11:49:33,511 - INFO - Model settings unchanged.
2026-02-08 11:50:35,310 - INFO - Model settings unchanged.
2026-02-08 11:51:37,428 - INFO - Model settings unchanged.
2026-02-08 11:52:40,108 - INFO - Model settings unchanged.
2026-02-08 11:53:42,019 - INFO - Model settings unchanged.
2026-02-08 11:54:44,123 - INFO - Model settings unchanged.
2026-02-08 11:55:45,739 - INFO - Model settings unchanged.
2026-02-08 11:57:07,942 - WARNING - Could not fetch model settings: HTTPSConnectionPool(host='server.sparrow-earth.com', port=443): Max retries exceeded with url: /model_settings (Caused by NameResolutionError("<urllib3.connection.HTTPSConnection object at 0x7fff6224ee90>: Failed to resolve 'server.sparrow-earth.com' ([Errno -3] Temporary failure in name resolution)"))
2026-02-08 11:58:49,542 - WARNING - Could not fetch model settings: HTTPSConnectionPool(host='server.sparrow-earth.com', port=443): Max retries exceeded with url: /model_settings (Caused by NameResolutionError("<urllib3.connection.HTTPSConnection object at 0x7fff6224f580>: Failed to resolve 'server.sparrow-earth.com' ([Errno -3] Temporary failure in name resolution)"))
2026-02-08 12:00:18,662 - WARNING - Could not fetch model settings: HTTPSConnectionPool(host='server.sparrow-earth.com', port=443): Max retries exceeded with url: /model_settings (Caused by NameResolutionError("<urllib3.connection.HTTPSConnection object at 0x7fff6224fdf0>: Failed to resolve 'server.sparrow-earth.com' ([Errno -3] Temporary failure in name resolution)"))
2026-02-08 12:01:51,142 - WARNING - Could not fetch model settings: HTTPSConnectionPool(host='server.sparrow-earth.com', port=443): Max retries exceeded with url: /model_settings (Caused by NameResolutionError("<urllib3.connection.HTTPSConnection object at 0x7fff6224f130>: Failed to resolve 'server.sparrow-earth.com' ([Errno -3] Temporary failure in name resolution)"))
2026-02-08 12:03:24,742 - WARNING - Could not fetch model settings: HTTPSConnectionPool(host='server.sparrow-earth.com', port=443): Max retries exceeded with url: /model_settings (Caused by NameResolutionError("<urllib3.connection.HTTPSConnection object at 0x7fff6224ec80>: Failed to resolve 'server.sparrow-earth.com' ([Errno -3] Temporary failure in name resolution)"))
2026-02-08 12:04:25,666 - INFO - Model settings unchanged.
2026-02-08 12:05:27,774 - INFO - Model settings unchanged.
2026-02-08 12:06:28,964 - INFO - Model settings unchanged.
2026-02-08 12:07:30,509 - INFO - Model settings unchanged.
2026-02-08 12:08:33,267 - INFO - Model settings unchanged.
2026-02-08 12:09:35,694 - INFO - Model settings unchanged.
2026-02-08 12:10:38,784 - INFO - Model settings unchanged.
2026-02-08 12:11:40,502 - INFO - Model settings unchanged.
2026-02-08 12:13:24,294 - WARNING - Could not fetch model settings: HTTPSConnectionPool(host='server.sparrow-earth.com', port=443): Max retries exceeded with url: /model_settings (Caused by NameResolutionError("<urllib3.connection.HTTPSConnection object at 0x7fff6224dba0>: Failed to resolve 'server.sparrow-earth.com' ([Errno -3] Temporary failure in name resolution)"))
2026-02-08 12:14:25,624 - INFO - Model settings unchanged.
2026-02-08 12:15:28,230 - INFO - Model settings unchanged.
2026-02-08 12:16:29,813 - INFO - Model settings unchanged.
2026-02-08 12:17:32,736 - INFO - Model settings unchanged.
2026-02-08 12:18:33,800 - INFO - Model settings unchanged.
2026-02-08 12:19:35,506 - INFO - Model settings unchanged.
2026-02-08 12:20:36,648 - INFO - Model settings unchanged.
2026-02-08 12:21:37,626 - INFO - Model settings unchanged.
2026-02-08 12:22:38,651 - INFO - Model settings unchanged.
2026-02-08 12:23:40,186 - INFO - Model settings unchanged.
2026-02-08 12:24:41,736 - INFO - Model settings unchanged.
2026-02-08 12:25:43,290 - INFO - Model settings unchanged.
2026-02-08 12:26:44,738 - INFO - Model settings unchanged.
2026-02-08 12:27:45,853 - INFO - Model settings unchanged.
2026-02-08 12:28:47,305 - INFO - Model settings unchanged.
2026-02-08 12:29:49,090 - INFO - Model settings unchanged.
2026-02-08 12:30:50,135 - INFO - Model settings unchanged.
2026-02-08 12:31:52,004 - INFO - Model settings unchanged.
2026-02-08 12:32:53,449 - INFO - Model settings unchanged.
2026-02-08 12:33:55,074 - INFO - Model settings unchanged.
2026-02-08 12:34:56,201 - INFO - Model settings unchanged.
2026-02-08 12:35:57,690 - INFO - Model settings unchanged.
2026-02-08 12:36:59,724 - INFO - Model settings unchanged.
2026-02-08 12:38:00,628 - INFO - Model settings unchanged.
2026-02-08 12:39:18,140 - WARNING - Could not fetch model settings: ('Connection aborted.', RemoteDisconnected('Remote end closed connection without response'))
2026-02-08 12:40:20,024 - INFO - Model settings unchanged.
2026-02-08 12:41:21,505 - INFO - Model settings unchanged.
2026-02-08 12:42:23,482 - INFO - Model settings unchanged.
2026-02-08 12:43:24,617 - INFO - Model settings unchanged.
2026-02-08 12:44:25,751 - INFO - Model settings unchanged.
2026-02-08 12:45:26,883 - INFO - Model settings unchanged.
2026-02-08 12:46:27,917 - INFO - Model settings unchanged.
2026-02-08 12:47:28,848 - INFO - Model settings unchanged.
2026-02-08 12:48:30,069 - INFO - Model settings unchanged.
2026-02-08 12:49:32,032 - INFO - Model settings unchanged.
2026-02-08 12:50:33,022 - INFO - Model settings unchanged.
2026-02-08 12:51:35,058 - INFO - Model settings unchanged.
2026-02-08 12:52:36,529 - INFO - Model settings unchanged.
2026-02-08 12:53:38,006 - INFO - Model settings unchanged.
2026-02-08 12:54:39,047 - INFO - Model settings unchanged.
2026-02-08 12:55:41,046 - INFO - Model settings unchanged.
2026-02-08 12:56:43,115 - INFO - Model settings unchanged.
2026-02-08 12:57:45,139 - INFO - Model settings unchanged.
2026-02-08 12:58:46,132 - INFO - Model settings unchanged.
2026-02-08 12:59:47,564 - INFO - Model settings unchanged.
2026-02-08 13:01:00,229 - INFO - Model settings unchanged.
2026-02-08 13:02:02,470 - INFO - Model settings unchanged.
2026-02-08 13:03:03,599 - INFO - Model settings unchanged.
2026-02-08 13:04:04,779 - INFO - Model settings unchanged.
2026-02-08 13:05:05,866 - INFO - Model settings unchanged.
2026-02-08 13:06:07,113 - INFO - Model settings unchanged.
2026-02-08 13:07:09,004 - INFO - Model settings unchanged.
2026-02-08 13:08:10,375 - INFO - Model settings unchanged.
2026-02-08 13:09:11,748 - INFO - Model settings unchanged.
2026-02-08 13:10:12,997 - INFO - Model settings unchanged.
2026-02-08 13:11:14,437 - INFO - Model settings unchanged.
2026-02-08 13:12:15,367 - INFO - Model settings unchanged.
2026-02-08 13:13:16,043 - INFO - Model settings unchanged.
2026-02-08 13:14:16,899 - INFO - Model settings unchanged.
2026-02-08 13:15:17,504 - INFO - Model settings unchanged.
2026-02-08 13:16:18,510 - INFO - Model settings unchanged.
2026-02-08 13:17:19,488 - INFO - Model settings unchanged.
2026-02-08 13:18:20,800 - INFO - Model settings unchanged.
2026-02-08 13:19:22,902 - INFO - Model settings unchanged.
2026-02-08 13:20:23,431 - INFO - Model settings unchanged.
2026-02-08 13:21:24,865 - INFO - Model settings unchanged.
2026-02-08 13:22:26,627 - INFO - Model settings unchanged.
2026-02-08 13:23:28,190 - INFO - Model settings unchanged.
2026-02-08 13:24:30,533 - INFO - Model settings unchanged.
2026-02-08 13:25:31,106 - INFO - Model settings unchanged.
2026-02-08 13:26:32,222 - WARNING - Could not fetch model settings: ('Connection aborted.', RemoteDisconnected('Remote end closed connection without response'))
2026-02-08 13:27:35,265 - INFO - Model settings unchanged.
2026-02-08 13:28:38,061 - INFO - Model settings unchanged.
2026-02-08 13:29:38,640 - INFO - Model settings unchanged.
2026-02-08 13:30:39,436 - INFO - Model settings unchanged.
2026-02-08 13:31:40,238 - INFO - Model settings unchanged.
2026-02-08 13:32:40,839 - INFO - Model settings unchanged.
2026-02-08 13:33:41,643 - INFO - Model settings unchanged.
2026-02-08 13:34:42,230 - INFO - Model settings unchanged.
2026-02-08 13:35:42,965 - INFO - Model settings unchanged.
2026-02-08 13:36:43,605 - INFO - Model settings unchanged.
2026-02-08 13:37:44,438 - INFO - Model settings unchanged.
2026-02-08 13:38:46,104 - INFO - Model settings unchanged.
2026-02-08 13:39:46,933 - INFO - Model settings unchanged.
2026-02-08 13:40:47,526 - INFO - Model settings unchanged.
2026-02-08 13:41:48,323 - INFO - Model settings unchanged.
2026-02-08 13:42:49,175 - INFO - Model settings unchanged.
2026-02-08 13:43:50,117 - INFO - Model settings unchanged.
2026-02-08 13:44:50,647 - INFO - Model settings unchanged.
2026-02-08 13:45:56,208 - INFO - Model settings unchanged.
2026-02-08 13:46:58,653 - INFO - Model settings unchanged.
2026-02-08 13:47:59,469 - INFO - Model settings unchanged.
2026-02-08 13:49:00,031 - INFO - Model settings unchanged.
2026-02-08 13:50:00,578 - INFO - Model settings unchanged.
2026-02-08 13:51:01,137 - INFO - Model settings unchanged.
2026-02-08 13:52:01,660 - INFO - Model settings unchanged.
2026-02-08 13:53:18,434 - INFO - Model settings unchanged.
2026-02-08 13:54:18,919 - INFO - Model settings unchanged.
2026-02-08 13:55:19,553 - INFO - Model settings unchanged.
2026-02-08 13:56:20,106 - INFO - Model settings unchanged.
2026-02-08 13:57:20,649 - INFO - Model settings unchanged.
2026-02-08 13:58:21,245 - INFO - Model settings unchanged.
2026-02-08 13:59:21,821 - INFO - Model settings unchanged.
2026-02-08 14:00:22,318 - INFO - Model settings unchanged.
2026-02-08 14:01:22,864 - INFO - Model settings unchanged.
2026-02-08 14:02:23,446 - INFO - Model settings unchanged.
2026-02-08 14:03:23,961 - INFO - Model settings unchanged.
2026-02-08 14:04:24,598 - INFO - Model settings unchanged.
2026-02-08 14:05:25,155 - INFO - Model settings unchanged.
2026-02-08 14:06:25,685 - INFO - Model settings unchanged.
2026-02-08 14:07:26,221 - INFO - Model settings unchanged.
2026-02-08 14:08:26,762 - INFO - Model settings unchanged.
2026-02-08 14:09:27,289 - INFO - Model settings unchanged.
2026-02-08 14:10:27,868 - INFO - Model settings unchanged.
2026-02-08 14:11:28,364 - INFO - Model settings unchanged.
2026-02-08 14:12:28,925 - INFO - Model settings unchanged.
2026-02-08 14:13:29,473 - INFO - Model settings unchanged.
2026-02-08 14:14:29,980 - INFO - Model settings unchanged.
2026-02-08 14:15:30,470 - INFO - Model settings unchanged.
2026-02-08 14:16:31,018 - INFO - Model settings unchanged.
2026-02-08 14:17:31,541 - INFO - Model settings unchanged.
2026-02-08 14:18:32,068 - INFO - Model settings unchanged.
2026-02-09 11:41:14,563 - INFO - Model settings endpoint: https://server.sparrow-earth.com/model_settings
2026-02-09 11:41:14,564 - INFO - Generated Hardware ID: abbe69b9814d
2026-02-09 11:41:14,564 - INFO - Hardware ID loaded: abbe69b9814d
2026-02-09 11:41:14,565 - INFO - Started model settings background fetch thread.
2026-02-09 11:41:14,565 - INFO - ONNXRuntime-only mode. HAVE_ORT=True, LOCAL_MODELS_DIR=/home/sparrow/Desktop/system/Models/tritonserver/model_repository, ONLY_SAVE_ANIMALS=False, DRAW_BOXES=True
2026-02-09 11:41:30,881 - WARNING - Could not fetch model settings: HTTPSConnectionPool(host='server.sparrow-earth.com', port=443): Max retries exceeded with url: /model_settings (Caused by NameResolutionError("<urllib3.connection.HTTPSConnection object at 0x7fff638ba3e0>: Failed to resolve 'server.sparrow-earth.com' ([Errno -3] Temporary failure in name resolution)"))
2026-02-09 11:43:31,297 - INFO - Model settings unchanged.
2026-02-09 11:44:32,264 - INFO - Model settings unchanged.
2026-02-09 11:45:33,920 - INFO - Model settings unchanged.
2026-02-09 11:46:34,531 - INFO - Model settings unchanged.
2026-02-09 11:47:35,437 - INFO - Model settings unchanged.
2026-02-09 11:48:36,237 - INFO - Model settings unchanged.
2026-02-09 11:49:37,267 - WARNING - Could not fetch model settings: ('Connection aborted.', ConnectionResetError(104, 'Connection reset by peer'))
2026-02-09 11:50:37,950 - WARNING - Could not fetch model settings: ('Connection aborted.', RemoteDisconnected('Remote end closed connection without response'))
2026-02-09 11:51:38,927 - INFO - Model settings unchanged.
2026-02-09 11:52:41,363 - INFO - Model settings unchanged.
2026-02-09 11:53:43,588 - INFO - Model settings unchanged.
2026-02-09 11:54:45,182 - INFO - Model settings unchanged.
2026-02-09 11:55:46,214 - INFO - Model settings unchanged.
2026-02-09 11:56:47,136 - INFO - Model settings unchanged.
2026-02-09 11:57:47,978 - INFO - Model settings unchanged.
2026-02-09 11:58:49,048 - INFO - Model settings unchanged.
2026-02-09 11:59:49,949 - INFO - Model settings unchanged.
2026-02-09 12:00:50,841 - INFO - Model settings unchanged.
2026-02-09 12:01:51,662 - INFO - Model settings unchanged.
2026-02-09 12:02:52,581 - INFO - Model settings unchanged.
2026-02-09 12:03:54,287 - INFO - Model settings unchanged.
2026-02-09 12:04:54,905 - INFO - Model settings unchanged.
2026-02-09 12:05:55,823 - INFO - Model settings unchanged.
2026-02-09 12:06:56,969 - INFO - Model settings unchanged.
2026-02-09 12:07:58,038 - INFO - Model settings unchanged.
2026-02-09 12:08:58,992 - INFO - Model settings unchanged.
2026-02-09 12:09:59,743 - INFO - Model settings unchanged.
2026-02-09 12:11:01,326 - INFO - Model settings unchanged.
2026-02-09 12:12:04,417 - INFO - Model settings unchanged.
2026-02-09 12:13:05,227 - INFO - Model settings unchanged.
2026-02-09 12:14:29,173 - INFO - Model settings endpoint: https://server.sparrow-earth.com/model_settings
2026-02-09 12:14:29,174 - INFO - Generated Hardware ID: abbe69b9814d
2026-02-09 12:14:29,174 - INFO - Hardware ID loaded: abbe69b9814d
2026-02-09 12:14:29,174 - INFO - Started model settings background fetch thread.
2026-02-09 12:14:29,174 - INFO - ONNXRuntime-only mode. HAVE_ORT=True, LOCAL_MODELS_DIR=/home/sparrow/Desktop/system/Models/tritonserver/model_repository, ONLY_SAVE_ANIMALS=False, DRAW_BOXES=True
2026-02-09 12:14:32,269 - INFO - Model settings unchanged.
2026-02-09 12:15:33,411 - INFO - Model settings unchanged.
2026-02-09 12:16:33,957 - INFO - Model settings unchanged.
2026-02-09 12:17:34,880 - INFO - Model settings unchanged.
2026-02-09 12:18:35,522 - WARNING - Could not fetch model settings: ('Connection aborted.', RemoteDisconnected('Remote end closed connection without response'))
2026-02-09 12:19:37,016 - INFO - Model settings unchanged.
2026-02-09 12:20:39,048 - INFO - Model settings unchanged.
2026-02-09 12:21:39,941 - INFO - Model settings unchanged.
2026-02-09 12:22:41,886 - INFO - Model settings unchanged.
2026-02-09 12:23:44,855 - INFO - Model settings unchanged.
2026-02-09 12:24:46,449 - INFO - Model settings unchanged.
2026-02-09 12:25:47,844 - INFO - Model settings unchanged.
2026-02-09 12:26:50,012 - INFO - Model settings unchanged.
2026-02-09 12:27:53,545 - INFO - Model settings unchanged.
2026-02-09 12:28:54,126 - WARNING - Could not fetch model settings: ('Connection aborted.', RemoteDisconnected('Remote end closed connection without response'))
2026-02-09 12:29:55,331 - WARNING - Could not fetch model settings: ('Connection aborted.', ConnectionResetError(104, 'Connection reset by peer'))
2026-02-09 12:30:56,465 - WARNING - Could not fetch model settings: ('Connection aborted.', RemoteDisconnected('Remote end closed connection without response'))
2026-02-09 12:31:58,112 - INFO - Model settings unchanged.
2026-02-09 12:33:00,337 - INFO - Model settings unchanged.
2026-02-09 12:34:01,322 - INFO - Model settings unchanged.
2026-02-09 12:35:03,789 - INFO - Model settings unchanged.
2026-02-09 12:36:33,267 - WARNING - Could not fetch model settings: HTTPSConnectionPool(host='server.sparrow-earth.com', port=443): Max retries exceeded with url: /model_settings (Caused by NameResolutionError("<urllib3.connection.HTTPSConnection object at 0x7fff0ba5bc10>: Failed to resolve 'server.sparrow-earth.com' ([Errno -3] Temporary failure in name resolution)"))
2026-02-09 12:38:08,275 - WARNING - Could not fetch model settings: HTTPSConnectionPool(host='server.sparrow-earth.com', port=443): Max retries exceeded with url: /model_settings (Caused by NameResolutionError("<urllib3.connection.HTTPSConnection object at 0x7fff0ba5bfa0>: Failed to resolve 'server.sparrow-earth.com' ([Errno -3] Temporary failure in name resolution)"))
2026-02-09 12:39:09,374 - INFO - Model settings unchanged.
2026-02-09 12:40:10,448 - INFO - Model settings unchanged.
2026-02-09 12:41:11,360 - INFO - Model settings unchanged.
2026-02-09 12:42:12,414 - INFO - Model settings unchanged.
2026-02-09 12:43:14,365 - INFO - Model settings unchanged.
2026-02-09 12:44:15,327 - INFO - Model settings unchanged.
2026-02-09 12:45:16,232 - INFO - Model settings unchanged.
2026-02-09 12:46:18,340 - INFO - Model settings unchanged.
2026-02-09 12:47:19,390 - INFO - Model settings unchanged.
2026-02-09 12:48:20,310 - INFO - Model settings unchanged.
2026-02-09 12:49:21,233 - INFO - Model settings unchanged.
2026-02-09 12:50:23,425 - INFO - Model settings unchanged.
2026-02-09 12:51:25,428 - INFO - Model settings unchanged.
2026-02-09 12:52:27,711 - INFO - Model settings unchanged.
2026-02-09 12:53:51,603 - WARNING - Could not fetch model settings: HTTPSConnectionPool(host='server.sparrow-earth.com', port=443): Max retries exceeded with url: /model_settings (Caused by NameResolutionError("<urllib3.connection.HTTPSConnection object at 0x7fff0ba5b340>: Failed to resolve 'server.sparrow-earth.com' ([Errno -3] Temporary failure in name resolution)"))
2026-02-09 12:55:18,771 - WARNING - Could not fetch model settings: HTTPSConnectionPool(host='server.sparrow-earth.com', port=443): Max retries exceeded with url: /model_settings (Caused by NameResolutionError("<urllib3.connection.HTTPSConnection object at 0x7fff0ba59ba0>: Failed to resolve 'server.sparrow-earth.com' ([Errno -3] Temporary failure in name resolution)"))
2026-02-09 12:56:51,571 - WARNING - Could not fetch model settings: HTTPSConnectionPool(host='server.sparrow-earth.com', port=443): Max retries exceeded with url: /model_settings (Caused by NameResolutionError("<urllib3.connection.HTTPSConnection object at 0x7fff0ba5aec0>: Failed to resolve 'server.sparrow-earth.com' ([Errno -3] Temporary failure in name resolution)"))
2026-02-09 12:58:24,147 - WARNING - Could not fetch model settings: HTTPSConnectionPool(host='server.sparrow-earth.com', port=443): Max retries exceeded with url: /model_settings (Caused by NameResolutionError("<urllib3.connection.HTTPSConnection object at 0x7fff0ab80850>: Failed to resolve 'server.sparrow-earth.com' ([Errno -3] Temporary failure in name resolution)"))
2026-02-09 12:59:52,083 - WARNING - Could not fetch model settings: HTTPSConnectionPool(host='server.sparrow-earth.com', port=443): Max retries exceeded with url: /model_settings (Caused by NameResolutionError("<urllib3.connection.HTTPSConnection object at 0x7fff0ab810c0>: Failed to resolve 'server.sparrow-earth.com' ([Errno -3] Temporary failure in name resolution)"))
2026-02-09 13:01:06,919 - WARNING - Could not fetch model settings: HTTPSConnectionPool(host='server.sparrow-earth.com', port=443): Max retries exceeded with url: /model_settings (Caused by NameResolutionError("<urllib3.connection.HTTPSConnection object at 0x7fff0ba5a4d0>: Failed to resolve 'server.sparrow-earth.com' ([Errno -3] Temporary failure in name resolution)"))
2026-02-09 13:02:07,931 - INFO - Model settings unchanged.
2026-02-09 13:03:08,626 - INFO - Model settings unchanged.
2026-02-09 13:04:09,976 - INFO - Model settings unchanged.
2026-02-09 13:05:12,451 - INFO - Model settings unchanged.
2026-02-09 13:06:15,439 - INFO - Model settings unchanged.
2026-02-09 13:07:17,370 - INFO - Model settings unchanged.
2026-02-09 13:08:18,980 - INFO - Model settings unchanged.
2026-02-09 13:09:21,794 - INFO - Model settings unchanged.
2026-02-09 13:10:46,928 - WARNING - Could not fetch model settings: HTTPSConnectionPool(host='server.sparrow-earth.com', port=443): Max retries exceeded with url: /model_settings (Caused by NameResolutionError("<urllib3.connection.HTTPSConnection object at 0x7fff0ba5a5c0>: Failed to resolve 'server.sparrow-earth.com' ([Errno -3] Temporary failure in name resolution)"))
2026-02-09 13:12:14,384 - WARNING - Could not fetch model settings: HTTPSConnectionPool(host='server.sparrow-earth.com', port=443): Max retries exceeded with url: /model_settings (Caused by NameResolutionError("<urllib3.connection.HTTPSConnection object at 0x7fff0ba5ba60>: Failed to resolve 'server.sparrow-earth.com' ([Errno -3] Temporary failure in name resolution)"))
2026-02-09 13:13:43,376 - WARNING - Could not fetch model settings: HTTPSConnectionPool(host='server.sparrow-earth.com', port=443): Max retries exceeded with url: /model_settings (Caused by NameResolutionError("<urllib3.connection.HTTPSConnection object at 0x7fff0ba5bc10>: Failed to resolve 'server.sparrow-earth.com' ([Errno -3] Temporary failure in name resolution)"))
2026-02-09 13:14:43,945 - INFO - Model settings unchanged.
2026-02-09 13:15:44,494 - INFO - Model settings unchanged.
2026-02-09 13:16:45,689 - INFO - Model settings unchanged.
2026-02-09 13:17:46,332 - INFO - Model settings unchanged.
2026-02-09 13:18:48,130 - INFO - Model settings unchanged.
2026-02-09 13:19:49,764 - INFO - Model settings unchanged.
2026-02-09 13:20:50,967 - INFO - Model settings unchanged.
2026-02-09 13:21:53,722 - INFO - Model settings unchanged.
2026-02-09 13:22:54,361 - INFO - Model settings unchanged.
2026-02-09 13:23:56,031 - INFO - Model settings unchanged.
2026-02-09 13:24:59,465 - INFO - Model settings unchanged.
2026-02-09 13:26:02,538 - INFO - Model settings unchanged.
2026-02-09 13:27:04,583 - INFO - Model settings unchanged.
2026-02-09 13:28:05,660 - WARNING - Could not fetch model settings: ('Connection aborted.', RemoteDisconnected('Remote end closed connection without response'))
2026-02-09 13:29:08,329 - INFO - Model settings unchanged.
2026-02-09 13:30:28,720 - WARNING - Could not fetch model settings: HTTPSConnectionPool(host='server.sparrow-earth.com', port=443): Max retries exceeded with url: /model_settings (Caused by NameResolutionError("<urllib3.connection.HTTPSConnection object at 0x7fff0ba5be80>: Failed to resolve 'server.sparrow-earth.com' ([Errno -3] Temporary failure in name resolution)"))
2026-02-09 13:31:49,104 - WARNING - Could not fetch model settings: HTTPSConnectionPool(host='server.sparrow-earth.com', port=443): Max retries exceeded with url: /model_settings (Caused by NameResolutionError("<urllib3.connection.HTTPSConnection object at 0x7fff0ba5aad0>: Failed to resolve 'server.sparrow-earth.com' ([Errno -3] Temporary failure in name resolution)"))
2026-02-09 13:33:08,624 - WARNING - Could not fetch model settings: HTTPSConnectionPool(host='server.sparrow-earth.com', port=443): Max retries exceeded with url: /model_settings (Caused by NameResolutionError("<urllib3.connection.HTTPSConnection object at 0x7fff0ba5b310>: Failed to resolve 'server.sparrow-earth.com' ([Errno -3] Temporary failure in name resolution)"))
2026-02-09 13:34:32,944 - WARNING - Could not fetch model settings: HTTPSConnectionPool(host='server.sparrow-earth.com', port=443): Max retries exceeded with url: /model_settings (Caused by NameResolutionError("<urllib3.connection.HTTPSConnection object at 0x7fff0ba5ace0>: Failed to resolve 'server.sparrow-earth.com' ([Errno -3] Temporary failure in name resolution)"))
2026-02-09 13:35:54,960 - WARNING - Could not fetch model settings: HTTPSConnectionPool(host='server.sparrow-earth.com', port=443): Max retries exceeded with url: /model_settings (Caused by NameResolutionError("<urllib3.connection.HTTPSConnection object at 0x7fff0ab80e80>: Failed to resolve 'server.sparrow-earth.com' ([Errno -3] Temporary failure in name resolution)"))
2026-02-09 13:37:18,225 - WARNING - Could not fetch model settings: HTTPSConnectionPool(host='server.sparrow-earth.com', port=443): Max retries exceeded with url: /model_settings (Caused by NameResolutionError("<urllib3.connection.HTTPSConnection object at 0x7fff0ba59e70>: Failed to resolve 'server.sparrow-earth.com' ([Errno -3] Temporary failure in name resolution)"))
2026-02-09 13:38:39,088 - WARNING - Could not fetch model settings: HTTPSConnectionPool(host='server.sparrow-earth.com', port=443): Max retries exceeded with url: /model_settings (Caused by NameResolutionError("<urllib3.connection.HTTPSConnection object at 0x7fff0ba59ff0>: Failed to resolve 'server.sparrow-earth.com' ([Errno -3] Temporary failure in name resolution)"))
2026-02-09 13:39:57,744 - WARNING - Could not fetch model settings: HTTPSConnectionPool(host='server.sparrow-earth.com', port=443): Max retries exceeded with url: /model_settings (Caused by NameResolutionError("<urllib3.connection.HTTPSConnection object at 0x7fff0ba5bbb0>: Failed to resolve 'server.sparrow-earth.com' ([Errno -3] Temporary failure in name resolution)"))
2026-02-09 13:41:17,264 - WARNING - Could not fetch model settings: HTTPSConnectionPool(host='server.sparrow-earth.com', port=443): Max retries exceeded with url: /model_settings (Caused by NameResolutionError("<urllib3.connection.HTTPSConnection object at 0x7fff0ba5b6a0>: Failed to resolve 'server.sparrow-earth.com' ([Errno -3] Temporary failure in name resolution)"))
2026-02-09 13:42:38,480 - WARNING - Could not fetch model settings: HTTPSConnectionPool(host='server.sparrow-earth.com', port=443): Max retries exceeded with url: /model_settings (Caused by NameResolutionError("<urllib3.connection.HTTPSConnection object at 0x7fff0ab80cd0>: Failed to resolve 'server.sparrow-earth.com' ([Errno -3] Temporary failure in name resolution)"))
2026-02-09 13:44:02,384 - WARNING - Could not fetch model settings: HTTPSConnectionPool(host='server.sparrow-earth.com', port=443): Max retries exceeded with url: /model_settings (Caused by NameResolutionError("<urllib3.connection.HTTPSConnection object at 0x7fff0ab80130>: Failed to resolve 'server.sparrow-earth.com' ([Errno -3] Temporary failure in name resolution)"))
2026-02-09 13:45:26,736 - WARNING - Could not fetch model settings: HTTPSConnectionPool(host='server.sparrow-earth.com', port=443): Max retries exceeded with url: /model_settings (Caused by NameResolutionError("<urllib3.connection.HTTPSConnection object at 0x7fff0ba5b130>: Failed to resolve 'server.sparrow-earth.com' ([Errno -3] Temporary failure in name resolution)"))
2026-02-09 13:46:50,768 - WARNING - Could not fetch model settings: HTTPSConnectionPool(host='server.sparrow-earth.com', port=443): Max retries exceeded with url: /model_settings (Caused by NameResolutionError("<urllib3.connection.HTTPSConnection object at 0x7fff0ba5a7a0>: Failed to resolve 'server.sparrow-earth.com' ([Errno -3] Temporary failure in name resolution)"))
2026-02-09 13:48:12,336 - WARNING - Could not fetch model settings: HTTPSConnectionPool(host='server.sparrow-earth.com', port=443): Max retries exceeded with url: /model_settings (Caused by NameResolutionError("<urllib3.connection.HTTPSConnection object at 0x7fff0ba5ac80>: Failed to resolve 'server.sparrow-earth.com' ([Errno -3] Temporary failure in name resolution)"))
2026-02-09 13:49:36,240 - WARNING - Could not fetch model settings: HTTPSConnectionPool(host='server.sparrow-earth.com', port=443): Max retries exceeded with url: /model_settings (Caused by NameResolutionError("<urllib3.connection.HTTPSConnection object at 0x7fff0ba5a980>: Failed to resolve 'server.sparrow-earth.com' ([Errno -3] Temporary failure in name resolution)"))
2026-02-09 13:50:57,712 - WARNING - Could not fetch model settings: HTTPSConnectionPool(host='server.sparrow-earth.com', port=443): Max retries exceeded with url: /model_settings (Caused by NameResolutionError("<urllib3.connection.HTTPSConnection object at 0x7fff0ab80f10>: Failed to resolve 'server.sparrow-earth.com' ([Errno -3] Temporary failure in name resolution)"))
2026-02-09 13:52:22,065 - WARNING - Could not fetch model settings: HTTPSConnectionPool(host='server.sparrow-earth.com', port=443): Max retries exceeded with url: /model_settings (Caused by NameResolutionError("<urllib3.connection.HTTPSConnection object at 0x7fff0ab80eb0>: Failed to resolve 'server.sparrow-earth.com' ([Errno -3] Temporary failure in name resolution)"))
2026-02-09 13:53:37,808 - WARNING - Could not fetch model settings: HTTPSConnectionPool(host='server.sparrow-earth.com', port=443): Max retries exceeded with url: /model_settings (Caused by NameResolutionError("<urllib3.connection.HTTPSConnection object at 0x7fff0ba5ab90>: Failed to resolve 'server.sparrow-earth.com' ([Errno -3] Temporary failure in name resolution)"))
2026-02-09 13:54:56,112 - WARNING - Could not fetch model settings: HTTPSConnectionPool(host='server.sparrow-earth.com', port=443): Max retries exceeded with url: /model_settings (Caused by NameResolutionError("<urllib3.connection.HTTPSConnection object at 0x7fff0ba5b0a0>: Failed to resolve 'server.sparrow-earth.com' ([Errno -3] Temporary failure in name resolution)"))
2026-02-09 13:56:10,828 - WARNING - Could not fetch model settings: HTTPSConnectionPool(host='server.sparrow-earth.com', port=443): Max retries exceeded with url: /model_settings (Caused by NameResolutionError("<urllib3.connection.HTTPSConnection object at 0x7fff0ba5bfa0>: Failed to resolve 'server.sparrow-earth.com' ([Errno -3] Temporary failure in name resolution)"))
2026-02-09 13:57:11,399 - INFO - Model settings unchanged.
2026-02-09 13:58:12,299 - INFO - Model settings unchanged.
2026-02-09 13:59:13,434 - INFO - Model settings unchanged.
2026-02-09 14:00:14,378 - INFO - Model settings unchanged.
2026-02-09 14:01:15,805 - INFO - Model settings unchanged.
2026-02-09 14:02:17,703 - INFO - Model settings unchanged.
2026-02-09 14:03:20,301 - INFO - Model settings unchanged.
2026-02-09 14:04:22,201 - INFO - Model settings unchanged.
2026-02-09 14:05:25,304 - INFO - Model settings unchanged.
2026-02-09 14:07:02,896 - WARNING - Could not fetch model settings: HTTPSConnectionPool(host='server.sparrow-earth.com', port=443): Max retries exceeded with url: /model_settings (Caused by NameResolutionError("<urllib3.connection.HTTPSConnection object at 0x7fff0ab80df0>: Failed to resolve 'server.sparrow-earth.com' ([Errno -3] Temporary failure in name resolution)"))
2026-02-09 14:08:27,824 - WARNING - Could not fetch model settings: HTTPSConnectionPool(host='server.sparrow-earth.com', port=443): Max retries exceeded with url: /model_settings (Caused by NameResolutionError("<urllib3.connection.HTTPSConnection object at 0x7fff0ab81420>: Failed to resolve 'server.sparrow-earth.com' ([Errno -3] Temporary failure in name resolution)"))
2026-02-09 14:09:29,832 - INFO - Model settings unchanged.
2026-02-09 14:10:32,319 - INFO - Model settings unchanged.
2026-02-09 14:11:33,295 - INFO - Model settings unchanged.
2026-02-09 14:12:34,906 - INFO - Model settings unchanged.
2026-02-09 14:13:35,822 - INFO - Model settings unchanged.
2026-02-09 14:14:36,829 - INFO - Model settings unchanged.
2026-02-09 14:15:43,829 - INFO - Model settings unchanged.
2026-02-09 14:16:45,851 - INFO - Model settings unchanged.
2026-02-09 14:17:46,851 - INFO - Model settings unchanged.
2026-02-09 14:18:47,487 - INFO - Model settings unchanged.
2026-02-09 14:19:48,841 - INFO - Model settings unchanged.
2026-02-09 14:20:49,441 - INFO - Model settings unchanged.
2026-02-09 14:21:53,934 - INFO - Model settings unchanged.
2026-02-09 14:23:13,584 - WARNING - Could not fetch model settings: HTTPSConnectionPool(host='server.sparrow-earth.com', port=443): Max retries exceeded with url: /model_settings (Caused by NameResolutionError("<urllib3.connection.HTTPSConnection object at 0x7fff0ba5b370>: Failed to resolve 'server.sparrow-earth.com' ([Errno -3] Temporary failure in name resolution)"))
2026-02-09 14:24:42,448 - WARNING - Could not fetch model settings: HTTPSConnectionPool(host='server.sparrow-earth.com', port=443): Max retries exceeded with url: /model_settings (Caused by NameResolutionError("<urllib3.connection.HTTPSConnection object at 0x7fff0ba5afb0>: Failed to resolve 'server.sparrow-earth.com' ([Errno -3] Temporary failure in name resolution)"))
2026-02-09 14:26:16,944 - WARNING - Could not fetch model settings: HTTPSConnectionPool(host='server.sparrow-earth.com', port=443): Max retries exceeded with url: /model_settings (Caused by NameResolutionError("<urllib3.connection.HTTPSConnection object at 0x7fff0ba59e70>: Failed to resolve 'server.sparrow-earth.com' ([Errno -3] Temporary failure in name resolution)"))
2026-02-09 14:27:38,512 - WARNING - Could not fetch model settings: HTTPSConnectionPool(host='server.sparrow-earth.com', port=443): Max retries exceeded with url: /model_settings (Caused by NameResolutionError("<urllib3.connection.HTTPSConnection object at 0x7fff0ab80bb0>: Failed to resolve 'server.sparrow-earth.com' ([Errno -3] Temporary failure in name resolution)"))
2026-02-09 14:28:45,087 - INFO - Model settings unchanged.
2026-02-09 14:29:46,342 - INFO - Model settings unchanged.
2026-02-09 14:31:06,928 - WARNING - Could not fetch model settings: HTTPSConnectionPool(host='server.sparrow-earth.com', port=443): Max retries exceeded with url: /model_settings (Caused by NameResolutionError("<urllib3.connection.HTTPSConnection object at 0x7fff0ab81450>: Failed to resolve 'server.sparrow-earth.com' ([Errno -3] Temporary failure in name resolution)"))
2026-02-09 14:32:31,280 - WARNING - Could not fetch model settings: HTTPSConnectionPool(host='server.sparrow-earth.com', port=443): Max retries exceeded with url: /model_settings (Caused by NameResolutionError("<urllib3.connection.HTTPSConnection object at 0x7fff0ba5af80>: Failed to resolve 'server.sparrow-earth.com' ([Errno -3] Temporary failure in name resolution)"))
2026-02-09 14:33:50,736 - WARNING - Could not fetch model settings: HTTPSConnectionPool(host='server.sparrow-earth.com', port=443): Max retries exceeded with url: /model_settings (Caused by NameResolutionError("<urllib3.connection.HTTPSConnection object at 0x7fff0ba5a590>: Failed to resolve 'server.sparrow-earth.com' ([Errno -3] Temporary failure in name resolution)"))
2026-02-09 14:35:07,952 - WARNING - Could not fetch model settings: HTTPSConnectionPool(host='server.sparrow-earth.com', port=443): Max retries exceeded with url: /model_settings (Caused by NameResolutionError("<urllib3.connection.HTTPSConnection object at 0x7fff0ba5b160>: Failed to resolve 'server.sparrow-earth.com' ([Errno -3] Temporary failure in name resolution)"))
2026-02-09 14:36:27,504 - WARNING - Could not fetch model settings: HTTPSConnectionPool(host='server.sparrow-earth.com', port=443): Max retries exceeded with url: /model_settings (Caused by NameResolutionError("<urllib3.connection.HTTPSConnection object at 0x7fff0ba5b490>: Failed to resolve 'server.sparrow-earth.com' ([Errno -3] Temporary failure in name resolution)"))
2026-02-09 14:37:28,761 - INFO - Model settings unchanged.
2026-02-09 14:38:30,618 - INFO - Model settings unchanged.
2026-02-09 14:39:31,786 - INFO - Model settings unchanged.
2026-02-09 14:40:32,761 - INFO - Model settings unchanged.
2026-02-09 14:41:34,622 - INFO - Model settings unchanged.
2026-02-09 14:42:35,635 - INFO - Model settings unchanged.
2026-02-09 14:43:37,022 - INFO - Model settings unchanged.
