2026-02-06 12:38:26,581 [INFO] Loaded AUTH_KEY
2026-02-06 12:38:26,582 [INFO] Generated Hardware ID: abbe69b9814d
2026-02-06 12:38:26,582 [INFO] Generated unit_id: abbe69b9814d
2026-02-06 12:38:26,582 [INFO] Local models directory: /home/sparrow/Desktop/system/Models/tritonserver/model_repository
2026-02-06 12:40:27,424 [ERROR] Triton did not become ready in time.
2026-02-06 12:42:28,487 [ERROR] Triton not ready; skipping autoload.
2026-02-06 12:42:28,487 [INFO] Checking server for model updates...
2026-02-06 12:42:28,988 [ERROR] model_update request failed: 422 Client Error: Unprocessable Entity for url: https://server.sparrow-earth.com/model_update
2026-02-06 12:42:28,989 [INFO] Server unreachable or empty response.
2026-02-06 12:42:28,989 [INFO] Sleeping 60s...
2026-02-06 12:43:29,038 [INFO] Checking server for model updates...
2026-02-06 12:43:29,457 [ERROR] model_update request failed: 422 Client Error: Unprocessable Entity for url: https://server.sparrow-earth.com/model_update
2026-02-06 12:43:29,457 [INFO] Server unreachable or empty response.
2026-02-06 12:43:29,458 [INFO] Sleeping 60s...
2026-02-06 12:44:29,517 [INFO] Checking server for model updates...
2026-02-06 12:44:30,025 [ERROR] model_update request failed: 422 Client Error: Unprocessable Entity for url: https://server.sparrow-earth.com/model_update
2026-02-06 12:44:30,026 [INFO] Server unreachable or empty response.
2026-02-06 12:44:30,026 [INFO] Sleeping 60s...
2026-02-06 12:45:30,085 [INFO] Checking server for model updates...
2026-02-06 12:45:30,598 [ERROR] model_update request failed: 422 Client Error: Unprocessable Entity for url: https://server.sparrow-earth.com/model_update
2026-02-06 12:45:30,599 [INFO] Server unreachable or empty response.
2026-02-06 12:45:30,599 [INFO] Sleeping 60s...
2026-02-06 12:46:30,659 [INFO] Checking server for model updates...
2026-02-06 12:46:31,120 [ERROR] model_update request failed: 422 Client Error: Unprocessable Entity for url: https://server.sparrow-earth.com/model_update
2026-02-06 12:46:31,121 [INFO] Server unreachable or empty response.
2026-02-06 12:46:31,121 [INFO] Sleeping 60s...
2026-02-06 12:47:31,181 [INFO] Checking server for model updates...
2026-02-06 12:47:31,670 [ERROR] model_update request failed: 422 Client Error: Unprocessable Entity for url: https://server.sparrow-earth.com/model_update
2026-02-06 12:47:31,671 [INFO] Server unreachable or empty response.
2026-02-06 12:47:31,671 [INFO] Sleeping 60s...
2026-02-06 12:48:31,729 [INFO] Checking server for model updates...
2026-02-06 12:48:32,120 [ERROR] model_update request failed: 422 Client Error: Unprocessable Entity for url: https://server.sparrow-earth.com/model_update
2026-02-06 12:48:32,120 [INFO] Server unreachable or empty response.
2026-02-06 12:48:32,120 [INFO] Sleeping 60s...
2026-02-06 12:49:32,130 [INFO] Checking server for model updates...
2026-02-06 12:49:32,611 [ERROR] model_update request failed: 422 Client Error: Unprocessable Entity for url: https://server.sparrow-earth.com/model_update
2026-02-06 12:49:32,612 [INFO] Server unreachable or empty response.
2026-02-06 12:49:32,612 [INFO] Sleeping 60s...
2026-02-06 12:50:32,672 [INFO] Checking server for model updates...
2026-02-06 12:50:33,143 [ERROR] model_update request failed: 422 Client Error: Unprocessable Entity for url: https://server.sparrow-earth.com/model_update
2026-02-06 12:50:33,143 [INFO] Server unreachable or empty response.
2026-02-06 12:50:33,143 [INFO] Sleeping 60s...
2026-02-06 12:51:33,182 [INFO] Checking server for model updates...
2026-02-06 12:51:33,664 [ERROR] model_update request failed: 422 Client Error: Unprocessable Entity for url: https://server.sparrow-earth.com/model_update
2026-02-06 12:51:33,665 [INFO] Server unreachable or empty response.
2026-02-06 12:51:33,665 [INFO] Sleeping 60s...
2026-02-06 12:52:33,693 [INFO] Checking server for model updates...
2026-02-06 12:52:34,156 [ERROR] model_update request failed: 422 Client Error: Unprocessable Entity for url: https://server.sparrow-earth.com/model_update
2026-02-06 12:52:34,157 [INFO] Server unreachable or empty response.
2026-02-06 12:52:34,157 [INFO] Sleeping 60s...
2026-02-06 12:53:34,217 [INFO] Checking server for model updates...
2026-02-06 12:53:34,676 [ERROR] model_update request failed: 422 Client Error: Unprocessable Entity for url: https://server.sparrow-earth.com/model_update
2026-02-06 12:53:34,677 [INFO] Server unreachable or empty response.
2026-02-06 12:53:34,677 [INFO] Sleeping 60s...
2026-02-06 12:54:34,737 [INFO] Checking server for model updates...
2026-02-06 12:54:35,217 [ERROR] model_update request failed: 422 Client Error: Unprocessable Entity for url: https://server.sparrow-earth.com/model_update
2026-02-06 12:54:35,217 [INFO] Server unreachable or empty response.
2026-02-06 12:54:35,218 [INFO] Sleeping 60s...
2026-02-06 12:55:35,278 [INFO] Checking server for model updates...
2026-02-06 12:55:35,764 [ERROR] model_update request failed: 422 Client Error: Unprocessable Entity for url: https://server.sparrow-earth.com/model_update
2026-02-06 12:55:35,765 [INFO] Server unreachable or empty response.
2026-02-06 12:55:35,765 [INFO] Sleeping 60s...
2026-02-06 12:56:35,783 [INFO] Checking server for model updates...
2026-02-06 12:56:36,309 [ERROR] model_update request failed: 422 Client Error: Unprocessable Entity for url: https://server.sparrow-earth.com/model_update
2026-02-06 12:56:36,310 [INFO] Server unreachable or empty response.
2026-02-06 12:56:36,310 [INFO] Sleeping 60s...
2026-02-06 12:57:36,370 [INFO] Checking server for model updates...
2026-02-06 12:57:36,857 [ERROR] model_update request failed: 422 Client Error: Unprocessable Entity for url: https://server.sparrow-earth.com/model_update
2026-02-06 12:57:36,858 [INFO] Server unreachable or empty response.
2026-02-06 12:57:36,858 [INFO] Sleeping 60s...
2026-02-06 12:58:36,904 [INFO] Checking server for model updates...
2026-02-06 12:58:37,408 [ERROR] model_update request failed: 422 Client Error: Unprocessable Entity for url: https://server.sparrow-earth.com/model_update
2026-02-06 12:58:37,409 [INFO] Server unreachable or empty response.
2026-02-06 12:58:37,409 [INFO] Sleeping 60s...
2026-02-06 12:59:37,469 [INFO] Checking server for model updates...
2026-02-06 12:59:38,001 [ERROR] model_update request failed: 422 Client Error: Unprocessable Entity for url: https://server.sparrow-earth.com/model_update
2026-02-06 12:59:38,001 [INFO] Server unreachable or empty response.
2026-02-06 12:59:38,002 [INFO] Sleeping 60s...
2026-02-06 13:00:38,062 [INFO] Checking server for model updates...
2026-02-06 13:00:38,533 [ERROR] model_update request failed: 422 Client Error: Unprocessable Entity for url: https://server.sparrow-earth.com/model_update
2026-02-06 13:00:38,534 [INFO] Server unreachable or empty response.
2026-02-06 13:00:38,534 [INFO] Sleeping 60s...
2026-02-06 13:01:38,583 [INFO] Checking server for model updates...
2026-02-06 13:01:39,127 [ERROR] model_update request failed: 422 Client Error: Unprocessable Entity for url: https://server.sparrow-earth.com/model_update
2026-02-06 13:01:39,128 [INFO] Server unreachable or empty response.
2026-02-06 13:01:39,128 [INFO] Sleeping 60s...
2026-02-06 13:02:39,165 [INFO] Checking server for model updates...
2026-02-06 13:02:39,652 [ERROR] model_update request failed: 422 Client Error: Unprocessable Entity for url: https://server.sparrow-earth.com/model_update
2026-02-06 13:02:39,652 [INFO] Server unreachable or empty response.
2026-02-06 13:02:39,652 [INFO] Sleeping 60s...
2026-02-06 13:03:39,683 [INFO] Checking server for model updates...
2026-02-06 13:03:40,140 [ERROR] model_update request failed: 422 Client Error: Unprocessable Entity for url: https://server.sparrow-earth.com/model_update
2026-02-06 13:03:40,140 [INFO] Server unreachable or empty response.
2026-02-06 13:03:40,141 [INFO] Sleeping 60s...
2026-02-06 13:04:40,193 [INFO] Checking server for model updates...
2026-02-06 13:04:40,638 [ERROR] model_update request failed: 422 Client Error: Unprocessable Entity for url: https://server.sparrow-earth.com/model_update
2026-02-06 13:04:40,638 [INFO] Server unreachable or empty response.
2026-02-06 13:04:40,639 [INFO] Sleeping 60s...
2026-02-06 13:05:40,697 [INFO] Checking server for model updates...
2026-02-06 13:05:41,196 [ERROR] model_update request failed: 422 Client Error: Unprocessable Entity for url: https://server.sparrow-earth.com/model_update
2026-02-06 13:05:41,197 [INFO] Server unreachable or empty response.
2026-02-06 13:05:41,197 [INFO] Sleeping 60s...
2026-02-06 13:06:41,257 [INFO] Checking server for model updates...
2026-02-06 13:06:41,693 [ERROR] model_update request failed: 422 Client Error: Unprocessable Entity for url: https://server.sparrow-earth.com/model_update
2026-02-06 13:06:41,694 [INFO] Server unreachable or empty response.
2026-02-06 13:06:41,694 [INFO] Sleeping 60s...
2026-02-06 13:07:41,754 [INFO] Checking server for model updates...
2026-02-06 13:07:42,199 [ERROR] model_update request failed: 422 Client Error: Unprocessable Entity for url: https://server.sparrow-earth.com/model_update
2026-02-06 13:07:42,200 [INFO] Server unreachable or empty response.
2026-02-06 13:07:42,200 [INFO] Sleeping 60s...
2026-02-06 13:08:42,241 [INFO] Checking server for model updates...
2026-02-06 13:08:42,668 [ERROR] model_update request failed: 422 Client Error: Unprocessable Entity for url: https://server.sparrow-earth.com/model_update
2026-02-06 13:08:42,668 [INFO] Server unreachable or empty response.
2026-02-06 13:08:42,668 [INFO] Sleeping 60s...
2026-02-06 13:09:42,728 [INFO] Checking server for model updates...
2026-02-06 13:09:43,191 [ERROR] model_update request failed: 422 Client Error: Unprocessable Entity for url: https://server.sparrow-earth.com/model_update
2026-02-06 13:09:43,191 [INFO] Server unreachable or empty response.
2026-02-06 13:09:43,192 [INFO] Sleeping 60s...
2026-02-06 13:10:43,248 [INFO] Checking server for model updates...
2026-02-06 13:10:44,001 [ERROR] model_update request failed: 422 Client Error: Unprocessable Entity for url: https://server.sparrow-earth.com/model_update
2026-02-06 13:10:44,001 [INFO] Server unreachable or empty response.
2026-02-06 13:10:44,002 [INFO] Sleeping 60s...
2026-02-06 13:11:44,023 [INFO] Checking server for model updates...
2026-02-06 13:11:44,690 [ERROR] model_update request failed: 422 Client Error: Unprocessable Entity for url: https://server.sparrow-earth.com/model_update
2026-02-06 13:11:44,691 [INFO] Server unreachable or empty response.
2026-02-06 13:11:44,691 [INFO] Sleeping 60s...
2026-02-06 13:12:44,737 [INFO] Checking server for model updates...
2026-02-06 13:12:45,452 [ERROR] model_update request failed: 422 Client Error: Unprocessable Entity for url: https://server.sparrow-earth.com/model_update
2026-02-06 13:12:45,452 [INFO] Server unreachable or empty response.
2026-02-06 13:12:45,452 [INFO] Sleeping 60s...
2026-02-06 13:13:45,503 [INFO] Checking server for model updates...
2026-02-06 13:13:45,958 [ERROR] model_update request failed: 422 Client Error: Unprocessable Entity for url: https://server.sparrow-earth.com/model_update
2026-02-06 13:13:45,958 [INFO] Server unreachable or empty response.
2026-02-06 13:13:45,958 [INFO] Sleeping 60s...
2026-02-06 13:14:45,959 [INFO] Checking server for model updates...
2026-02-06 13:14:46,641 [ERROR] model_update request failed: 422 Client Error: Unprocessable Entity for url: https://server.sparrow-earth.com/model_update
2026-02-06 13:14:46,642 [INFO] Server unreachable or empty response.
2026-02-06 13:14:46,642 [INFO] Sleeping 60s...
2026-02-06 13:15:46,686 [INFO] Checking server for model updates...
2026-02-06 13:15:47,211 [ERROR] model_update request failed: 422 Client Error: Unprocessable Entity for url: https://server.sparrow-earth.com/model_update
2026-02-06 13:15:47,212 [INFO] Server unreachable or empty response.
2026-02-06 13:15:47,212 [INFO] Sleeping 60s...
2026-02-06 13:16:47,263 [INFO] Checking server for model updates...
2026-02-06 13:16:47,764 [ERROR] model_update request failed: 422 Client Error: Unprocessable Entity for url: https://server.sparrow-earth.com/model_update
2026-02-06 13:16:47,765 [INFO] Server unreachable or empty response.
2026-02-06 13:16:47,765 [INFO] Sleeping 60s...
2026-02-06 13:17:47,765 [INFO] Checking server for model updates...
2026-02-06 13:17:48,250 [ERROR] model_update request failed: 422 Client Error: Unprocessable Entity for url: https://server.sparrow-earth.com/model_update
2026-02-06 13:17:48,251 [INFO] Server unreachable or empty response.
2026-02-06 13:17:48,251 [INFO] Sleeping 60s...
2026-02-06 13:18:48,267 [INFO] Checking server for model updates...
2026-02-06 13:18:48,741 [ERROR] model_update request failed: 422 Client Error: Unprocessable Entity for url: https://server.sparrow-earth.com/model_update
2026-02-06 13:18:48,741 [INFO] Server unreachable or empty response.
2026-02-06 13:18:48,742 [INFO] Sleeping 60s...
2026-02-06 13:19:48,786 [INFO] Checking server for model updates...
2026-02-06 13:19:49,221 [ERROR] model_update request failed: 422 Client Error: Unprocessable Entity for url: https://server.sparrow-earth.com/model_update
2026-02-06 13:19:49,222 [INFO] Server unreachable or empty response.
2026-02-06 13:19:49,222 [INFO] Sleeping 60s...
2026-02-06 13:20:49,243 [INFO] Checking server for model updates...
2026-02-06 13:20:49,726 [ERROR] model_update request failed: 422 Client Error: Unprocessable Entity for url: https://server.sparrow-earth.com/model_update
2026-02-06 13:20:49,726 [INFO] Server unreachable or empty response.
2026-02-06 13:20:49,727 [INFO] Sleeping 60s...
2026-02-06 13:21:49,737 [INFO] Checking server for model updates...
2026-02-06 13:21:50,206 [ERROR] model_update request failed: 422 Client Error: Unprocessable Entity for url: https://server.sparrow-earth.com/model_update
2026-02-06 13:21:50,207 [INFO] Server unreachable or empty response.
2026-02-06 13:21:50,207 [INFO] Sleeping 60s...
2026-02-06 13:22:50,263 [INFO] Checking server for model updates...
2026-02-06 13:22:50,711 [ERROR] model_update request failed: 422 Client Error: Unprocessable Entity for url: https://server.sparrow-earth.com/model_update
2026-02-06 13:22:50,711 [INFO] Server unreachable or empty response.
2026-02-06 13:22:50,711 [INFO] Sleeping 60s...
2026-02-06 13:23:50,770 [INFO] Checking server for model updates...
2026-02-06 13:23:51,237 [ERROR] model_update request failed: 422 Client Error: Unprocessable Entity for url: https://server.sparrow-earth.com/model_update
2026-02-06 13:23:51,238 [INFO] Server unreachable or empty response.
2026-02-06 13:23:51,238 [INFO] Sleeping 60s...
2026-02-06 13:24:51,299 [INFO] Checking server for model updates...
2026-02-06 13:24:51,766 [ERROR] model_update request failed: 422 Client Error: Unprocessable Entity for url: https://server.sparrow-earth.com/model_update
2026-02-06 13:24:51,766 [INFO] Server unreachable or empty response.
2026-02-06 13:24:51,766 [INFO] Sleeping 60s...
2026-02-06 13:25:51,805 [INFO] Checking server for model updates...
2026-02-06 13:25:52,270 [ERROR] model_update request failed: 422 Client Error: Unprocessable Entity for url: https://server.sparrow-earth.com/model_update
2026-02-06 13:25:52,271 [INFO] Server unreachable or empty response.
2026-02-06 13:25:52,271 [INFO] Sleeping 60s...
2026-02-06 13:26:52,303 [INFO] Checking server for model updates...
2026-02-06 13:26:52,771 [ERROR] model_update request failed: 422 Client Error: Unprocessable Entity for url: https://server.sparrow-earth.com/model_update
2026-02-06 13:26:52,772 [INFO] Server unreachable or empty response.
2026-02-06 13:26:52,772 [INFO] Sleeping 60s...
2026-02-06 13:27:52,832 [INFO] Checking server for model updates...
2026-02-06 13:27:53,306 [ERROR] model_update request failed: 422 Client Error: Unprocessable Entity for url: https://server.sparrow-earth.com/model_update
2026-02-06 13:27:53,307 [INFO] Server unreachable or empty response.
2026-02-06 13:27:53,307 [INFO] Sleeping 60s...
2026-02-06 13:28:53,363 [INFO] Checking server for model updates...
2026-02-06 13:28:53,863 [ERROR] model_update request failed: 422 Client Error: Unprocessable Entity for url: https://server.sparrow-earth.com/model_update
2026-02-06 13:28:53,864 [INFO] Server unreachable or empty response.
2026-02-06 13:28:53,864 [INFO] Sleeping 60s...
2026-02-06 13:29:53,909 [INFO] Checking server for model updates...
2026-02-06 13:29:54,374 [ERROR] model_update request failed: 422 Client Error: Unprocessable Entity for url: https://server.sparrow-earth.com/model_update
2026-02-06 13:29:54,375 [INFO] Server unreachable or empty response.
2026-02-06 13:29:54,375 [INFO] Sleeping 60s...
2026-02-06 13:30:54,383 [INFO] Checking server for model updates...
2026-02-06 13:30:54,850 [ERROR] model_update request failed: 422 Client Error: Unprocessable Entity for url: https://server.sparrow-earth.com/model_update
2026-02-06 13:30:54,851 [INFO] Server unreachable or empty response.
2026-02-06 13:30:54,851 [INFO] Sleeping 60s...
2026-02-06 13:31:54,873 [INFO] Checking server for model updates...
2026-02-06 13:31:55,358 [ERROR] model_update request failed: 422 Client Error: Unprocessable Entity for url: https://server.sparrow-earth.com/model_update
2026-02-06 13:31:55,358 [INFO] Server unreachable or empty response.
2026-02-06 13:31:55,358 [INFO] Sleeping 60s...
2026-02-06 13:32:55,403 [INFO] Checking server for model updates...
2026-02-06 13:32:55,876 [ERROR] model_update request failed: 422 Client Error: Unprocessable Entity for url: https://server.sparrow-earth.com/model_update
2026-02-06 13:32:55,877 [INFO] Server unreachable or empty response.
2026-02-06 13:32:55,877 [INFO] Sleeping 60s...
2026-02-06 13:33:55,903 [INFO] Checking server for model updates...
2026-02-06 13:33:56,463 [ERROR] model_update request failed: 422 Client Error: Unprocessable Entity for url: https://server.sparrow-earth.com/model_update
2026-02-06 13:33:56,463 [INFO] Server unreachable or empty response.
2026-02-06 13:33:56,464 [INFO] Sleeping 60s...
2026-02-06 13:34:56,510 [INFO] Checking server for model updates...
2026-02-06 13:34:56,984 [ERROR] model_update request failed: 422 Client Error: Unprocessable Entity for url: https://server.sparrow-earth.com/model_update
2026-02-06 13:34:56,984 [INFO] Server unreachable or empty response.
2026-02-06 13:34:56,984 [INFO] Sleeping 60s...
2026-02-06 13:35:57,003 [INFO] Checking server for model updates...
2026-02-06 13:35:57,509 [ERROR] model_update request failed: 422 Client Error: Unprocessable Entity for url: https://server.sparrow-earth.com/model_update
2026-02-06 13:35:57,509 [INFO] Server unreachable or empty response.
2026-02-06 13:35:57,510 [INFO] Sleeping 60s...
2026-02-06 13:36:57,550 [INFO] Checking server for model updates...
2026-02-06 13:36:58,061 [ERROR] model_update request failed: 422 Client Error: Unprocessable Entity for url: https://server.sparrow-earth.com/model_update
2026-02-06 13:36:58,062 [INFO] Server unreachable or empty response.
2026-02-06 13:36:58,062 [INFO] Sleeping 60s...
2026-02-06 13:37:58,122 [INFO] Checking server for model updates...
2026-02-06 13:37:58,619 [ERROR] model_update request failed: 422 Client Error: Unprocessable Entity for url: https://server.sparrow-earth.com/model_update
2026-02-06 13:37:58,620 [INFO] Server unreachable or empty response.
2026-02-06 13:37:58,620 [INFO] Sleeping 60s...
2026-02-06 13:38:58,630 [INFO] Checking server for model updates...
2026-02-06 13:38:59,116 [ERROR] model_update request failed: 422 Client Error: Unprocessable Entity for url: https://server.sparrow-earth.com/model_update
2026-02-06 13:38:59,117 [INFO] Server unreachable or empty response.
2026-02-06 13:38:59,117 [INFO] Sleeping 60s...
2026-02-06 13:39:59,165 [INFO] Checking server for model updates...
2026-02-06 13:39:59,648 [ERROR] model_update request failed: 422 Client Error: Unprocessable Entity for url: https://server.sparrow-earth.com/model_update
2026-02-06 13:39:59,648 [INFO] Server unreachable or empty response.
2026-02-06 13:39:59,649 [INFO] Sleeping 60s...
2026-02-06 13:40:59,708 [INFO] Checking server for model updates...
2026-02-06 13:41:00,168 [ERROR] model_update request failed: 422 Client Error: Unprocessable Entity for url: https://server.sparrow-earth.com/model_update
2026-02-06 13:41:00,168 [INFO] Server unreachable or empty response.
2026-02-06 13:41:00,168 [INFO] Sleeping 60s...
2026-02-06 13:42:00,218 [INFO] Checking server for model updates...
2026-02-06 13:42:00,693 [ERROR] model_update request failed: 422 Client Error: Unprocessable Entity for url: https://server.sparrow-earth.com/model_update
2026-02-06 13:42:00,693 [INFO] Server unreachable or empty response.
2026-02-06 13:42:00,694 [INFO] Sleeping 60s...
2026-02-06 13:43:00,725 [INFO] Checking server for model updates...
2026-02-06 13:43:01,192 [ERROR] model_update request failed: 422 Client Error: Unprocessable Entity for url: https://server.sparrow-earth.com/model_update
2026-02-06 13:43:01,192 [INFO] Server unreachable or empty response.
2026-02-06 13:43:01,192 [INFO] Sleeping 60s...
2026-02-06 13:44:01,237 [INFO] Checking server for model updates...
2026-02-06 13:44:01,724 [ERROR] model_update request failed: 422 Client Error: Unprocessable Entity for url: https://server.sparrow-earth.com/model_update
2026-02-06 13:44:01,724 [INFO] Server unreachable or empty response.
2026-02-06 13:44:01,724 [INFO] Sleeping 60s...
2026-02-06 13:45:01,757 [INFO] Checking server for model updates...
2026-02-06 13:45:02,445 [ERROR] model_update request failed: 422 Client Error: Unprocessable Entity for url: https://server.sparrow-earth.com/model_update
2026-02-06 13:45:02,446 [INFO] Server unreachable or empty response.
2026-02-06 13:45:02,446 [INFO] Sleeping 60s...
2026-02-06 13:46:02,506 [INFO] Checking server for model updates...
2026-02-06 13:46:02,979 [ERROR] model_update request failed: 422 Client Error: Unprocessable Entity for url: https://server.sparrow-earth.com/model_update
2026-02-06 13:46:02,979 [INFO] Server unreachable or empty response.
2026-02-06 13:46:02,979 [INFO] Sleeping 60s...
2026-02-06 13:47:03,037 [INFO] Checking server for model updates...
2026-02-06 13:47:03,445 [ERROR] model_update request failed: 422 Client Error: Unprocessable Entity for url: https://server.sparrow-earth.com/model_update
2026-02-06 13:47:03,445 [INFO] Server unreachable or empty response.
2026-02-06 13:47:03,446 [INFO] Sleeping 60s...
2026-02-06 13:48:03,483 [INFO] Checking server for model updates...
2026-02-06 13:48:03,906 [ERROR] model_update request failed: 422 Client Error: Unprocessable Entity for url: https://server.sparrow-earth.com/model_update
2026-02-06 13:48:03,906 [INFO] Server unreachable or empty response.
2026-02-06 13:48:03,906 [INFO] Sleeping 60s...
2026-02-06 13:49:03,963 [INFO] Checking server for model updates...
2026-02-06 13:49:04,446 [ERROR] model_update request failed: 422 Client Error: Unprocessable Entity for url: https://server.sparrow-earth.com/model_update
2026-02-06 13:49:04,447 [INFO] Server unreachable or empty response.
2026-02-06 13:49:04,447 [INFO] Sleeping 60s...
2026-02-06 13:50:04,481 [INFO] Checking server for model updates...
2026-02-06 13:50:04,907 [ERROR] model_update request failed: 422 Client Error: Unprocessable Entity for url: https://server.sparrow-earth.com/model_update
2026-02-06 13:50:04,908 [INFO] Server unreachable or empty response.
2026-02-06 13:50:04,908 [INFO] Sleeping 60s...
2026-02-06 13:51:04,963 [INFO] Checking server for model updates...
2026-02-06 13:51:05,458 [ERROR] model_update request failed: 422 Client Error: Unprocessable Entity for url: https://server.sparrow-earth.com/model_update
2026-02-06 13:51:05,458 [INFO] Server unreachable or empty response.
2026-02-06 13:51:05,458 [INFO] Sleeping 60s...
2026-02-06 13:52:05,519 [INFO] Checking server for model updates...
2026-02-06 13:52:06,009 [ERROR] model_update request failed: 422 Client Error: Unprocessable Entity for url: https://server.sparrow-earth.com/model_update
2026-02-06 13:52:06,009 [INFO] Server unreachable or empty response.
2026-02-06 13:52:06,009 [INFO] Sleeping 60s...
2026-02-06 13:53:06,015 [INFO] Checking server for model updates...
2026-02-06 13:53:06,476 [ERROR] model_update request failed: 422 Client Error: Unprocessable Entity for url: https://server.sparrow-earth.com/model_update
2026-02-06 13:53:06,477 [INFO] Server unreachable or empty response.
2026-02-06 13:53:06,477 [INFO] Sleeping 60s...
2026-02-06 13:54:06,537 [INFO] Checking server for model updates...
2026-02-06 13:54:07,018 [ERROR] model_update request failed: 422 Client Error: Unprocessable Entity for url: https://server.sparrow-earth.com/model_update
2026-02-06 13:54:07,019 [INFO] Server unreachable or empty response.
2026-02-06 13:54:07,019 [INFO] Sleeping 60s...
2026-02-06 13:55:07,077 [INFO] Checking server for model updates...
2026-02-06 13:55:07,506 [ERROR] model_update request failed: 422 Client Error: Unprocessable Entity for url: https://server.sparrow-earth.com/model_update
2026-02-06 13:55:07,507 [INFO] Server unreachable or empty response.
2026-02-06 13:55:07,507 [INFO] Sleeping 60s...
2026-02-06 13:56:07,518 [INFO] Checking server for model updates...
2026-02-06 13:56:07,990 [ERROR] model_update request failed: 422 Client Error: Unprocessable Entity for url: https://server.sparrow-earth.com/model_update
2026-02-06 13:56:07,990 [INFO] Server unreachable or empty response.
2026-02-06 13:56:07,990 [INFO] Sleeping 60s...
2026-02-06 13:57:08,037 [INFO] Checking server for model updates...
2026-02-06 13:57:08,470 [ERROR] model_update request failed: 422 Client Error: Unprocessable Entity for url: https://server.sparrow-earth.com/model_update
2026-02-06 13:57:08,471 [INFO] Server unreachable or empty response.
2026-02-06 13:57:08,471 [INFO] Sleeping 60s...
2026-02-06 13:58:08,525 [INFO] Checking server for model updates...
2026-02-06 13:58:08,961 [ERROR] model_update request failed: 422 Client Error: Unprocessable Entity for url: https://server.sparrow-earth.com/model_update
2026-02-06 13:58:08,961 [INFO] Server unreachable or empty response.
2026-02-06 13:58:08,961 [INFO] Sleeping 60s...
2026-02-06 13:59:08,974 [INFO] Checking server for model updates...
2026-02-06 13:59:09,420 [ERROR] model_update request failed: 422 Client Error: Unprocessable Entity for url: https://server.sparrow-earth.com/model_update
2026-02-06 13:59:09,420 [INFO] Server unreachable or empty response.
2026-02-06 13:59:09,420 [INFO] Sleeping 60s...
2026-02-06 14:00:09,437 [INFO] Checking server for model updates...
2026-02-06 14:00:09,923 [ERROR] model_update request failed: 422 Client Error: Unprocessable Entity for url: https://server.sparrow-earth.com/model_update
2026-02-06 14:00:09,923 [INFO] Server unreachable or empty response.
2026-02-06 14:00:09,923 [INFO] Sleeping 60s...
2026-02-06 14:01:09,983 [INFO] Checking server for model updates...
2026-02-06 14:01:10,539 [ERROR] model_update request failed: 422 Client Error: Unprocessable Entity for url: https://server.sparrow-earth.com/model_update
2026-02-06 14:01:10,539 [INFO] Server unreachable or empty response.
2026-02-06 14:01:10,539 [INFO] Sleeping 60s...
2026-02-06 14:02:10,600 [INFO] Checking server for model updates...
2026-02-06 14:02:11,042 [ERROR] model_update request failed: 422 Client Error: Unprocessable Entity for url: https://server.sparrow-earth.com/model_update
2026-02-06 14:02:11,042 [INFO] Server unreachable or empty response.
2026-02-06 14:02:11,042 [INFO] Sleeping 60s...
2026-02-06 14:03:11,097 [INFO] Checking server for model updates...
2026-02-06 14:03:11,590 [ERROR] model_update request failed: 422 Client Error: Unprocessable Entity for url: https://server.sparrow-earth.com/model_update
2026-02-06 14:03:11,590 [INFO] Server unreachable or empty response.
2026-02-06 14:03:11,590 [INFO] Sleeping 60s...
2026-02-06 14:04:11,607 [INFO] Checking server for model updates...
2026-02-06 14:04:12,086 [ERROR] model_update request failed: 422 Client Error: Unprocessable Entity for url: https://server.sparrow-earth.com/model_update
2026-02-06 14:04:12,087 [INFO] Server unreachable or empty response.
2026-02-06 14:04:12,087 [INFO] Sleeping 60s...
2026-02-06 14:05:12,131 [INFO] Checking server for model updates...
2026-02-06 14:05:12,619 [ERROR] model_update request failed: 422 Client Error: Unprocessable Entity for url: https://server.sparrow-earth.com/model_update
2026-02-06 14:05:12,619 [INFO] Server unreachable or empty response.
2026-02-06 14:05:12,619 [INFO] Sleeping 60s...
2026-02-06 14:06:12,660 [INFO] Checking server for model updates...
2026-02-06 14:06:13,080 [ERROR] model_update request failed: 422 Client Error: Unprocessable Entity for url: https://server.sparrow-earth.com/model_update
2026-02-06 14:06:13,081 [INFO] Server unreachable or empty response.
2026-02-06 14:06:13,081 [INFO] Sleeping 60s...
2026-02-06 14:07:13,124 [INFO] Checking server for model updates...
2026-02-06 14:07:13,618 [ERROR] model_update request failed: 422 Client Error: Unprocessable Entity for url: https://server.sparrow-earth.com/model_update
2026-02-06 14:07:13,618 [INFO] Server unreachable or empty response.
2026-02-06 14:07:13,618 [INFO] Sleeping 60s...
2026-02-06 14:08:13,631 [INFO] Checking server for model updates...
2026-02-06 14:08:14,110 [ERROR] model_update request failed: 422 Client Error: Unprocessable Entity for url: https://server.sparrow-earth.com/model_update
2026-02-06 14:08:14,110 [INFO] Server unreachable or empty response.
2026-02-06 14:08:14,111 [INFO] Sleeping 60s...
2026-02-06 14:09:14,132 [INFO] Checking server for model updates...
2026-02-06 14:09:14,609 [ERROR] model_update request failed: 422 Client Error: Unprocessable Entity for url: https://server.sparrow-earth.com/model_update
2026-02-06 14:09:14,609 [INFO] Server unreachable or empty response.
2026-02-06 14:09:14,610 [INFO] Sleeping 60s...
2026-02-06 14:10:14,670 [INFO] Checking server for model updates...
2026-02-06 14:10:15,143 [ERROR] model_update request failed: 422 Client Error: Unprocessable Entity for url: https://server.sparrow-earth.com/model_update
2026-02-06 14:10:15,143 [INFO] Server unreachable or empty response.
2026-02-06 14:10:15,143 [INFO] Sleeping 60s...
2026-02-06 14:11:15,203 [INFO] Checking server for model updates...
2026-02-06 14:11:15,696 [ERROR] model_update request failed: 422 Client Error: Unprocessable Entity for url: https://server.sparrow-earth.com/model_update
2026-02-06 14:11:15,697 [INFO] Server unreachable or empty response.
2026-02-06 14:11:15,697 [INFO] Sleeping 60s...
2026-02-06 14:12:15,737 [INFO] Checking server for model updates...
2026-02-06 14:12:16,183 [ERROR] model_update request failed: 422 Client Error: Unprocessable Entity for url: https://server.sparrow-earth.com/model_update
2026-02-06 14:12:16,184 [INFO] Server unreachable or empty response.
2026-02-06 14:12:16,184 [INFO] Sleeping 60s...
2026-02-06 14:13:16,243 [INFO] Checking server for model updates...
2026-02-06 14:13:16,702 [ERROR] model_update request failed: 422 Client Error: Unprocessable Entity for url: https://server.sparrow-earth.com/model_update
2026-02-06 14:13:16,703 [INFO] Server unreachable or empty response.
2026-02-06 14:13:16,703 [INFO] Sleeping 60s...
2026-02-06 14:14:16,737 [INFO] Checking server for model updates...
2026-02-06 14:14:17,198 [ERROR] model_update request failed: 422 Client Error: Unprocessable Entity for url: https://server.sparrow-earth.com/model_update
2026-02-06 14:14:17,199 [INFO] Server unreachable or empty response.
2026-02-06 14:14:17,199 [INFO] Sleeping 60s...
2026-02-06 14:15:17,252 [INFO] Checking server for model updates...
2026-02-06 14:15:17,740 [ERROR] model_update request failed: 422 Client Error: Unprocessable Entity for url: https://server.sparrow-earth.com/model_update
2026-02-06 14:15:17,741 [INFO] Server unreachable or empty response.
2026-02-06 14:15:17,741 [INFO] Sleeping 60s...
2026-02-06 14:16:17,801 [INFO] Checking server for model updates...
2026-02-06 14:16:18,264 [ERROR] model_update request failed: 422 Client Error: Unprocessable Entity for url: https://server.sparrow-earth.com/model_update
2026-02-06 14:16:18,264 [INFO] Server unreachable or empty response.
2026-02-06 14:16:18,264 [INFO] Sleeping 60s...
2026-02-06 14:17:18,306 [INFO] Checking server for model updates...
2026-02-06 14:17:18,778 [ERROR] model_update request failed: 422 Client Error: Unprocessable Entity for url: https://server.sparrow-earth.com/model_update
2026-02-06 14:17:18,778 [INFO] Server unreachable or empty response.
2026-02-06 14:17:18,778 [INFO] Sleeping 60s...
2026-02-06 14:18:18,831 [INFO] Checking server for model updates...
2026-02-06 14:18:19,265 [ERROR] model_update request failed: 422 Client Error: Unprocessable Entity for url: https://server.sparrow-earth.com/model_update
2026-02-06 14:18:19,266 [INFO] Server unreachable or empty response.
2026-02-06 14:18:19,266 [INFO] Sleeping 60s...
2026-02-06 14:19:19,325 [INFO] Checking server for model updates...
2026-02-06 14:19:19,792 [ERROR] model_update request failed: 422 Client Error: Unprocessable Entity for url: https://server.sparrow-earth.com/model_update
2026-02-06 14:19:19,792 [INFO] Server unreachable or empty response.
2026-02-06 14:19:19,792 [INFO] Sleeping 60s...
2026-02-06 14:20:19,852 [INFO] Checking server for model updates...
2026-02-06 14:20:20,436 [ERROR] model_update request failed: 422 Client Error: Unprocessable Entity for url: https://server.sparrow-earth.com/model_update
2026-02-06 14:20:20,437 [INFO] Server unreachable or empty response.
2026-02-06 14:20:20,437 [INFO] Sleeping 60s...
2026-02-06 14:21:20,437 [INFO] Checking server for model updates...
2026-02-06 14:21:20,916 [ERROR] model_update request failed: 422 Client Error: Unprocessable Entity for url: https://server.sparrow-earth.com/model_update
2026-02-06 14:21:20,916 [INFO] Server unreachable or empty response.
2026-02-06 14:21:20,916 [INFO] Sleeping 60s...
2026-02-06 14:22:20,934 [INFO] Checking server for model updates...
2026-02-06 14:22:21,395 [ERROR] model_update request failed: 422 Client Error: Unprocessable Entity for url: https://server.sparrow-earth.com/model_update
2026-02-06 14:22:21,395 [INFO] Server unreachable or empty response.
2026-02-06 14:22:21,395 [INFO] Sleeping 60s...
2026-02-06 14:23:21,451 [INFO] Checking server for model updates...
2026-02-06 14:23:21,957 [ERROR] model_update request failed: 422 Client Error: Unprocessable Entity for url: https://server.sparrow-earth.com/model_update
2026-02-06 14:23:21,958 [INFO] Server unreachable or empty response.
2026-02-06 14:23:21,958 [INFO] Sleeping 60s...
2026-02-06 14:24:22,013 [INFO] Checking server for model updates...
2026-02-06 14:24:22,445 [ERROR] model_update request failed: 422 Client Error: Unprocessable Entity for url: https://server.sparrow-earth.com/model_update
2026-02-06 14:24:22,445 [INFO] Server unreachable or empty response.
2026-02-06 14:24:22,445 [INFO] Sleeping 60s...
2026-02-06 14:25:22,505 [INFO] Checking server for model updates...
2026-02-06 14:25:23,043 [ERROR] model_update request failed: 422 Client Error: Unprocessable Entity for url: https://server.sparrow-earth.com/model_update
2026-02-06 14:25:23,044 [INFO] Server unreachable or empty response.
2026-02-06 14:25:23,044 [INFO] Sleeping 60s...
2026-02-06 14:26:23,103 [INFO] Checking server for model updates...
2026-02-06 14:26:23,610 [ERROR] model_update request failed: 422 Client Error: Unprocessable Entity for url: https://server.sparrow-earth.com/model_update
2026-02-06 14:26:23,611 [INFO] Server unreachable or empty response.
2026-02-06 14:26:23,611 [INFO] Sleeping 60s...
2026-02-06 14:27:23,623 [INFO] Checking server for model updates...
2026-02-06 14:27:24,043 [ERROR] model_update request failed: 422 Client Error: Unprocessable Entity for url: https://server.sparrow-earth.com/model_update
2026-02-06 14:27:24,043 [INFO] Server unreachable or empty response.
2026-02-06 14:27:24,043 [INFO] Sleeping 60s...
2026-02-06 14:28:24,104 [INFO] Checking server for model updates...
2026-02-06 14:28:24,615 [ERROR] model_update request failed: 422 Client Error: Unprocessable Entity for url: https://server.sparrow-earth.com/model_update
2026-02-06 14:28:24,616 [INFO] Server unreachable or empty response.
2026-02-06 14:28:24,616 [INFO] Sleeping 60s...
2026-02-06 14:29:24,673 [INFO] Checking server for model updates...
2026-02-06 14:29:25,144 [ERROR] model_update request failed: 422 Client Error: Unprocessable Entity for url: https://server.sparrow-earth.com/model_update
2026-02-06 14:29:25,145 [INFO] Server unreachable or empty response.
2026-02-06 14:29:25,145 [INFO] Sleeping 60s...
2026-02-06 14:30:25,203 [INFO] Checking server for model updates...
2026-02-06 14:30:25,681 [ERROR] model_update request failed: 422 Client Error: Unprocessable Entity for url: https://server.sparrow-earth.com/model_update
2026-02-06 14:30:25,681 [INFO] Server unreachable or empty response.
2026-02-06 14:30:25,681 [INFO] Sleeping 60s...
2026-02-06 14:31:25,741 [INFO] Checking server for model updates...
2026-02-06 14:31:26,197 [ERROR] model_update request failed: 422 Client Error: Unprocessable Entity for url: https://server.sparrow-earth.com/model_update
2026-02-06 14:31:26,197 [INFO] Server unreachable or empty response.
2026-02-06 14:31:26,197 [INFO] Sleeping 60s...
2026-02-06 14:32:26,237 [INFO] Checking server for model updates...
2026-02-06 14:32:26,730 [ERROR] model_update request failed: 422 Client Error: Unprocessable Entity for url: https://server.sparrow-earth.com/model_update
2026-02-06 14:32:26,731 [INFO] Server unreachable or empty response.
2026-02-06 14:32:26,731 [INFO] Sleeping 60s...
2026-02-06 14:33:26,791 [INFO] Checking server for model updates...
2026-02-06 14:33:27,285 [ERROR] model_update request failed: 422 Client Error: Unprocessable Entity for url: https://server.sparrow-earth.com/model_update
2026-02-06 14:33:27,286 [INFO] Server unreachable or empty response.
2026-02-06 14:33:27,286 [INFO] Sleeping 60s...
2026-02-06 14:34:27,341 [INFO] Checking server for model updates...
2026-02-06 14:34:27,818 [ERROR] model_update request failed: 422 Client Error: Unprocessable Entity for url: https://server.sparrow-earth.com/model_update
2026-02-06 14:34:27,819 [INFO] Server unreachable or empty response.
2026-02-06 14:34:27,819 [INFO] Sleeping 60s...
2026-02-06 14:35:27,868 [INFO] Checking server for model updates...
2026-02-06 14:35:28,300 [ERROR] model_update request failed: 422 Client Error: Unprocessable Entity for url: https://server.sparrow-earth.com/model_update
2026-02-06 14:35:28,300 [INFO] Server unreachable or empty response.
2026-02-06 14:35:28,300 [INFO] Sleeping 60s...
2026-02-06 14:36:28,339 [INFO] Checking server for model updates...
2026-02-06 14:36:28,812 [ERROR] model_update request failed: 422 Client Error: Unprocessable Entity for url: https://server.sparrow-earth.com/model_update
2026-02-06 14:36:28,813 [INFO] Server unreachable or empty response.
2026-02-06 14:36:28,813 [INFO] Sleeping 60s...
2026-02-06 14:37:28,823 [INFO] Checking server for model updates...
2026-02-06 14:37:29,269 [ERROR] model_update request failed: 422 Client Error: Unprocessable Entity for url: https://server.sparrow-earth.com/model_update
2026-02-06 14:37:29,269 [INFO] Server unreachable or empty response.
2026-02-06 14:37:29,269 [INFO] Sleeping 60s...
2026-02-06 14:38:29,289 [INFO] Checking server for model updates...
2026-02-06 14:38:29,716 [ERROR] model_update request failed: 422 Client Error: Unprocessable Entity for url: https://server.sparrow-earth.com/model_update
2026-02-06 14:38:29,716 [INFO] Server unreachable or empty response.
2026-02-06 14:38:29,716 [INFO] Sleeping 60s...
2026-02-06 14:39:29,763 [INFO] Checking server for model updates...
2026-02-06 14:39:30,252 [ERROR] model_update request failed: 422 Client Error: Unprocessable Entity for url: https://server.sparrow-earth.com/model_update
2026-02-06 14:39:30,252 [INFO] Server unreachable or empty response.
2026-02-06 14:39:30,252 [INFO] Sleeping 60s...
2026-02-06 14:40:30,269 [INFO] Checking server for model updates...
2026-02-06 14:40:30,762 [ERROR] model_update request failed: 422 Client Error: Unprocessable Entity for url: https://server.sparrow-earth.com/model_update
2026-02-06 14:40:30,763 [INFO] Server unreachable or empty response.
2026-02-06 14:40:30,763 [INFO] Sleeping 60s...
2026-02-06 14:41:30,794 [INFO] Checking server for model updates...
2026-02-06 14:41:31,318 [ERROR] model_update request failed: 422 Client Error: Unprocessable Entity for url: https://server.sparrow-earth.com/model_update
2026-02-06 14:41:31,319 [INFO] Server unreachable or empty response.
2026-02-06 14:41:31,319 [INFO] Sleeping 60s...
2026-02-06 14:42:31,361 [INFO] Checking server for model updates...
2026-02-06 14:42:31,847 [ERROR] model_update request failed: 422 Client Error: Unprocessable Entity for url: https://server.sparrow-earth.com/model_update
2026-02-06 14:42:31,847 [INFO] Server unreachable or empty response.
2026-02-06 14:42:31,847 [INFO] Sleeping 60s...
2026-02-06 14:43:31,907 [INFO] Checking server for model updates...
2026-02-06 14:43:32,397 [ERROR] model_update request failed: 422 Client Error: Unprocessable Entity for url: https://server.sparrow-earth.com/model_update
2026-02-06 14:43:32,397 [INFO] Server unreachable or empty response.
2026-02-06 14:43:32,398 [INFO] Sleeping 60s...
2026-02-06 14:44:32,456 [INFO] Checking server for model updates...
2026-02-06 14:44:32,960 [ERROR] model_update request failed: 422 Client Error: Unprocessable Entity for url: https://server.sparrow-earth.com/model_update
2026-02-06 14:44:32,960 [INFO] Server unreachable or empty response.
2026-02-06 14:44:32,960 [INFO] Sleeping 60s...
2026-02-06 14:45:32,998 [INFO] Checking server for model updates...
2026-02-06 14:45:33,473 [ERROR] model_update request failed: 422 Client Error: Unprocessable Entity for url: https://server.sparrow-earth.com/model_update
2026-02-06 14:45:33,473 [INFO] Server unreachable or empty response.
2026-02-06 14:45:33,474 [INFO] Sleeping 60s...
2026-02-06 14:46:33,534 [INFO] Checking server for model updates...
2026-02-06 14:46:34,000 [ERROR] model_update request failed: 422 Client Error: Unprocessable Entity for url: https://server.sparrow-earth.com/model_update
2026-02-06 14:46:34,000 [INFO] Server unreachable or empty response.
2026-02-06 14:46:34,000 [INFO] Sleeping 60s...
2026-02-06 14:47:34,050 [INFO] Checking server for model updates...
2026-02-06 14:47:34,610 [ERROR] model_update request failed: 422 Client Error: Unprocessable Entity for url: https://server.sparrow-earth.com/model_update
2026-02-06 14:47:34,611 [INFO] Server unreachable or empty response.
2026-02-06 14:47:34,611 [INFO] Sleeping 60s...
2026-02-06 14:48:34,621 [INFO] Checking server for model updates...
2026-02-06 14:48:35,066 [ERROR] model_update request failed: 422 Client Error: Unprocessable Entity for url: https://server.sparrow-earth.com/model_update
2026-02-06 14:48:35,067 [INFO] Server unreachable or empty response.
2026-02-06 14:48:35,067 [INFO] Sleeping 60s...
2026-02-06 14:49:35,124 [INFO] Checking server for model updates...
2026-02-06 14:49:35,585 [ERROR] model_update request failed: 422 Client Error: Unprocessable Entity for url: https://server.sparrow-earth.com/model_update
2026-02-06 14:49:35,585 [INFO] Server unreachable or empty response.
2026-02-06 14:49:35,585 [INFO] Sleeping 60s...
2026-02-06 14:50:35,625 [INFO] Checking server for model updates...
2026-02-06 14:50:36,043 [ERROR] model_update request failed: 422 Client Error: Unprocessable Entity for url: https://server.sparrow-earth.com/model_update
2026-02-06 14:50:36,043 [INFO] Server unreachable or empty response.
2026-02-06 14:50:36,043 [INFO] Sleeping 60s...
2026-02-06 14:51:36,095 [INFO] Checking server for model updates...
2026-02-06 14:51:36,558 [ERROR] model_update request failed: 422 Client Error: Unprocessable Entity for url: https://server.sparrow-earth.com/model_update
2026-02-06 14:51:36,559 [INFO] Server unreachable or empty response.
2026-02-06 14:51:36,559 [INFO] Sleeping 60s...
2026-02-06 14:52:36,617 [INFO] Checking server for model updates...
2026-02-06 14:52:37,077 [ERROR] model_update request failed: 422 Client Error: Unprocessable Entity for url: https://server.sparrow-earth.com/model_update
2026-02-06 14:52:37,077 [INFO] Server unreachable or empty response.
2026-02-06 14:52:37,077 [INFO] Sleeping 60s...
2026-02-06 14:53:37,137 [INFO] Checking server for model updates...
2026-02-06 14:53:38,620 [ERROR] model_update request failed: 422 Client Error: Unprocessable Entity for url: https://server.sparrow-earth.com/model_update
2026-02-06 14:53:38,620 [INFO] Server unreachable or empty response.
2026-02-06 14:53:38,621 [INFO] Sleeping 60s...
2026-02-06 14:54:38,678 [INFO] Checking server for model updates...
2026-02-06 14:54:39,147 [ERROR] model_update request failed: 422 Client Error: Unprocessable Entity for url: https://server.sparrow-earth.com/model_update
2026-02-06 14:54:39,148 [INFO] Server unreachable or empty response.
2026-02-06 14:54:39,148 [INFO] Sleeping 60s...
2026-02-06 14:55:39,199 [INFO] Checking server for model updates...
2026-02-06 14:55:39,670 [ERROR] model_update request failed: 422 Client Error: Unprocessable Entity for url: https://server.sparrow-earth.com/model_update
2026-02-06 14:55:39,670 [INFO] Server unreachable or empty response.
2026-02-06 14:55:39,670 [INFO] Sleeping 60s...
2026-02-06 14:56:39,724 [INFO] Checking server for model updates...
2026-02-06 14:56:40,172 [ERROR] model_update request failed: 422 Client Error: Unprocessable Entity for url: https://server.sparrow-earth.com/model_update
2026-02-06 14:56:40,173 [INFO] Server unreachable or empty response.
2026-02-06 14:56:40,173 [INFO] Sleeping 60s...
2026-02-06 14:57:40,223 [INFO] Checking server for model updates...
2026-02-06 14:57:40,658 [ERROR] model_update request failed: 422 Client Error: Unprocessable Entity for url: https://server.sparrow-earth.com/model_update
2026-02-06 14:57:40,659 [INFO] Server unreachable or empty response.
2026-02-06 14:57:40,659 [INFO] Sleeping 60s...
2026-02-06 14:58:40,661 [INFO] Checking server for model updates...
2026-02-06 14:58:41,163 [ERROR] model_update request failed: 422 Client Error: Unprocessable Entity for url: https://server.sparrow-earth.com/model_update
2026-02-06 14:58:41,163 [INFO] Server unreachable or empty response.
2026-02-06 14:58:41,164 [INFO] Sleeping 60s...
2026-02-06 14:59:41,179 [INFO] Checking server for model updates...
2026-02-06 14:59:41,672 [ERROR] model_update request failed: 422 Client Error: Unprocessable Entity for url: https://server.sparrow-earth.com/model_update
2026-02-06 14:59:41,672 [INFO] Server unreachable or empty response.
2026-02-06 14:59:41,673 [INFO] Sleeping 60s...
2026-02-06 15:00:41,717 [INFO] Checking server for model updates...
2026-02-06 15:00:42,154 [ERROR] model_update request failed: 422 Client Error: Unprocessable Entity for url: https://server.sparrow-earth.com/model_update
2026-02-06 15:00:42,154 [INFO] Server unreachable or empty response.
2026-02-06 15:00:42,154 [INFO] Sleeping 60s...
2026-02-06 15:01:42,213 [INFO] Checking server for model updates...
2026-02-06 15:01:42,630 [ERROR] model_update request failed: 422 Client Error: Unprocessable Entity for url: https://server.sparrow-earth.com/model_update
2026-02-06 15:01:42,630 [INFO] Server unreachable or empty response.
2026-02-06 15:01:42,630 [INFO] Sleeping 60s...
2026-02-06 15:02:42,638 [INFO] Checking server for model updates...
2026-02-06 15:02:43,113 [ERROR] model_update request failed: 422 Client Error: Unprocessable Entity for url: https://server.sparrow-earth.com/model_update
2026-02-06 15:02:43,113 [INFO] Server unreachable or empty response.
2026-02-06 15:02:43,113 [INFO] Sleeping 60s...
2026-02-06 15:03:43,138 [INFO] Checking server for model updates...
2026-02-06 15:03:43,542 [ERROR] model_update request failed: 422 Client Error: Unprocessable Entity for url: https://server.sparrow-earth.com/model_update
2026-02-06 15:03:43,543 [INFO] Server unreachable or empty response.
2026-02-06 15:03:43,543 [INFO] Sleeping 60s...
2026-02-06 15:04:43,601 [INFO] Checking server for model updates...
2026-02-06 15:04:44,106 [ERROR] model_update request failed: 422 Client Error: Unprocessable Entity for url: https://server.sparrow-earth.com/model_update
2026-02-06 15:04:44,107 [INFO] Server unreachable or empty response.
2026-02-06 15:04:44,107 [INFO] Sleeping 60s...
2026-02-06 15:05:44,151 [INFO] Checking server for model updates...
2026-02-06 15:05:44,657 [ERROR] model_update request failed: 422 Client Error: Unprocessable Entity for url: https://server.sparrow-earth.com/model_update
2026-02-06 15:05:44,658 [INFO] Server unreachable or empty response.
2026-02-06 15:05:44,658 [INFO] Sleeping 60s...
2026-02-06 15:06:44,683 [INFO] Checking server for model updates...
2026-02-06 15:06:45,099 [ERROR] model_update request failed: 422 Client Error: Unprocessable Entity for url: https://server.sparrow-earth.com/model_update
2026-02-06 15:06:45,099 [INFO] Server unreachable or empty response.
2026-02-06 15:06:45,099 [INFO] Sleeping 60s...
2026-02-06 15:07:45,160 [INFO] Checking server for model updates...
2026-02-06 15:07:45,601 [ERROR] model_update request failed: 422 Client Error: Unprocessable Entity for url: https://server.sparrow-earth.com/model_update
2026-02-06 15:07:45,601 [INFO] Server unreachable or empty response.
2026-02-06 15:07:45,601 [INFO] Sleeping 60s...
2026-02-06 15:08:45,658 [INFO] Checking server for model updates...
2026-02-06 15:08:46,146 [ERROR] model_update request failed: 422 Client Error: Unprocessable Entity for url: https://server.sparrow-earth.com/model_update
2026-02-06 15:08:46,146 [INFO] Server unreachable or empty response.
2026-02-06 15:08:46,146 [INFO] Sleeping 60s...
2026-02-06 15:09:46,192 [INFO] Checking server for model updates...
2026-02-06 15:09:46,655 [ERROR] model_update request failed: 422 Client Error: Unprocessable Entity for url: https://server.sparrow-earth.com/model_update
2026-02-06 15:09:46,656 [INFO] Server unreachable or empty response.
2026-02-06 15:09:46,656 [INFO] Sleeping 60s...
2026-02-06 15:10:46,714 [INFO] Checking server for model updates...
2026-02-06 15:10:47,221 [ERROR] model_update request failed: 422 Client Error: Unprocessable Entity for url: https://server.sparrow-earth.com/model_update
2026-02-06 15:10:47,221 [INFO] Server unreachable or empty response.
2026-02-06 15:10:47,221 [INFO] Sleeping 60s...
2026-02-06 15:11:47,224 [INFO] Checking server for model updates...
2026-02-06 15:11:47,714 [ERROR] model_update request failed: 422 Client Error: Unprocessable Entity for url: https://server.sparrow-earth.com/model_update
2026-02-06 15:11:47,715 [INFO] Server unreachable or empty response.
2026-02-06 15:11:47,715 [INFO] Sleeping 60s...
2026-02-06 15:12:47,772 [INFO] Checking server for model updates...
2026-02-06 15:12:48,602 [ERROR] model_update request failed: 422 Client Error: Unprocessable Entity for url: https://server.sparrow-earth.com/model_update
2026-02-06 15:12:48,603 [INFO] Server unreachable or empty response.
2026-02-06 15:12:48,603 [INFO] Sleeping 60s...
2026-02-06 15:13:48,637 [INFO] Checking server for model updates...
2026-02-06 15:13:50,581 [ERROR] model_update request failed: 422 Client Error: Unprocessable Entity for url: https://server.sparrow-earth.com/model_update
2026-02-06 15:13:50,582 [INFO] Server unreachable or empty response.
2026-02-06 15:13:50,582 [INFO] Sleeping 60s...
2026-02-06 15:14:50,637 [INFO] Checking server for model updates...
2026-02-06 15:14:52,153 [ERROR] model_update request failed: 422 Client Error: Unprocessable Entity for url: https://server.sparrow-earth.com/model_update
2026-02-06 15:14:52,153 [INFO] Server unreachable or empty response.
2026-02-06 15:14:52,153 [INFO] Sleeping 60s...
2026-02-06 15:15:52,208 [INFO] Checking server for model updates...
2026-02-06 15:15:52,716 [ERROR] model_update request failed: 422 Client Error: Unprocessable Entity for url: https://server.sparrow-earth.com/model_update
2026-02-06 15:15:52,716 [INFO] Server unreachable or empty response.
2026-02-06 15:15:52,716 [INFO] Sleeping 60s...
2026-02-06 15:16:52,737 [INFO] Checking server for model updates...
2026-02-06 15:16:53,203 [ERROR] model_update request failed: 422 Client Error: Unprocessable Entity for url: https://server.sparrow-earth.com/model_update
2026-02-06 15:16:53,204 [INFO] Server unreachable or empty response.
2026-02-06 15:16:53,204 [INFO] Sleeping 60s...
2026-02-06 15:17:53,237 [INFO] Checking server for model updates...
2026-02-06 15:17:53,766 [ERROR] model_update request failed: 422 Client Error: Unprocessable Entity for url: https://server.sparrow-earth.com/model_update
2026-02-06 15:17:53,766 [INFO] Server unreachable or empty response.
2026-02-06 15:17:53,766 [INFO] Sleeping 60s...
2026-02-06 15:18:53,789 [INFO] Checking server for model updates...
2026-02-06 15:18:54,272 [ERROR] model_update request failed: 422 Client Error: Unprocessable Entity for url: https://server.sparrow-earth.com/model_update
2026-02-06 15:18:54,272 [INFO] Server unreachable or empty response.
2026-02-06 15:18:54,272 [INFO] Sleeping 60s...
2026-02-06 15:19:54,312 [INFO] Checking server for model updates...
2026-02-06 15:19:54,798 [ERROR] model_update request failed: 422 Client Error: Unprocessable Entity for url: https://server.sparrow-earth.com/model_update
2026-02-06 15:19:54,798 [INFO] Server unreachable or empty response.
2026-02-06 15:19:54,798 [INFO] Sleeping 60s...
2026-02-06 15:20:54,847 [INFO] Checking server for model updates...
2026-02-06 15:20:55,282 [ERROR] model_update request failed: 422 Client Error: Unprocessable Entity for url: https://server.sparrow-earth.com/model_update
2026-02-06 15:20:55,283 [INFO] Server unreachable or empty response.
2026-02-06 15:20:55,283 [INFO] Sleeping 60s...
2026-02-06 15:21:55,338 [INFO] Checking server for model updates...
2026-02-06 15:21:55,811 [ERROR] model_update request failed: 422 Client Error: Unprocessable Entity for url: https://server.sparrow-earth.com/model_update
2026-02-06 15:21:55,812 [INFO] Server unreachable or empty response.
2026-02-06 15:21:55,812 [INFO] Sleeping 60s...
2026-02-06 15:22:55,863 [INFO] Checking server for model updates...
2026-02-06 15:22:56,333 [ERROR] model_update request failed: 422 Client Error: Unprocessable Entity for url: https://server.sparrow-earth.com/model_update
2026-02-06 15:22:56,334 [INFO] Server unreachable or empty response.
2026-02-06 15:22:56,334 [INFO] Sleeping 60s...
2026-02-06 15:23:56,391 [INFO] Checking server for model updates...
2026-02-06 15:23:56,869 [ERROR] model_update request failed: 422 Client Error: Unprocessable Entity for url: https://server.sparrow-earth.com/model_update
2026-02-06 15:23:56,869 [INFO] Server unreachable or empty response.
2026-02-06 15:23:56,869 [INFO] Sleeping 60s...
2026-02-06 15:24:56,930 [INFO] Checking server for model updates...
2026-02-06 15:24:57,407 [ERROR] model_update request failed: 422 Client Error: Unprocessable Entity for url: https://server.sparrow-earth.com/model_update
2026-02-06 15:24:57,408 [INFO] Server unreachable or empty response.
2026-02-06 15:24:57,408 [INFO] Sleeping 60s...
2026-02-06 15:25:57,464 [INFO] Checking server for model updates...
2026-02-06 15:25:57,943 [ERROR] model_update request failed: 422 Client Error: Unprocessable Entity for url: https://server.sparrow-earth.com/model_update
2026-02-06 15:25:57,944 [INFO] Server unreachable or empty response.
2026-02-06 15:25:57,944 [INFO] Sleeping 60s...
2026-02-06 15:26:57,954 [INFO] Checking server for model updates...
2026-02-06 15:26:58,386 [ERROR] model_update request failed: 422 Client Error: Unprocessable Entity for url: https://server.sparrow-earth.com/model_update
2026-02-06 15:26:58,387 [INFO] Server unreachable or empty response.
2026-02-06 15:26:58,388 [INFO] Sleeping 60s...
2026-02-06 15:27:58,446 [INFO] Checking server for model updates...
2026-02-06 15:27:58,898 [ERROR] model_update request failed: 422 Client Error: Unprocessable Entity for url: https://server.sparrow-earth.com/model_update
2026-02-06 15:27:58,899 [INFO] Server unreachable or empty response.
2026-02-06 15:27:58,899 [INFO] Sleeping 60s...
2026-02-06 15:28:58,941 [INFO] Checking server for model updates...
2026-02-06 15:28:59,420 [ERROR] model_update request failed: 422 Client Error: Unprocessable Entity for url: https://server.sparrow-earth.com/model_update
2026-02-06 15:28:59,421 [INFO] Server unreachable or empty response.
2026-02-06 15:28:59,421 [INFO] Sleeping 60s...
2026-02-06 15:29:59,481 [INFO] Checking server for model updates...
2026-02-06 15:29:59,959 [ERROR] model_update request failed: 422 Client Error: Unprocessable Entity for url: https://server.sparrow-earth.com/model_update
2026-02-06 15:29:59,959 [INFO] Server unreachable or empty response.
2026-02-06 15:29:59,959 [INFO] Sleeping 60s...
2026-02-06 15:31:00,019 [INFO] Checking server for model updates...
2026-02-06 15:31:00,469 [ERROR] model_update request failed: 422 Client Error: Unprocessable Entity for url: https://server.sparrow-earth.com/model_update
2026-02-06 15:31:00,469 [INFO] Server unreachable or empty response.
2026-02-06 15:31:00,470 [INFO] Sleeping 60s...
2026-02-06 15:32:00,524 [INFO] Checking server for model updates...
2026-02-06 15:32:01,044 [ERROR] model_update request failed: 422 Client Error: Unprocessable Entity for url: https://server.sparrow-earth.com/model_update
2026-02-06 15:32:01,045 [INFO] Server unreachable or empty response.
2026-02-06 15:32:01,045 [INFO] Sleeping 60s...
2026-02-06 15:33:01,103 [INFO] Checking server for model updates...
2026-02-06 15:33:01,674 [ERROR] model_update request failed: 422 Client Error: Unprocessable Entity for url: https://server.sparrow-earth.com/model_update
2026-02-06 15:33:01,675 [INFO] Server unreachable or empty response.
2026-02-06 15:33:01,675 [INFO] Sleeping 60s...
2026-02-06 15:34:01,728 [INFO] Checking server for model updates...
2026-02-06 15:34:02,216 [ERROR] model_update request failed: 422 Client Error: Unprocessable Entity for url: https://server.sparrow-earth.com/model_update
2026-02-06 15:34:02,216 [INFO] Server unreachable or empty response.
2026-02-06 15:34:02,217 [INFO] Sleeping 60s...
2026-02-06 15:35:02,277 [INFO] Checking server for model updates...
2026-02-06 15:35:02,766 [ERROR] model_update request failed: 422 Client Error: Unprocessable Entity for url: https://server.sparrow-earth.com/model_update
2026-02-06 15:35:02,767 [INFO] Server unreachable or empty response.
2026-02-06 15:35:02,767 [INFO] Sleeping 60s...
2026-02-06 15:36:02,827 [INFO] Checking server for model updates...
2026-02-06 15:36:03,321 [ERROR] model_update request failed: 422 Client Error: Unprocessable Entity for url: https://server.sparrow-earth.com/model_update
2026-02-06 15:36:03,322 [INFO] Server unreachable or empty response.
2026-02-06 15:36:03,322 [INFO] Sleeping 60s...
2026-02-06 15:37:03,349 [INFO] Checking server for model updates...
2026-02-06 15:37:03,839 [ERROR] model_update request failed: 422 Client Error: Unprocessable Entity for url: https://server.sparrow-earth.com/model_update
2026-02-06 15:37:03,840 [INFO] Server unreachable or empty response.
2026-02-06 15:37:03,840 [INFO] Sleeping 60s...
2026-02-06 15:38:03,890 [INFO] Checking server for model updates...
2026-02-06 15:38:04,358 [ERROR] model_update request failed: 422 Client Error: Unprocessable Entity for url: https://server.sparrow-earth.com/model_update
2026-02-06 15:38:04,358 [INFO] Server unreachable or empty response.
2026-02-06 15:38:04,359 [INFO] Sleeping 60s...
2026-02-06 15:39:04,419 [INFO] Checking server for model updates...
2026-02-06 15:39:04,848 [ERROR] model_update request failed: 422 Client Error: Unprocessable Entity for url: https://server.sparrow-earth.com/model_update
2026-02-06 15:39:04,849 [INFO] Server unreachable or empty response.
2026-02-06 15:39:04,849 [INFO] Sleeping 60s...
2026-02-06 15:40:04,867 [INFO] Checking server for model updates...
2026-02-06 15:40:05,350 [ERROR] model_update request failed: 422 Client Error: Unprocessable Entity for url: https://server.sparrow-earth.com/model_update
2026-02-06 15:40:05,350 [INFO] Server unreachable or empty response.
2026-02-06 15:40:05,350 [INFO] Sleeping 60s...
2026-02-06 15:41:05,410 [INFO] Checking server for model updates...
2026-02-06 15:41:05,855 [ERROR] model_update request failed: 422 Client Error: Unprocessable Entity for url: https://server.sparrow-earth.com/model_update
2026-02-06 15:41:05,856 [INFO] Server unreachable or empty response.
2026-02-06 15:41:05,856 [INFO] Sleeping 60s...
2026-02-06 15:42:05,903 [INFO] Checking server for model updates...
2026-02-06 15:42:06,362 [ERROR] model_update request failed: 422 Client Error: Unprocessable Entity for url: https://server.sparrow-earth.com/model_update
2026-02-06 15:42:06,363 [INFO] Server unreachable or empty response.
2026-02-06 15:42:06,363 [INFO] Sleeping 60s...
2026-02-06 15:43:06,379 [INFO] Checking server for model updates...
2026-02-06 15:43:06,875 [ERROR] model_update request failed: 422 Client Error: Unprocessable Entity for url: https://server.sparrow-earth.com/model_update
2026-02-06 15:43:06,875 [INFO] Server unreachable or empty response.
2026-02-06 15:43:06,876 [INFO] Sleeping 60s...
2026-02-06 15:44:06,936 [INFO] Checking server for model updates...
2026-02-06 15:44:07,398 [ERROR] model_update request failed: 422 Client Error: Unprocessable Entity for url: https://server.sparrow-earth.com/model_update
2026-02-06 15:44:07,398 [INFO] Server unreachable or empty response.
2026-02-06 15:44:07,399 [INFO] Sleeping 60s...
2026-02-06 15:45:07,459 [INFO] Checking server for model updates...
2026-02-06 15:45:09,216 [ERROR] model_update request failed: 422 Client Error: Unprocessable Entity for url: https://server.sparrow-earth.com/model_update
2026-02-06 15:45:09,217 [INFO] Server unreachable or empty response.
2026-02-06 15:45:09,217 [INFO] Sleeping 60s...
2026-02-06 15:46:09,225 [INFO] Checking server for model updates...
2026-02-06 15:46:10,628 [ERROR] model_update request failed: 422 Client Error: Unprocessable Entity for url: https://server.sparrow-earth.com/model_update
2026-02-06 15:46:10,629 [INFO] Server unreachable or empty response.
2026-02-06 15:46:10,629 [INFO] Sleeping 60s...
2026-02-06 15:47:10,660 [INFO] Checking server for model updates...
2026-02-06 15:47:11,920 [ERROR] model_update request failed: 422 Client Error: Unprocessable Entity for url: https://server.sparrow-earth.com/model_update
2026-02-06 15:47:11,920 [INFO] Server unreachable or empty response.
2026-02-06 15:47:11,920 [INFO] Sleeping 60s...
2026-02-06 15:48:11,979 [INFO] Checking server for model updates...
2026-02-06 15:48:13,385 [ERROR] model_update request failed: 422 Client Error: Unprocessable Entity for url: https://server.sparrow-earth.com/model_update
2026-02-06 15:48:13,385 [INFO] Server unreachable or empty response.
2026-02-06 15:48:13,385 [INFO] Sleeping 60s...
2026-02-06 15:49:13,443 [INFO] Checking server for model updates...
2026-02-06 15:49:13,968 [ERROR] model_update request failed: 422 Client Error: Unprocessable Entity for url: https://server.sparrow-earth.com/model_update
2026-02-06 15:49:13,969 [INFO] Server unreachable or empty response.
2026-02-06 15:49:13,969 [INFO] Sleeping 60s...
2026-02-06 15:50:14,023 [INFO] Checking server for model updates...
2026-02-06 15:50:14,535 [ERROR] model_update request failed: 422 Client Error: Unprocessable Entity for url: https://server.sparrow-earth.com/model_update
2026-02-06 15:50:14,535 [INFO] Server unreachable or empty response.
2026-02-06 15:50:14,535 [INFO] Sleeping 60s...
2026-02-06 15:51:14,587 [INFO] Checking server for model updates...
2026-02-06 15:51:15,095 [ERROR] model_update request failed: 422 Client Error: Unprocessable Entity for url: https://server.sparrow-earth.com/model_update
2026-02-06 15:51:15,095 [INFO] Server unreachable or empty response.
2026-02-06 15:51:15,095 [INFO] Sleeping 60s...
2026-02-06 15:52:15,133 [INFO] Checking server for model updates...
2026-02-06 15:52:15,644 [ERROR] model_update request failed: 422 Client Error: Unprocessable Entity for url: https://server.sparrow-earth.com/model_update
2026-02-06 15:52:15,645 [INFO] Server unreachable or empty response.
2026-02-06 15:52:15,645 [INFO] Sleeping 60s...
2026-02-06 17:00:34,386 [INFO] Loaded AUTH_KEY
2026-02-06 17:00:34,386 [INFO] Generated Hardware ID: abbe69b9814d
2026-02-06 17:00:34,387 [INFO] Generated unit_id: abbe69b9814d
2026-02-06 17:00:34,387 [INFO] Local models directory: /home/sparrow/Desktop/system/Models/tritonserver/model_repository
2026-02-06 17:15:15,365 [INFO] Loaded AUTH_KEY
2026-02-06 17:15:15,365 [INFO] Generated Hardware ID: abbe69b9814d
2026-02-06 17:15:15,366 [INFO] Generated unit_id: abbe69b9814d
2026-02-06 17:15:15,366 [INFO] Local models directory: /home/sparrow/Desktop/system/Models/tritonserver/model_repository
2026-02-06 17:17:21,544 [ERROR] Triton did not become ready in time.
2026-02-06 17:19:22,408 [ERROR] Triton not ready; skipping autoload.
2026-02-06 17:19:22,408 [INFO] Checking server for model updates...
2026-02-06 17:19:33,695 [ERROR] model_update request failed: HTTPSConnectionPool(host='server.sparrow-earth.com', port=443): Max retries exceeded with url: /model_update (Caused by NameResolutionError("<urllib3.connection.HTTPSConnection object at 0x7fff6fe0f6a0>: Failed to resolve 'server.sparrow-earth.com' ([Errno -3] Temporary failure in name resolution)"))
2026-02-06 17:19:33,695 [INFO] Server unreachable or empty response.
2026-02-06 17:19:33,696 [INFO] Sleeping 60s...
2026-02-06 17:20:33,725 [INFO] Checking server for model updates...
2026-02-06 17:20:50,918 [ERROR] model_update request failed: HTTPSConnectionPool(host='server.sparrow-earth.com', port=443): Max retries exceeded with url: /model_update (Caused by NameResolutionError("<urllib3.connection.HTTPSConnection object at 0x7fff6fe0f460>: Failed to resolve 'server.sparrow-earth.com' ([Errno -3] Temporary failure in name resolution)"))
2026-02-06 17:20:50,919 [INFO] Server unreachable or empty response.
2026-02-06 17:20:50,919 [INFO] Sleeping 60s...
2026-02-06 17:21:50,959 [INFO] Checking server for model updates...
2026-02-06 17:22:02,111 [ERROR] model_update request failed: HTTPSConnectionPool(host='server.sparrow-earth.com', port=443): Max retries exceeded with url: /model_update (Caused by NameResolutionError("<urllib3.connection.HTTPSConnection object at 0x7fff6fe0f0d0>: Failed to resolve 'server.sparrow-earth.com' ([Errno -3] Temporary failure in name resolution)"))
2026-02-06 17:22:02,111 [INFO] Server unreachable or empty response.
2026-02-06 17:22:02,112 [INFO] Sleeping 60s...
2026-02-06 17:23:02,172 [INFO] Checking server for model updates...
2026-02-06 17:23:14,463 [ERROR] model_update request failed: HTTPSConnectionPool(host='server.sparrow-earth.com', port=443): Max retries exceeded with url: /model_update (Caused by NameResolutionError("<urllib3.connection.HTTPSConnection object at 0x7fff6fc641f0>: Failed to resolve 'server.sparrow-earth.com' ([Errno -3] Temporary failure in name resolution)"))
2026-02-06 17:23:14,463 [INFO] Server unreachable or empty response.
2026-02-06 17:23:14,464 [INFO] Sleeping 60s...
2026-02-06 17:24:14,472 [INFO] Checking server for model updates...
2026-02-06 17:24:26,687 [ERROR] model_update request failed: HTTPSConnectionPool(host='server.sparrow-earth.com', port=443): Max retries exceeded with url: /model_update (Caused by NameResolutionError("<urllib3.connection.HTTPSConnection object at 0x7fff6fc65ae0>: Failed to resolve 'server.sparrow-earth.com' ([Errno -3] Temporary failure in name resolution)"))
2026-02-06 17:24:26,687 [INFO] Server unreachable or empty response.
2026-02-06 17:24:26,688 [INFO] Sleeping 60s...
2026-02-06 17:25:26,714 [INFO] Checking server for model updates...
2026-02-06 17:25:39,007 [ERROR] model_update request failed: HTTPSConnectionPool(host='server.sparrow-earth.com', port=443): Max retries exceeded with url: /model_update (Caused by NameResolutionError("<urllib3.connection.HTTPSConnection object at 0x7fff6fc66080>: Failed to resolve 'server.sparrow-earth.com' ([Errno -3] Temporary failure in name resolution)"))
2026-02-06 17:25:39,007 [INFO] Server unreachable or empty response.
2026-02-06 17:25:39,007 [INFO] Sleeping 60s...
2026-02-06 17:26:39,066 [INFO] Checking server for model updates...
2026-02-06 17:26:49,215 [ERROR] model_update request failed: HTTPSConnectionPool(host='server.sparrow-earth.com', port=443): Max retries exceeded with url: /model_update (Caused by NameResolutionError("<urllib3.connection.HTTPSConnection object at 0x7fff6fe0e560>: Failed to resolve 'server.sparrow-earth.com' ([Errno -3] Temporary failure in name resolution)"))
2026-02-06 17:26:49,215 [INFO] Server unreachable or empty response.
2026-02-06 17:26:49,215 [INFO] Sleeping 60s...
2026-02-06 17:27:49,276 [INFO] Checking server for model updates...
2026-02-06 17:28:03,487 [ERROR] model_update request failed: HTTPSConnectionPool(host='server.sparrow-earth.com', port=443): Max retries exceeded with url: /model_update (Caused by NameResolutionError("<urllib3.connection.HTTPSConnection object at 0x7fff6fe0fc40>: Failed to resolve 'server.sparrow-earth.com' ([Errno -3] Temporary failure in name resolution)"))
2026-02-06 17:28:03,487 [INFO] Server unreachable or empty response.
2026-02-06 17:28:03,488 [INFO] Sleeping 60s...
2026-02-06 17:29:03,520 [INFO] Checking server for model updates...
2026-02-06 17:29:19,583 [ERROR] model_update request failed: HTTPSConnectionPool(host='server.sparrow-earth.com', port=443): Max retries exceeded with url: /model_update (Caused by NameResolutionError("<urllib3.connection.HTTPSConnection object at 0x7fff6fe0fca0>: Failed to resolve 'server.sparrow-earth.com' ([Errno -3] Temporary failure in name resolution)"))
2026-02-06 17:29:19,583 [INFO] Server unreachable or empty response.
2026-02-06 17:29:19,584 [INFO] Sleeping 60s...
2026-02-06 17:30:19,641 [INFO] Checking server for model updates...
2026-02-06 17:30:31,711 [ERROR] model_update request failed: HTTPSConnectionPool(host='server.sparrow-earth.com', port=443): Max retries exceeded with url: /model_update (Caused by NameResolutionError("<urllib3.connection.HTTPSConnection object at 0x7fff6fc664a0>: Failed to resolve 'server.sparrow-earth.com' ([Errno -3] Temporary failure in name resolution)"))
2026-02-06 17:30:31,711 [INFO] Server unreachable or empty response.
2026-02-06 17:30:31,712 [INFO] Sleeping 60s...
2026-02-06 17:31:31,714 [INFO] Checking server for model updates...
2026-02-06 17:31:43,359 [ERROR] model_update request failed: HTTPSConnectionPool(host='server.sparrow-earth.com', port=443): Max retries exceeded with url: /model_update (Caused by NameResolutionError("<urllib3.connection.HTTPSConnection object at 0x7fff6fc65660>: Failed to resolve 'server.sparrow-earth.com' ([Errno -3] Temporary failure in name resolution)"))
2026-02-06 17:31:43,359 [INFO] Server unreachable or empty response.
2026-02-06 17:31:43,360 [INFO] Sleeping 60s...
2026-02-06 17:32:43,394 [INFO] Checking server for model updates...
2026-02-06 17:32:55,680 [ERROR] model_update request failed: HTTPSConnectionPool(host='server.sparrow-earth.com', port=443): Max retries exceeded with url: /model_update (Caused by NameResolutionError("<urllib3.connection.HTTPSConnection object at 0x7fff6fc65f60>: Failed to resolve 'server.sparrow-earth.com' ([Errno -3] Temporary failure in name resolution)"))
2026-02-06 17:32:55,680 [INFO] Server unreachable or empty response.
2026-02-06 17:32:55,680 [INFO] Sleeping 60s...
2026-02-06 17:33:55,702 [INFO] Checking server for model updates...
2026-02-06 17:34:07,999 [ERROR] model_update request failed: HTTPSConnectionPool(host='server.sparrow-earth.com', port=443): Max retries exceeded with url: /model_update (Caused by NameResolutionError("<urllib3.connection.HTTPSConnection object at 0x7fff6fe0f400>: Failed to resolve 'server.sparrow-earth.com' ([Errno -3] Temporary failure in name resolution)"))
2026-02-06 17:34:07,999 [INFO] Server unreachable or empty response.
2026-02-06 17:34:07,999 [INFO] Sleeping 60s...
2026-02-06 17:35:08,060 [INFO] Checking server for model updates...
2026-02-06 17:35:20,255 [ERROR] model_update request failed: HTTPSConnectionPool(host='server.sparrow-earth.com', port=443): Max retries exceeded with url: /model_update (Caused by NameResolutionError("<urllib3.connection.HTTPSConnection object at 0x7fff6fe0e710>: Failed to resolve 'server.sparrow-earth.com' ([Errno -3] Temporary failure in name resolution)"))
2026-02-06 17:35:20,255 [INFO] Server unreachable or empty response.
2026-02-06 17:35:20,255 [INFO] Sleeping 60s...
2026-02-06 17:36:20,316 [INFO] Checking server for model updates...
2026-02-06 17:36:32,063 [ERROR] model_update request failed: HTTPSConnectionPool(host='server.sparrow-earth.com', port=443): Max retries exceeded with url: /model_update (Caused by NameResolutionError("<urllib3.connection.HTTPSConnection object at 0x7fff6fc66350>: Failed to resolve 'server.sparrow-earth.com' ([Errno -3] Temporary failure in name resolution)"))
2026-02-06 17:36:32,063 [INFO] Server unreachable or empty response.
2026-02-06 17:36:32,063 [INFO] Sleeping 60s...
2026-02-06 17:37:32,090 [INFO] Checking server for model updates...
2026-02-06 17:37:42,879 [ERROR] model_update request failed: HTTPSConnectionPool(host='server.sparrow-earth.com', port=443): Max retries exceeded with url: /model_update (Caused by NameResolutionError("<urllib3.connection.HTTPSConnection object at 0x7fff6fc65e10>: Failed to resolve 'server.sparrow-earth.com' ([Errno -3] Temporary failure in name resolution)"))
2026-02-06 17:37:42,879 [INFO] Server unreachable or empty response.
2026-02-06 17:37:42,879 [INFO] Sleeping 60s...
2026-02-06 17:38:42,940 [INFO] Checking server for model updates...
2026-02-06 17:38:55,231 [ERROR] model_update request failed: HTTPSConnectionPool(host='server.sparrow-earth.com', port=443): Max retries exceeded with url: /model_update (Caused by NameResolutionError("<urllib3.connection.HTTPSConnection object at 0x7fff6fc661a0>: Failed to resolve 'server.sparrow-earth.com' ([Errno -3] Temporary failure in name resolution)"))
2026-02-06 17:38:55,231 [INFO] Server unreachable or empty response.
2026-02-06 17:38:55,231 [INFO] Sleeping 60s...
2026-02-06 17:39:55,263 [INFO] Checking server for model updates...
2026-02-06 17:40:07,551 [ERROR] model_update request failed: HTTPSConnectionPool(host='server.sparrow-earth.com', port=443): Max retries exceeded with url: /model_update (Caused by NameResolutionError("<urllib3.connection.HTTPSConnection object at 0x7fff6fe0f190>: Failed to resolve 'server.sparrow-earth.com' ([Errno -3] Temporary failure in name resolution)"))
2026-02-06 17:40:07,551 [INFO] Server unreachable or empty response.
2026-02-06 17:40:07,551 [INFO] Sleeping 60s...
2026-02-06 17:41:07,611 [INFO] Checking server for model updates...
2026-02-06 17:41:19,903 [ERROR] model_update request failed: HTTPSConnectionPool(host='server.sparrow-earth.com', port=443): Max retries exceeded with url: /model_update (Caused by NameResolutionError("<urllib3.connection.HTTPSConnection object at 0x7fff6fe0e620>: Failed to resolve 'server.sparrow-earth.com' ([Errno -3] Temporary failure in name resolution)"))
2026-02-06 17:41:19,903 [INFO] Server unreachable or empty response.
2026-02-06 17:41:19,903 [INFO] Sleeping 60s...
2026-02-06 17:42:19,934 [INFO] Checking server for model updates...
2026-02-06 17:42:29,343 [ERROR] model_update request failed: HTTPSConnectionPool(host='server.sparrow-earth.com', port=443): Max retries exceeded with url: /model_update (Caused by NameResolutionError("<urllib3.connection.HTTPSConnection object at 0x7fff6fe0f250>: Failed to resolve 'server.sparrow-earth.com' ([Errno -3] Temporary failure in name resolution)"))
2026-02-06 17:42:29,343 [INFO] Server unreachable or empty response.
2026-02-06 17:42:29,343 [INFO] Sleeping 60s...
2026-02-06 17:43:29,354 [INFO] Checking server for model updates...
2026-02-06 17:43:38,623 [ERROR] model_update request failed: HTTPSConnectionPool(host='server.sparrow-earth.com', port=443): Max retries exceeded with url: /model_update (Caused by NameResolutionError("<urllib3.connection.HTTPSConnection object at 0x7fff6fc66200>: Failed to resolve 'server.sparrow-earth.com' ([Errno -3] Temporary failure in name resolution)"))
2026-02-06 17:43:38,623 [INFO] Server unreachable or empty response.
2026-02-06 17:43:38,623 [INFO] Sleeping 60s...
2026-02-06 17:44:38,684 [INFO] Checking server for model updates...
2026-02-06 17:44:48,127 [ERROR] model_update request failed: HTTPSConnectionPool(host='server.sparrow-earth.com', port=443): Max retries exceeded with url: /model_update (Caused by NameResolutionError("<urllib3.connection.HTTPSConnection object at 0x7fff6fc65750>: Failed to resolve 'server.sparrow-earth.com' ([Errno -3] Temporary failure in name resolution)"))
2026-02-06 17:44:48,127 [INFO] Server unreachable or empty response.
2026-02-06 17:44:48,127 [INFO] Sleeping 60s...
2026-02-06 17:45:48,188 [INFO] Checking server for model updates...
2026-02-06 17:46:00,479 [ERROR] model_update request failed: HTTPSConnectionPool(host='server.sparrow-earth.com', port=443): Max retries exceeded with url: /model_update (Caused by NameResolutionError("<urllib3.connection.HTTPSConnection object at 0x7fff6fc65150>: Failed to resolve 'server.sparrow-earth.com' ([Errno -3] Temporary failure in name resolution)"))
2026-02-06 17:46:00,479 [INFO] Server unreachable or empty response.
2026-02-06 17:46:00,479 [INFO] Sleeping 60s...
2026-02-06 17:47:00,514 [INFO] Checking server for model updates...
2026-02-06 17:47:12,799 [ERROR] model_update request failed: HTTPSConnectionPool(host='server.sparrow-earth.com', port=443): Max retries exceeded with url: /model_update (Caused by NameResolutionError("<urllib3.connection.HTTPSConnection object at 0x7fff6fe0ef50>: Failed to resolve 'server.sparrow-earth.com' ([Errno -3] Temporary failure in name resolution)"))
2026-02-06 17:47:12,799 [INFO] Server unreachable or empty response.
2026-02-06 17:47:12,799 [INFO] Sleeping 60s...
2026-02-06 17:48:12,834 [INFO] Checking server for model updates...
2026-02-06 17:48:25,119 [ERROR] model_update request failed: HTTPSConnectionPool(host='server.sparrow-earth.com', port=443): Max retries exceeded with url: /model_update (Caused by NameResolutionError("<urllib3.connection.HTTPSConnection object at 0x7fff6fe0e740>: Failed to resolve 'server.sparrow-earth.com' ([Errno -3] Temporary failure in name resolution)"))
2026-02-06 17:48:25,119 [INFO] Server unreachable or empty response.
2026-02-06 17:48:25,120 [INFO] Sleeping 60s...
2026-02-06 17:49:25,180 [INFO] Checking server for model updates...
2026-02-06 17:49:35,935 [ERROR] model_update request failed: HTTPSConnectionPool(host='server.sparrow-earth.com', port=443): Max retries exceeded with url: /model_update (Caused by NameResolutionError("<urllib3.connection.HTTPSConnection object at 0x7fff6fe0f4c0>: Failed to resolve 'server.sparrow-earth.com' ([Errno -3] Temporary failure in name resolution)"))
2026-02-06 17:49:35,935 [INFO] Server unreachable or empty response.
2026-02-06 17:49:35,935 [INFO] Sleeping 60s...
2026-02-06 17:50:35,981 [INFO] Checking server for model updates...
2026-02-06 17:50:47,583 [ERROR] model_update request failed: HTTPSConnectionPool(host='server.sparrow-earth.com', port=443): Max retries exceeded with url: /model_update (Caused by NameResolutionError("<urllib3.connection.HTTPSConnection object at 0x7fff6fc65b70>: Failed to resolve 'server.sparrow-earth.com' ([Errno -3] Temporary failure in name resolution)"))
2026-02-06 17:50:47,583 [INFO] Server unreachable or empty response.
2026-02-06 17:50:47,583 [INFO] Sleeping 60s...
2026-02-06 17:51:47,615 [INFO] Checking server for model updates...
2026-02-06 17:51:59,903 [ERROR] model_update request failed: HTTPSConnectionPool(host='server.sparrow-earth.com', port=443): Max retries exceeded with url: /model_update (Caused by NameResolutionError("<urllib3.connection.HTTPSConnection object at 0x7fff6fc656c0>: Failed to resolve 'server.sparrow-earth.com' ([Errno -3] Temporary failure in name resolution)"))
2026-02-06 17:51:59,903 [INFO] Server unreachable or empty response.
2026-02-06 17:51:59,903 [INFO] Sleeping 60s...
2026-02-06 17:52:59,943 [INFO] Checking server for model updates...
2026-02-06 17:53:12,224 [ERROR] model_update request failed: HTTPSConnectionPool(host='server.sparrow-earth.com', port=443): Max retries exceeded with url: /model_update (Caused by NameResolutionError("<urllib3.connection.HTTPSConnection object at 0x7fff6fc65600>: Failed to resolve 'server.sparrow-earth.com' ([Errno -3] Temporary failure in name resolution)"))
2026-02-06 17:53:12,224 [INFO] Server unreachable or empty response.
2026-02-06 17:53:12,224 [INFO] Sleeping 60s...
2026-02-06 17:54:12,284 [INFO] Checking server for model updates...
2026-02-06 17:54:24,575 [ERROR] model_update request failed: HTTPSConnectionPool(host='server.sparrow-earth.com', port=443): Max retries exceeded with url: /model_update (Caused by NameResolutionError("<urllib3.connection.HTTPSConnection object at 0x7fff6fe0e410>: Failed to resolve 'server.sparrow-earth.com' ([Errno -3] Temporary failure in name resolution)"))
2026-02-06 17:54:24,575 [INFO] Server unreachable or empty response.
2026-02-06 17:54:24,576 [INFO] Sleeping 60s...
2026-02-06 17:55:24,636 [INFO] Checking server for model updates...
2026-02-06 17:55:36,319 [ERROR] model_update request failed: HTTPSConnectionPool(host='server.sparrow-earth.com', port=443): Max retries exceeded with url: /model_update (Caused by NameResolutionError("<urllib3.connection.HTTPSConnection object at 0x7fff6fe0fd30>: Failed to resolve 'server.sparrow-earth.com' ([Errno -3] Temporary failure in name resolution)"))
2026-02-06 17:55:36,319 [INFO] Server unreachable or empty response.
2026-02-06 17:55:36,320 [INFO] Sleeping 60s...
2026-02-06 17:56:36,374 [INFO] Checking server for model updates...
2026-02-06 17:56:46,655 [ERROR] model_update request failed: HTTPSConnectionPool(host='server.sparrow-earth.com', port=443): Max retries exceeded with url: /model_update (Caused by NameResolutionError("<urllib3.connection.HTTPSConnection object at 0x7fff6fc66710>: Failed to resolve 'server.sparrow-earth.com' ([Errno -3] Temporary failure in name resolution)"))
2026-02-06 17:56:46,655 [INFO] Server unreachable or empty response.
2026-02-06 17:56:46,655 [INFO] Sleeping 60s...
2026-02-06 17:57:46,716 [INFO] Checking server for model updates...
2026-02-06 17:57:59,007 [ERROR] model_update request failed: HTTPSConnectionPool(host='server.sparrow-earth.com', port=443): Max retries exceeded with url: /model_update (Caused by NameResolutionError("<urllib3.connection.HTTPSConnection object at 0x7fff6fc65a20>: Failed to resolve 'server.sparrow-earth.com' ([Errno -3] Temporary failure in name resolution)"))
2026-02-06 17:57:59,007 [INFO] Server unreachable or empty response.
2026-02-06 17:57:59,007 [INFO] Sleeping 60s...
2026-02-06 17:58:59,068 [INFO] Checking server for model updates...
2026-02-06 17:59:11,359 [ERROR] model_update request failed: HTTPSConnectionPool(host='server.sparrow-earth.com', port=443): Max retries exceeded with url: /model_update (Caused by NameResolutionError("<urllib3.connection.HTTPSConnection object at 0x7fff6fc64130>: Failed to resolve 'server.sparrow-earth.com' ([Errno -3] Temporary failure in name resolution)"))
2026-02-06 17:59:11,359 [INFO] Server unreachable or empty response.
2026-02-06 17:59:11,359 [INFO] Sleeping 60s...
2026-02-06 18:00:11,394 [INFO] Checking server for model updates...
2026-02-06 18:00:23,679 [ERROR] model_update request failed: HTTPSConnectionPool(host='server.sparrow-earth.com', port=443): Max retries exceeded with url: /model_update (Caused by NameResolutionError("<urllib3.connection.HTTPSConnection object at 0x7fff6fe0f460>: Failed to resolve 'server.sparrow-earth.com' ([Errno -3] Temporary failure in name resolution)"))
2026-02-06 18:00:23,679 [INFO] Server unreachable or empty response.
2026-02-06 18:00:23,679 [INFO] Sleeping 60s...
2026-02-06 18:01:23,740 [INFO] Checking server for model updates...
2026-02-06 18:01:33,599 [ERROR] model_update request failed: HTTPSConnectionPool(host='server.sparrow-earth.com', port=443): Max retries exceeded with url: /model_update (Caused by NameResolutionError("<urllib3.connection.HTTPSConnection object at 0x7fff6fe0f730>: Failed to resolve 'server.sparrow-earth.com' ([Errno -3] Temporary failure in name resolution)"))
2026-02-06 18:01:33,599 [INFO] Server unreachable or empty response.
2026-02-06 18:01:33,599 [INFO] Sleeping 60s...
2026-02-06 18:02:33,614 [INFO] Checking server for model updates...
2026-02-06 18:02:43,871 [ERROR] model_update request failed: HTTPSConnectionPool(host='server.sparrow-earth.com', port=443): Max retries exceeded with url: /model_update (Caused by NameResolutionError("<urllib3.connection.HTTPSConnection object at 0x7fff6fe0f070>: Failed to resolve 'server.sparrow-earth.com' ([Errno -3] Temporary failure in name resolution)"))
2026-02-06 18:02:43,871 [INFO] Server unreachable or empty response.
2026-02-06 18:02:43,871 [INFO] Sleeping 60s...
2026-02-06 18:03:43,914 [INFO] Checking server for model updates...
2026-02-06 18:03:56,191 [ERROR] model_update request failed: HTTPSConnectionPool(host='server.sparrow-earth.com', port=443): Max retries exceeded with url: /model_update (Caused by NameResolutionError("<urllib3.connection.HTTPSConnection object at 0x7fff6fc645b0>: Failed to resolve 'server.sparrow-earth.com' ([Errno -3] Temporary failure in name resolution)"))
2026-02-06 18:03:56,191 [INFO] Server unreachable or empty response.
2026-02-06 18:03:56,191 [INFO] Sleeping 60s...
2026-02-06 18:04:56,234 [INFO] Checking server for model updates...
2026-02-06 18:05:08,511 [ERROR] model_update request failed: HTTPSConnectionPool(host='server.sparrow-earth.com', port=443): Max retries exceeded with url: /model_update (Caused by NameResolutionError("<urllib3.connection.HTTPSConnection object at 0x7fff6fc66410>: Failed to resolve 'server.sparrow-earth.com' ([Errno -3] Temporary failure in name resolution)"))
2026-02-06 18:05:08,511 [INFO] Server unreachable or empty response.
2026-02-06 18:05:08,511 [INFO] Sleeping 60s...
2026-02-06 18:06:08,543 [INFO] Checking server for model updates...
2026-02-06 18:06:20,831 [ERROR] model_update request failed: HTTPSConnectionPool(host='server.sparrow-earth.com', port=443): Max retries exceeded with url: /model_update (Caused by NameResolutionError("<urllib3.connection.HTTPSConnection object at 0x7fff6fc66d40>: Failed to resolve 'server.sparrow-earth.com' ([Errno -3] Temporary failure in name resolution)"))
2026-02-06 18:06:20,832 [INFO] Server unreachable or empty response.
2026-02-06 18:06:20,832 [INFO] Sleeping 60s...
2026-02-06 18:07:20,892 [INFO] Checking server for model updates...
2026-02-06 18:07:30,815 [ERROR] model_update request failed: HTTPSConnectionPool(host='server.sparrow-earth.com', port=443): Max retries exceeded with url: /model_update (Caused by NameResolutionError("<urllib3.connection.HTTPSConnection object at 0x7fff6fe0fc70>: Failed to resolve 'server.sparrow-earth.com' ([Errno -3] Temporary failure in name resolution)"))
2026-02-06 18:07:30,815 [INFO] Server unreachable or empty response.
2026-02-06 18:07:30,815 [INFO] Sleeping 60s...
2026-02-06 18:08:30,876 [INFO] Checking server for model updates...
2026-02-06 18:08:40,095 [ERROR] model_update request failed: HTTPSConnectionPool(host='server.sparrow-earth.com', port=443): Max retries exceeded with url: /model_update (Caused by NameResolutionError("<urllib3.connection.HTTPSConnection object at 0x7fff6fe0f6a0>: Failed to resolve 'server.sparrow-earth.com' ([Errno -3] Temporary failure in name resolution)"))
2026-02-06 18:08:40,095 [INFO] Server unreachable or empty response.
2026-02-06 18:08:40,096 [INFO] Sleeping 60s...
2026-02-06 18:09:40,121 [INFO] Checking server for model updates...
2026-02-06 18:09:52,127 [ERROR] model_update request failed: HTTPSConnectionPool(host='server.sparrow-earth.com', port=443): Max retries exceeded with url: /model_update (Caused by NameResolutionError("<urllib3.connection.HTTPSConnection object at 0x7fff6fc66410>: Failed to resolve 'server.sparrow-earth.com' ([Errno -3] Temporary failure in name resolution)"))
2026-02-06 18:09:52,127 [INFO] Server unreachable or empty response.
2026-02-06 18:09:52,128 [INFO] Sleeping 60s...
2026-02-06 18:10:52,188 [INFO] Checking server for model updates...
2026-02-06 18:11:04,479 [ERROR] model_update request failed: HTTPSConnectionPool(host='server.sparrow-earth.com', port=443): Max retries exceeded with url: /model_update (Caused by NameResolutionError("<urllib3.connection.HTTPSConnection object at 0x7fff6fc64fa0>: Failed to resolve 'server.sparrow-earth.com' ([Errno -3] Temporary failure in name resolution)"))
2026-02-06 18:11:04,479 [INFO] Server unreachable or empty response.
2026-02-06 18:11:04,479 [INFO] Sleeping 60s...
2026-02-06 18:12:04,514 [INFO] Checking server for model updates...
2026-02-06 18:12:16,799 [ERROR] model_update request failed: HTTPSConnectionPool(host='server.sparrow-earth.com', port=443): Max retries exceeded with url: /model_update (Caused by NameResolutionError("<urllib3.connection.HTTPSConnection object at 0x7fff6fc64e20>: Failed to resolve 'server.sparrow-earth.com' ([Errno -3] Temporary failure in name resolution)"))
2026-02-06 18:12:16,799 [INFO] Server unreachable or empty response.
2026-02-06 18:12:16,799 [INFO] Sleeping 60s...
2026-02-06 18:13:16,831 [INFO] Checking server for model updates...
2026-02-06 18:13:29,119 [ERROR] model_update request failed: HTTPSConnectionPool(host='server.sparrow-earth.com', port=443): Max retries exceeded with url: /model_update (Caused by NameResolutionError("<urllib3.connection.HTTPSConnection object at 0x7fff6fe0f970>: Failed to resolve 'server.sparrow-earth.com' ([Errno -3] Temporary failure in name resolution)"))
2026-02-06 18:13:29,119 [INFO] Server unreachable or empty response.
2026-02-06 18:13:29,119 [INFO] Sleeping 60s...
2026-02-06 18:14:29,148 [INFO] Checking server for model updates...
2026-02-06 18:14:38,623 [ERROR] model_update request failed: HTTPSConnectionPool(host='server.sparrow-earth.com', port=443): Max retries exceeded with url: /model_update (Caused by NameResolutionError("<urllib3.connection.HTTPSConnection object at 0x7fff6fe0fca0>: Failed to resolve 'server.sparrow-earth.com' ([Errno -3] Temporary failure in name resolution)"))
2026-02-06 18:14:38,623 [INFO] Server unreachable or empty response.
2026-02-06 18:14:38,623 [INFO] Sleeping 60s...
2026-02-06 18:15:38,674 [INFO] Checking server for model updates...
2026-02-06 18:15:50,751 [ERROR] model_update request failed: HTTPSConnectionPool(host='server.sparrow-earth.com', port=443): Max retries exceeded with url: /model_update (Caused by NameResolutionError("<urllib3.connection.HTTPSConnection object at 0x7fff6fe0ef80>: Failed to resolve 'server.sparrow-earth.com' ([Errno -3] Temporary failure in name resolution)"))
2026-02-06 18:15:50,751 [INFO] Server unreachable or empty response.
2026-02-06 18:15:50,751 [INFO] Sleeping 60s...
2026-02-06 18:16:50,762 [INFO] Checking server for model updates...
2026-02-06 18:17:00,927 [ERROR] model_update request failed: HTTPSConnectionPool(host='server.sparrow-earth.com', port=443): Max retries exceeded with url: /model_update (Caused by NameResolutionError("<urllib3.connection.HTTPSConnection object at 0x7fff6fc647f0>: Failed to resolve 'server.sparrow-earth.com' ([Errno -3] Temporary failure in name resolution)"))
2026-02-06 18:17:00,927 [INFO] Server unreachable or empty response.
2026-02-06 18:17:00,927 [INFO] Sleeping 60s...
2026-02-06 18:18:00,954 [INFO] Checking server for model updates...
2026-02-06 18:18:13,247 [ERROR] model_update request failed: HTTPSConnectionPool(host='server.sparrow-earth.com', port=443): Max retries exceeded with url: /model_update (Caused by NameResolutionError("<urllib3.connection.HTTPSConnection object at 0x7fff6fc65360>: Failed to resolve 'server.sparrow-earth.com' ([Errno -3] Temporary failure in name resolution)"))
2026-02-06 18:18:13,247 [INFO] Server unreachable or empty response.
2026-02-06 18:18:13,247 [INFO] Sleeping 60s...
2026-02-06 18:19:13,304 [INFO] Checking server for model updates...
2026-02-06 18:19:25,600 [ERROR] model_update request failed: HTTPSConnectionPool(host='server.sparrow-earth.com', port=443): Max retries exceeded with url: /model_update (Caused by NameResolutionError("<urllib3.connection.HTTPSConnection object at 0x7fff6fc675e0>: Failed to resolve 'server.sparrow-earth.com' ([Errno -3] Temporary failure in name resolution)"))
2026-02-06 18:19:25,600 [INFO] Server unreachable or empty response.
2026-02-06 18:19:25,600 [INFO] Sleeping 60s...
2026-02-06 18:20:25,638 [INFO] Checking server for model updates...
2026-02-06 18:20:37,727 [ERROR] model_update request failed: HTTPSConnectionPool(host='server.sparrow-earth.com', port=443): Max retries exceeded with url: /model_update (Caused by NameResolutionError("<urllib3.connection.HTTPSConnection object at 0x7fff6fe0e5c0>: Failed to resolve 'server.sparrow-earth.com' ([Errno -3] Temporary failure in name resolution)"))
2026-02-06 18:20:37,727 [INFO] Server unreachable or empty response.
2026-02-06 18:20:37,727 [INFO] Sleeping 60s...
2026-02-06 18:21:37,779 [INFO] Checking server for model updates...
2026-02-06 18:21:47,103 [ERROR] model_update request failed: HTTPSConnectionPool(host='server.sparrow-earth.com', port=443): Max retries exceeded with url: /model_update (Caused by NameResolutionError("<urllib3.connection.HTTPSConnection object at 0x7fff6fe0f1c0>: Failed to resolve 'server.sparrow-earth.com' ([Errno -3] Temporary failure in name resolution)"))
2026-02-06 18:21:47,103 [INFO] Server unreachable or empty response.
2026-02-06 18:21:47,103 [INFO] Sleeping 60s...
2026-02-06 18:22:47,156 [INFO] Checking server for model updates...
2026-02-06 18:22:59,423 [ERROR] model_update request failed: HTTPSConnectionPool(host='server.sparrow-earth.com', port=443): Max retries exceeded with url: /model_update (Caused by NameResolutionError("<urllib3.connection.HTTPSConnection object at 0x7fff6fc65360>: Failed to resolve 'server.sparrow-earth.com' ([Errno -3] Temporary failure in name resolution)"))
2026-02-06 18:22:59,423 [INFO] Server unreachable or empty response.
2026-02-06 18:22:59,423 [INFO] Sleeping 60s...
2026-02-06 18:23:59,454 [INFO] Checking server for model updates...
2026-02-06 18:24:11,743 [ERROR] model_update request failed: HTTPSConnectionPool(host='server.sparrow-earth.com', port=443): Max retries exceeded with url: /model_update (Caused by NameResolutionError("<urllib3.connection.HTTPSConnection object at 0x7fff6fc64b20>: Failed to resolve 'server.sparrow-earth.com' ([Errno -3] Temporary failure in name resolution)"))
2026-02-06 18:24:11,743 [INFO] Server unreachable or empty response.
2026-02-06 18:24:11,743 [INFO] Sleeping 60s...
2026-02-06 18:25:11,804 [INFO] Checking server for model updates...
2026-02-06 18:25:24,095 [ERROR] model_update request failed: HTTPSConnectionPool(host='server.sparrow-earth.com', port=443): Max retries exceeded with url: /model_update (Caused by NameResolutionError("<urllib3.connection.HTTPSConnection object at 0x7fff6fc66ef0>: Failed to resolve 'server.sparrow-earth.com' ([Errno -3] Temporary failure in name resolution)"))
2026-02-06 18:25:24,095 [INFO] Server unreachable or empty response.
2026-02-06 18:25:24,096 [INFO] Sleeping 60s...
2026-02-06 18:26:24,147 [INFO] Checking server for model updates...
2026-02-06 18:26:35,007 [ERROR] model_update request failed: HTTPSConnectionPool(host='server.sparrow-earth.com', port=443): Max retries exceeded with url: /model_update (Caused by NameResolutionError("<urllib3.connection.HTTPSConnection object at 0x7fff6fe0f400>: Failed to resolve 'server.sparrow-earth.com' ([Errno -3] Temporary failure in name resolution)"))
2026-02-06 18:26:35,007 [INFO] Server unreachable or empty response.
2026-02-06 18:26:35,007 [INFO] Sleeping 60s...
2026-02-06 18:27:35,068 [INFO] Checking server for model updates...
2026-02-06 18:27:45,343 [ERROR] model_update request failed: HTTPSConnectionPool(host='server.sparrow-earth.com', port=443): Max retries exceeded with url: /model_update (Caused by NameResolutionError("<urllib3.connection.HTTPSConnection object at 0x7fff6fe0e4d0>: Failed to resolve 'server.sparrow-earth.com' ([Errno -3] Temporary failure in name resolution)"))
2026-02-06 18:27:45,343 [INFO] Server unreachable or empty response.
2026-02-06 18:27:45,344 [INFO] Sleeping 60s...
2026-02-06 18:28:45,404 [INFO] Checking server for model updates...
2026-02-06 18:28:57,695 [ERROR] model_update request failed: HTTPSConnectionPool(host='server.sparrow-earth.com', port=443): Max retries exceeded with url: /model_update (Caused by NameResolutionError("<urllib3.connection.HTTPSConnection object at 0x7fff6fe0e7a0>: Failed to resolve 'server.sparrow-earth.com' ([Errno -3] Temporary failure in name resolution)"))
2026-02-06 18:28:57,695 [INFO] Server unreachable or empty response.
2026-02-06 18:28:57,695 [INFO] Sleeping 60s...
2026-02-06 18:29:57,743 [INFO] Checking server for model updates...
2026-02-06 18:30:10,015 [ERROR] model_update request failed: HTTPSConnectionPool(host='server.sparrow-earth.com', port=443): Max retries exceeded with url: /model_update (Caused by NameResolutionError("<urllib3.connection.HTTPSConnection object at 0x7fff6fc66980>: Failed to resolve 'server.sparrow-earth.com' ([Errno -3] Temporary failure in name resolution)"))
2026-02-06 18:30:10,015 [INFO] Server unreachable or empty response.
2026-02-06 18:30:10,015 [INFO] Sleeping 60s...
2026-02-06 18:31:10,074 [INFO] Checking server for model updates...
2026-02-06 18:31:22,367 [ERROR] model_update request failed: HTTPSConnectionPool(host='server.sparrow-earth.com', port=443): Max retries exceeded with url: /model_update (Caused by NameResolutionError("<urllib3.connection.HTTPSConnection object at 0x7fff6fc64d30>: Failed to resolve 'server.sparrow-earth.com' ([Errno -3] Temporary failure in name resolution)"))
2026-02-06 18:31:22,367 [INFO] Server unreachable or empty response.
2026-02-06 18:31:22,367 [INFO] Sleeping 60s...
2026-02-06 18:32:22,428 [INFO] Checking server for model updates...
2026-02-06 18:32:32,288 [ERROR] model_update request failed: HTTPSConnectionPool(host='server.sparrow-earth.com', port=443): Max retries exceeded with url: /model_update (Caused by NameResolutionError("<urllib3.connection.HTTPSConnection object at 0x7fff6fc67eb0>: Failed to resolve 'server.sparrow-earth.com' ([Errno -3] Temporary failure in name resolution)"))
2026-02-06 18:32:32,288 [INFO] Server unreachable or empty response.
2026-02-06 18:32:32,288 [INFO] Sleeping 60s...
2026-02-06 18:33:32,305 [INFO] Checking server for model updates...
2026-02-06 18:33:41,567 [ERROR] model_update request failed: HTTPSConnectionPool(host='server.sparrow-earth.com', port=443): Max retries exceeded with url: /model_update (Caused by NameResolutionError("<urllib3.connection.HTTPSConnection object at 0x7fff6fc65240>: Failed to resolve 'server.sparrow-earth.com' ([Errno -3] Temporary failure in name resolution)"))
2026-02-06 18:33:41,567 [INFO] Server unreachable or empty response.
2026-02-06 18:33:41,567 [INFO] Sleeping 60s...
2026-02-06 18:34:41,594 [INFO] Checking server for model updates...
2026-02-06 18:34:51,103 [ERROR] model_update request failed: HTTPSConnectionPool(host='server.sparrow-earth.com', port=443): Max retries exceeded with url: /model_update (Caused by NameResolutionError("<urllib3.connection.HTTPSConnection object at 0x7fff6fc67a00>: Failed to resolve 'server.sparrow-earth.com' ([Errno -3] Temporary failure in name resolution)"))
2026-02-06 18:34:51,103 [INFO] Server unreachable or empty response.
2026-02-06 18:34:51,103 [INFO] Sleeping 60s...
2026-02-06 18:35:51,164 [INFO] Checking server for model updates...
2026-02-06 18:36:03,455 [ERROR] model_update request failed: HTTPSConnectionPool(host='server.sparrow-earth.com', port=443): Max retries exceeded with url: /model_update (Caused by NameResolutionError("<urllib3.connection.HTTPSConnection object at 0x7fff6fe0ff40>: Failed to resolve 'server.sparrow-earth.com' ([Errno -3] Temporary failure in name resolution)"))
2026-02-06 18:36:03,455 [INFO] Server unreachable or empty response.
2026-02-06 18:36:03,455 [INFO] Sleeping 60s...
2026-02-06 18:37:03,514 [INFO] Checking server for model updates...
2026-02-06 18:37:15,295 [ERROR] model_update request failed: HTTPSConnectionPool(host='server.sparrow-earth.com', port=443): Max retries exceeded with url: /model_update (Caused by NameResolutionError("<urllib3.connection.HTTPSConnection object at 0x7fff6fe0fd00>: Failed to resolve 'server.sparrow-earth.com' ([Errno -3] Temporary failure in name resolution)"))
2026-02-06 18:37:15,295 [INFO] Server unreachable or empty response.
2026-02-06 18:37:15,295 [INFO] Sleeping 60s...
2026-02-06 18:38:15,314 [INFO] Checking server for model updates...
2026-02-06 18:38:27,583 [ERROR] model_update request failed: HTTPSConnectionPool(host='server.sparrow-earth.com', port=443): Max retries exceeded with url: /model_update (Caused by NameResolutionError("<urllib3.connection.HTTPSConnection object at 0x7fff6fe0e3b0>: Failed to resolve 'server.sparrow-earth.com' ([Errno -3] Temporary failure in name resolution)"))
2026-02-06 18:38:27,583 [INFO] Server unreachable or empty response.
2026-02-06 18:38:27,583 [INFO] Sleeping 60s...
2026-02-06 18:39:27,634 [INFO] Checking server for model updates...
2026-02-06 18:39:37,471 [ERROR] model_update request failed: HTTPSConnectionPool(host='server.sparrow-earth.com', port=443): Max retries exceeded with url: /model_update (Caused by NameResolutionError("<urllib3.connection.HTTPSConnection object at 0x7fff6fe0f910>: Failed to resolve 'server.sparrow-earth.com' ([Errno -3] Temporary failure in name resolution)"))
2026-02-06 18:39:37,471 [INFO] Server unreachable or empty response.
2026-02-06 18:39:37,471 [INFO] Sleeping 60s...
2026-02-06 18:40:37,514 [INFO] Checking server for model updates...
2026-02-06 18:40:49,215 [ERROR] model_update request failed: HTTPSConnectionPool(host='server.sparrow-earth.com', port=443): Max retries exceeded with url: /model_update (Caused by NameResolutionError("<urllib3.connection.HTTPSConnection object at 0x7fff6fe0ff70>: Failed to resolve 'server.sparrow-earth.com' ([Errno -3] Temporary failure in name resolution)"))
2026-02-06 18:40:49,215 [INFO] Server unreachable or empty response.
2026-02-06 18:40:49,215 [INFO] Sleeping 60s...
2026-02-06 18:41:49,276 [INFO] Checking server for model updates...
2026-02-06 18:42:01,567 [ERROR] model_update request failed: HTTPSConnectionPool(host='server.sparrow-earth.com', port=443): Max retries exceeded with url: /model_update (Caused by NameResolutionError("<urllib3.connection.HTTPSConnection object at 0x7fff6fe0f640>: Failed to resolve 'server.sparrow-earth.com' ([Errno -3] Temporary failure in name resolution)"))
2026-02-06 18:42:01,567 [INFO] Server unreachable or empty response.
2026-02-06 18:42:01,567 [INFO] Sleeping 60s...
2026-02-06 18:43:01,628 [INFO] Checking server for model updates...
2026-02-06 18:43:13,923 [ERROR] model_update request failed: HTTPSConnectionPool(host='server.sparrow-earth.com', port=443): Max retries exceeded with url: /model_update (Caused by NameResolutionError("<urllib3.connection.HTTPSConnection object at 0x7fff6fc67220>: Failed to resolve 'server.sparrow-earth.com' ([Errno -3] Temporary failure in name resolution)"))
2026-02-06 18:43:13,923 [INFO] Server unreachable or empty response.
2026-02-06 18:43:13,923 [INFO] Sleeping 60s...
2026-02-06 18:44:13,934 [INFO] Checking server for model updates...
2026-02-06 18:44:26,207 [ERROR] model_update request failed: HTTPSConnectionPool(host='server.sparrow-earth.com', port=443): Max retries exceeded with url: /model_update (Caused by NameResolutionError("<urllib3.connection.HTTPSConnection object at 0x7fff6fc67250>: Failed to resolve 'server.sparrow-earth.com' ([Errno -3] Temporary failure in name resolution)"))
2026-02-06 18:44:26,207 [INFO] Server unreachable or empty response.
2026-02-06 18:44:26,207 [INFO] Sleeping 60s...
2026-02-06 18:45:26,268 [INFO] Checking server for model updates...
2026-02-06 18:45:35,488 [ERROR] model_update request failed: HTTPSConnectionPool(host='server.sparrow-earth.com', port=443): Max retries exceeded with url: /model_update (Caused by NameResolutionError("<urllib3.connection.HTTPSConnection object at 0x7fff6fc887c0>: Failed to resolve 'server.sparrow-earth.com' ([Errno -3] Temporary failure in name resolution)"))
2026-02-06 18:45:35,488 [INFO] Server unreachable or empty response.
2026-02-06 18:45:35,488 [INFO] Sleeping 60s...
2026-02-06 18:46:35,549 [INFO] Checking server for model updates...
2026-02-06 18:46:46,527 [ERROR] model_update request failed: HTTPSConnectionPool(host='server.sparrow-earth.com', port=443): Max retries exceeded with url: /model_update (Caused by NameResolutionError("<urllib3.connection.HTTPSConnection object at 0x7fff6fe0e590>: Failed to resolve 'server.sparrow-earth.com' ([Errno -3] Temporary failure in name resolution)"))
2026-02-06 18:46:46,527 [INFO] Server unreachable or empty response.
2026-02-06 18:46:46,527 [INFO] Sleeping 60s...
2026-02-06 18:47:46,533 [INFO] Checking server for model updates...
2026-02-06 18:47:58,815 [ERROR] model_update request failed: HTTPSConnectionPool(host='server.sparrow-earth.com', port=443): Max retries exceeded with url: /model_update (Caused by NameResolutionError("<urllib3.connection.HTTPSConnection object at 0x7fff6fe0f9d0>: Failed to resolve 'server.sparrow-earth.com' ([Errno -3] Temporary failure in name resolution)"))
2026-02-06 18:47:58,815 [INFO] Server unreachable or empty response.
2026-02-06 18:47:58,815 [INFO] Sleeping 60s...
2026-02-06 18:48:58,861 [INFO] Checking server for model updates...
2026-02-06 18:49:11,135 [ERROR] model_update request failed: HTTPSConnectionPool(host='server.sparrow-earth.com', port=443): Max retries exceeded with url: /model_update (Caused by NameResolutionError("<urllib3.connection.HTTPSConnection object at 0x7fff6fc64e80>: Failed to resolve 'server.sparrow-earth.com' ([Errno -3] Temporary failure in name resolution)"))
2026-02-06 18:49:11,135 [INFO] Server unreachable or empty response.
2026-02-06 18:49:11,135 [INFO] Sleeping 60s...
2026-02-06 18:50:11,196 [INFO] Checking server for model updates...
2026-02-06 18:50:23,487 [ERROR] model_update request failed: HTTPSConnectionPool(host='server.sparrow-earth.com', port=443): Max retries exceeded with url: /model_update (Caused by NameResolutionError("<urllib3.connection.HTTPSConnection object at 0x7fff6fc67c40>: Failed to resolve 'server.sparrow-earth.com' ([Errno -3] Temporary failure in name resolution)"))
2026-02-06 18:50:23,487 [INFO] Server unreachable or empty response.
2026-02-06 18:50:23,487 [INFO] Sleeping 60s...
2026-02-06 18:51:23,514 [INFO] Checking server for model updates...
2026-02-06 18:51:33,503 [ERROR] model_update request failed: HTTPSConnectionPool(host='server.sparrow-earth.com', port=443): Max retries exceeded with url: /model_update (Caused by NameResolutionError("<urllib3.connection.HTTPSConnection object at 0x7fff6fc67f40>: Failed to resolve 'server.sparrow-earth.com' ([Errno -3] Temporary failure in name resolution)"))
2026-02-06 18:51:33,503 [INFO] Server unreachable or empty response.
2026-02-06 18:51:33,503 [INFO] Sleeping 60s...
2026-02-06 18:52:33,564 [INFO] Checking server for model updates...
2026-02-06 18:52:42,783 [ERROR] model_update request failed: HTTPSConnectionPool(host='server.sparrow-earth.com', port=443): Max retries exceeded with url: /model_update (Caused by NameResolutionError("<urllib3.connection.HTTPSConnection object at 0x7fff6fe0f820>: Failed to resolve 'server.sparrow-earth.com' ([Errno -3] Temporary failure in name resolution)"))
2026-02-06 18:52:42,783 [INFO] Server unreachable or empty response.
2026-02-06 18:52:42,783 [INFO] Sleeping 60s...
2026-02-06 18:53:42,832 [INFO] Checking server for model updates...
2026-02-06 18:53:52,383 [ERROR] model_update request failed: HTTPSConnectionPool(host='server.sparrow-earth.com', port=443): Max retries exceeded with url: /model_update (Caused by NameResolutionError("<urllib3.connection.HTTPSConnection object at 0x7fff6fe0fa90>: Failed to resolve 'server.sparrow-earth.com' ([Errno -3] Temporary failure in name resolution)"))
2026-02-06 18:53:52,383 [INFO] Server unreachable or empty response.
2026-02-06 18:53:52,383 [INFO] Sleeping 60s...
2026-02-06 18:54:52,425 [INFO] Checking server for model updates...
2026-02-06 18:55:04,703 [ERROR] model_update request failed: HTTPSConnectionPool(host='server.sparrow-earth.com', port=443): Max retries exceeded with url: /model_update (Caused by NameResolutionError("<urllib3.connection.HTTPSConnection object at 0x7fff6fe0e890>: Failed to resolve 'server.sparrow-earth.com' ([Errno -3] Temporary failure in name resolution)"))
2026-02-06 18:55:04,703 [INFO] Server unreachable or empty response.
2026-02-06 18:55:04,703 [INFO] Sleeping 60s...
2026-02-06 18:56:04,715 [INFO] Checking server for model updates...
2026-02-06 18:56:16,991 [ERROR] model_update request failed: HTTPSConnectionPool(host='server.sparrow-earth.com', port=443): Max retries exceeded with url: /model_update (Caused by NameResolutionError("<urllib3.connection.HTTPSConnection object at 0x7fff6fc67be0>: Failed to resolve 'server.sparrow-earth.com' ([Errno -3] Temporary failure in name resolution)"))
2026-02-06 18:56:16,991 [INFO] Server unreachable or empty response.
2026-02-06 18:56:16,991 [INFO] Sleeping 60s...
2026-02-06 18:57:17,041 [INFO] Checking server for model updates...
2026-02-06 18:57:29,311 [ERROR] model_update request failed: HTTPSConnectionPool(host='server.sparrow-earth.com', port=443): Max retries exceeded with url: /model_update (Caused by NameResolutionError("<urllib3.connection.HTTPSConnection object at 0x7fff6fc67040>: Failed to resolve 'server.sparrow-earth.com' ([Errno -3] Temporary failure in name resolution)"))
2026-02-06 18:57:29,311 [INFO] Server unreachable or empty response.
2026-02-06 18:57:29,311 [INFO] Sleeping 60s...
2026-02-06 18:58:29,338 [INFO] Checking server for model updates...
2026-02-06 18:58:41,599 [ERROR] model_update request failed: HTTPSConnectionPool(host='server.sparrow-earth.com', port=443): Max retries exceeded with url: /model_update (Caused by NameResolutionError("<urllib3.connection.HTTPSConnection object at 0x7fff6fc67670>: Failed to resolve 'server.sparrow-earth.com' ([Errno -3] Temporary failure in name resolution)"))
2026-02-06 18:58:41,599 [INFO] Server unreachable or empty response.
2026-02-06 18:58:41,599 [INFO] Sleeping 60s...
2026-02-06 18:59:41,617 [INFO] Checking server for model updates...
2026-02-06 18:59:53,471 [ERROR] model_update request failed: HTTPSConnectionPool(host='server.sparrow-earth.com', port=443): Max retries exceeded with url: /model_update (Caused by NameResolutionError("<urllib3.connection.HTTPSConnection object at 0x7fff6fe0e680>: Failed to resolve 'server.sparrow-earth.com' ([Errno -3] Temporary failure in name resolution)"))
2026-02-06 18:59:53,471 [INFO] Server unreachable or empty response.
2026-02-06 18:59:53,471 [INFO] Sleeping 60s...
2026-02-06 19:00:53,494 [INFO] Checking server for model updates...
2026-02-06 19:01:05,791 [ERROR] model_update request failed: HTTPSConnectionPool(host='server.sparrow-earth.com', port=443): Max retries exceeded with url: /model_update (Caused by NameResolutionError("<urllib3.connection.HTTPSConnection object at 0x7fff6fe0ff70>: Failed to resolve 'server.sparrow-earth.com' ([Errno -3] Temporary failure in name resolution)"))
2026-02-06 19:01:05,791 [INFO] Server unreachable or empty response.
2026-02-06 19:01:05,791 [INFO] Sleeping 60s...
2026-02-06 19:02:05,852 [INFO] Checking server for model updates...
2026-02-06 19:02:18,143 [ERROR] model_update request failed: HTTPSConnectionPool(host='server.sparrow-earth.com', port=443): Max retries exceeded with url: /model_update (Caused by NameResolutionError("<urllib3.connection.HTTPSConnection object at 0x7fff6fe0e740>: Failed to resolve 'server.sparrow-earth.com' ([Errno -3] Temporary failure in name resolution)"))
2026-02-06 19:02:18,143 [INFO] Server unreachable or empty response.
2026-02-06 19:02:18,143 [INFO] Sleeping 60s...
2026-02-06 19:03:18,158 [INFO] Checking server for model updates...
2026-02-06 19:03:30,431 [ERROR] model_update request failed: HTTPSConnectionPool(host='server.sparrow-earth.com', port=443): Max retries exceeded with url: /model_update (Caused by NameResolutionError("<urllib3.connection.HTTPSConnection object at 0x7fff6fc658d0>: Failed to resolve 'server.sparrow-earth.com' ([Errno -3] Temporary failure in name resolution)"))
2026-02-06 19:03:30,431 [INFO] Server unreachable or empty response.
2026-02-06 19:03:30,431 [INFO] Sleeping 60s...
2026-02-06 19:04:30,483 [INFO] Checking server for model updates...
2026-02-06 19:04:40,415 [ERROR] model_update request failed: HTTPSConnectionPool(host='server.sparrow-earth.com', port=443): Max retries exceeded with url: /model_update (Caused by NameResolutionError("<urllib3.connection.HTTPSConnection object at 0x7fff6fc66fb0>: Failed to resolve 'server.sparrow-earth.com' ([Errno -3] Temporary failure in name resolution)"))
2026-02-06 19:04:40,415 [INFO] Server unreachable or empty response.
2026-02-06 19:04:40,416 [INFO] Sleeping 60s...
2026-02-06 19:05:40,473 [INFO] Checking server for model updates...
2026-02-06 19:05:50,751 [ERROR] model_update request failed: HTTPSConnectionPool(host='server.sparrow-earth.com', port=443): Max retries exceeded with url: /model_update (Caused by NameResolutionError("<urllib3.connection.HTTPSConnection object at 0x7fff6fc65840>: Failed to resolve 'server.sparrow-earth.com' ([Errno -3] Temporary failure in name resolution)"))
2026-02-06 19:05:50,752 [INFO] Server unreachable or empty response.
2026-02-06 19:05:50,752 [INFO] Sleeping 60s...
2026-02-06 19:06:50,763 [INFO] Checking server for model updates...
2026-02-06 19:07:03,039 [ERROR] model_update request failed: HTTPSConnectionPool(host='server.sparrow-earth.com', port=443): Max retries exceeded with url: /model_update (Caused by NameResolutionError("<urllib3.connection.HTTPSConnection object at 0x7fff6fe0ef80>: Failed to resolve 'server.sparrow-earth.com' ([Errno -3] Temporary failure in name resolution)"))
2026-02-06 19:07:03,039 [INFO] Server unreachable or empty response.
2026-02-06 19:07:03,039 [INFO] Sleeping 60s...
2026-02-06 19:08:03,086 [INFO] Checking server for model updates...
2026-02-06 19:08:15,359 [ERROR] model_update request failed: HTTPSConnectionPool(host='server.sparrow-earth.com', port=443): Max retries exceeded with url: /model_update (Caused by NameResolutionError("<urllib3.connection.HTTPSConnection object at 0x7fff6fe0fe80>: Failed to resolve 'server.sparrow-earth.com' ([Errno -3] Temporary failure in name resolution)"))
2026-02-06 19:08:15,359 [INFO] Server unreachable or empty response.
2026-02-06 19:08:15,359 [INFO] Sleeping 60s...
2026-02-06 19:09:15,374 [INFO] Checking server for model updates...
2026-02-06 19:09:27,647 [ERROR] model_update request failed: HTTPSConnectionPool(host='server.sparrow-earth.com', port=443): Max retries exceeded with url: /model_update (Caused by NameResolutionError("<urllib3.connection.HTTPSConnection object at 0x7fff6fc67910>: Failed to resolve 'server.sparrow-earth.com' ([Errno -3] Temporary failure in name resolution)"))
2026-02-06 19:09:27,647 [INFO] Server unreachable or empty response.
2026-02-06 19:09:27,647 [INFO] Sleeping 60s...
2026-02-06 19:10:27,708 [INFO] Checking server for model updates...
2026-02-06 19:10:37,695 [ERROR] model_update request failed: HTTPSConnectionPool(host='server.sparrow-earth.com', port=443): Max retries exceeded with url: /model_update (Caused by NameResolutionError("<urllib3.connection.HTTPSConnection object at 0x7fff6fc67070>: Failed to resolve 'server.sparrow-earth.com' ([Errno -3] Temporary failure in name resolution)"))
2026-02-06 19:10:37,695 [INFO] Server unreachable or empty response.
2026-02-06 19:10:37,695 [INFO] Sleeping 60s...
2026-02-06 19:11:37,749 [INFO] Checking server for model updates...
2026-02-06 19:11:46,975 [ERROR] model_update request failed: HTTPSConnectionPool(host='server.sparrow-earth.com', port=443): Max retries exceeded with url: /model_update (Caused by NameResolutionError("<urllib3.connection.HTTPSConnection object at 0x7fff6fc65c90>: Failed to resolve 'server.sparrow-earth.com' ([Errno -3] Temporary failure in name resolution)"))
2026-02-06 19:11:46,975 [INFO] Server unreachable or empty response.
2026-02-06 19:11:46,975 [INFO] Sleeping 60s...
2026-02-06 19:12:46,999 [INFO] Checking server for model updates...
2026-02-06 19:12:56,575 [ERROR] model_update request failed: HTTPSConnectionPool(host='server.sparrow-earth.com', port=443): Max retries exceeded with url: /model_update (Caused by NameResolutionError("<urllib3.connection.HTTPSConnection object at 0x7fff6fe0e890>: Failed to resolve 'server.sparrow-earth.com' ([Errno -3] Temporary failure in name resolution)"))
2026-02-06 19:12:56,575 [INFO] Server unreachable or empty response.
2026-02-06 19:12:56,575 [INFO] Sleeping 60s...
2026-02-06 19:13:56,613 [INFO] Checking server for model updates...
2026-02-06 19:14:08,895 [ERROR] model_update request failed: HTTPSConnectionPool(host='server.sparrow-earth.com', port=443): Max retries exceeded with url: /model_update (Caused by NameResolutionError("<urllib3.connection.HTTPSConnection object at 0x7fff6fe0ff70>: Failed to resolve 'server.sparrow-earth.com' ([Errno -3] Temporary failure in name resolution)"))
2026-02-06 19:14:08,895 [INFO] Server unreachable or empty response.
2026-02-06 19:14:08,895 [INFO] Sleeping 60s...
2026-02-06 19:15:08,954 [INFO] Checking server for model updates...
2026-02-06 19:15:21,247 [ERROR] model_update request failed: HTTPSConnectionPool(host='server.sparrow-earth.com', port=443): Max retries exceeded with url: /model_update (Caused by NameResolutionError("<urllib3.connection.HTTPSConnection object at 0x7fff6fe0e740>: Failed to resolve 'server.sparrow-earth.com' ([Errno -3] Temporary failure in name resolution)"))
2026-02-06 19:15:21,247 [INFO] Server unreachable or empty response.
2026-02-06 19:15:21,247 [INFO] Sleeping 60s...
2026-02-06 19:16:21,289 [INFO] Checking server for model updates...
2026-02-06 19:16:33,567 [ERROR] model_update request failed: HTTPSConnectionPool(host='server.sparrow-earth.com', port=443): Max retries exceeded with url: /model_update (Caused by NameResolutionError("<urllib3.connection.HTTPSConnection object at 0x7fff6fc67640>: Failed to resolve 'server.sparrow-earth.com' ([Errno -3] Temporary failure in name resolution)"))
2026-02-06 19:16:33,567 [INFO] Server unreachable or empty response.
2026-02-06 19:16:33,567 [INFO] Sleeping 60s...
2026-02-06 19:17:33,611 [INFO] Checking server for model updates...
2026-02-06 19:17:44,255 [ERROR] model_update request failed: HTTPSConnectionPool(host='server.sparrow-earth.com', port=443): Max retries exceeded with url: /model_update (Caused by NameResolutionError("<urllib3.connection.HTTPSConnection object at 0x7fff6fc642e0>: Failed to resolve 'server.sparrow-earth.com' ([Errno -3] Temporary failure in name resolution)"))
2026-02-06 19:17:44,255 [INFO] Server unreachable or empty response.
2026-02-06 19:17:44,255 [INFO] Sleeping 60s...
2026-02-06 19:18:44,274 [INFO] Checking server for model updates...
2026-02-06 19:18:53,951 [ERROR] model_update request failed: HTTPSConnectionPool(host='server.sparrow-earth.com', port=443): Max retries exceeded with url: /model_update (Caused by NameResolutionError("<urllib3.connection.HTTPSConnection object at 0x7fff6fc660e0>: Failed to resolve 'server.sparrow-earth.com' ([Errno -3] Temporary failure in name resolution)"))
2026-02-06 19:18:53,951 [INFO] Server unreachable or empty response.
2026-02-06 19:18:53,951 [INFO] Sleeping 60s...
2026-02-06 19:19:53,954 [INFO] Checking server for model updates...
2026-02-06 19:20:06,239 [ERROR] model_update request failed: HTTPSConnectionPool(host='server.sparrow-earth.com', port=443): Max retries exceeded with url: /model_update (Caused by NameResolutionError("<urllib3.connection.HTTPSConnection object at 0x7fff6fe0e530>: Failed to resolve 'server.sparrow-earth.com' ([Errno -3] Temporary failure in name resolution)"))
2026-02-06 19:20:06,239 [INFO] Server unreachable or empty response.
2026-02-06 19:20:06,239 [INFO] Sleeping 60s...
2026-02-06 19:21:06,254 [INFO] Checking server for model updates...
2026-02-06 19:21:18,527 [ERROR] model_update request failed: HTTPSConnectionPool(host='server.sparrow-earth.com', port=443): Max retries exceeded with url: /model_update (Caused by NameResolutionError("<urllib3.connection.HTTPSConnection object at 0x7fff6fe0ff10>: Failed to resolve 'server.sparrow-earth.com' ([Errno -3] Temporary failure in name resolution)"))
2026-02-06 19:21:18,527 [INFO] Server unreachable or empty response.
2026-02-06 19:21:18,527 [INFO] Sleeping 60s...
2026-02-06 19:22:18,562 [INFO] Checking server for model updates...
2026-02-06 19:22:30,847 [ERROR] model_update request failed: HTTPSConnectionPool(host='server.sparrow-earth.com', port=443): Max retries exceeded with url: /model_update (Caused by NameResolutionError("<urllib3.connection.HTTPSConnection object at 0x7fff6fe0f0a0>: Failed to resolve 'server.sparrow-earth.com' ([Errno -3] Temporary failure in name resolution)"))
2026-02-06 19:22:30,847 [INFO] Server unreachable or empty response.
2026-02-06 19:22:30,848 [INFO] Sleeping 60s...
2026-02-06 19:23:30,908 [INFO] Checking server for model updates...
2026-02-06 19:23:41,535 [ERROR] model_update request failed: HTTPSConnectionPool(host='server.sparrow-earth.com', port=443): Max retries exceeded with url: /model_update (Caused by NameResolutionError("<urllib3.connection.HTTPSConnection object at 0x7fff6fc66b30>: Failed to resolve 'server.sparrow-earth.com' ([Errno -3] Temporary failure in name resolution)"))
2026-02-06 19:23:41,535 [INFO] Server unreachable or empty response.
2026-02-06 19:23:41,535 [INFO] Sleeping 60s...
2026-02-06 19:24:41,596 [INFO] Checking server for model updates...
2026-02-06 19:24:50,815 [ERROR] model_update request failed: HTTPSConnectionPool(host='server.sparrow-earth.com', port=443): Max retries exceeded with url: /model_update (Caused by NameResolutionError("<urllib3.connection.HTTPSConnection object at 0x7fff6fc67070>: Failed to resolve 'server.sparrow-earth.com' ([Errno -3] Temporary failure in name resolution)"))
2026-02-06 19:24:50,815 [INFO] Server unreachable or empty response.
2026-02-06 19:24:50,815 [INFO] Sleeping 60s...
2026-02-06 19:25:50,839 [INFO] Checking server for model updates...
2026-02-06 19:26:03,135 [ERROR] model_update request failed: HTTPSConnectionPool(host='server.sparrow-earth.com', port=443): Max retries exceeded with url: /model_update (Caused by NameResolutionError("<urllib3.connection.HTTPSConnection object at 0x7fff6fc64be0>: Failed to resolve 'server.sparrow-earth.com' ([Errno -3] Temporary failure in name resolution)"))
2026-02-06 19:26:03,136 [INFO] Server unreachable or empty response.
2026-02-06 19:26:03,136 [INFO] Sleeping 60s...
2026-02-06 19:27:03,189 [INFO] Checking server for model updates...
2026-02-06 19:27:15,455 [ERROR] model_update request failed: HTTPSConnectionPool(host='server.sparrow-earth.com', port=443): Max retries exceeded with url: /model_update (Caused by NameResolutionError("<urllib3.connection.HTTPSConnection object at 0x7fff6fe0fd60>: Failed to resolve 'server.sparrow-earth.com' ([Errno -3] Temporary failure in name resolution)"))
2026-02-06 19:27:15,455 [INFO] Server unreachable or empty response.
2026-02-06 19:27:15,455 [INFO] Sleeping 60s...
2026-02-06 19:28:15,494 [INFO] Checking server for model updates...
2026-02-06 19:28:27,775 [ERROR] model_update request failed: HTTPSConnectionPool(host='server.sparrow-earth.com', port=443): Max retries exceeded with url: /model_update (Caused by NameResolutionError("<urllib3.connection.HTTPSConnection object at 0x7fff6fe0f850>: Failed to resolve 'server.sparrow-earth.com' ([Errno -3] Temporary failure in name resolution)"))
2026-02-06 19:28:27,775 [INFO] Server unreachable or empty response.
2026-02-06 19:28:27,775 [INFO] Sleeping 60s...
2026-02-06 19:29:27,834 [INFO] Checking server for model updates...
2026-02-06 19:29:38,815 [ERROR] model_update request failed: HTTPSConnectionPool(host='server.sparrow-earth.com', port=443): Max retries exceeded with url: /model_update (Caused by NameResolutionError("<urllib3.connection.HTTPSConnection object at 0x7fff6fc65120>: Failed to resolve 'server.sparrow-earth.com' ([Errno -3] Temporary failure in name resolution)"))
2026-02-06 19:29:38,815 [INFO] Server unreachable or empty response.
2026-02-06 19:29:38,815 [INFO] Sleeping 60s...
2026-02-06 19:30:38,854 [INFO] Checking server for model updates...
2026-02-06 19:30:49,151 [ERROR] model_update request failed: HTTPSConnectionPool(host='server.sparrow-earth.com', port=443): Max retries exceeded with url: /model_update (Caused by NameResolutionError("<urllib3.connection.HTTPSConnection object at 0x7fff6fc67970>: Failed to resolve 'server.sparrow-earth.com' ([Errno -3] Temporary failure in name resolution)"))
2026-02-06 19:30:49,151 [INFO] Server unreachable or empty response.
2026-02-06 19:30:49,151 [INFO] Sleeping 60s...
2026-02-06 19:31:49,212 [INFO] Checking server for model updates...
2026-02-06 19:32:01,503 [ERROR] model_update request failed: HTTPSConnectionPool(host='server.sparrow-earth.com', port=443): Max retries exceeded with url: /model_update (Caused by NameResolutionError("<urllib3.connection.HTTPSConnection object at 0x7fff6fc66d40>: Failed to resolve 'server.sparrow-earth.com' ([Errno -3] Temporary failure in name resolution)"))
2026-02-06 19:32:01,503 [INFO] Server unreachable or empty response.
2026-02-06 19:32:01,503 [INFO] Sleeping 60s...
2026-02-06 19:33:01,548 [INFO] Checking server for model updates...
2026-02-06 19:33:13,823 [ERROR] model_update request failed: HTTPSConnectionPool(host='server.sparrow-earth.com', port=443): Max retries exceeded with url: /model_update (Caused by NameResolutionError("<urllib3.connection.HTTPSConnection object at 0x7fff6fe0f9d0>: Failed to resolve 'server.sparrow-earth.com' ([Errno -3] Temporary failure in name resolution)"))
2026-02-06 19:33:13,823 [INFO] Server unreachable or empty response.
2026-02-06 19:33:13,823 [INFO] Sleeping 60s...
2026-02-06 19:34:13,832 [INFO] Checking server for model updates...
2026-02-06 19:34:26,111 [ERROR] model_update request failed: HTTPSConnectionPool(host='server.sparrow-earth.com', port=443): Max retries exceeded with url: /model_update (Caused by NameResolutionError("<urllib3.connection.HTTPSConnection object at 0x7fff6fe0f6d0>: Failed to resolve 'server.sparrow-earth.com' ([Errno -3] Temporary failure in name resolution)"))
2026-02-06 19:34:26,111 [INFO] Server unreachable or empty response.
2026-02-06 19:34:26,111 [INFO] Sleeping 60s...
2026-02-06 19:35:26,172 [INFO] Checking server for model updates...
2026-02-06 19:35:36,095 [ERROR] model_update request failed: HTTPSConnectionPool(host='server.sparrow-earth.com', port=443): Max retries exceeded with url: /model_update (Caused by NameResolutionError("<urllib3.connection.HTTPSConnection object at 0x7fff6fe0ef20>: Failed to resolve 'server.sparrow-earth.com' ([Errno -3] Temporary failure in name resolution)"))
2026-02-06 19:35:36,095 [INFO] Server unreachable or empty response.
2026-02-06 19:35:36,095 [INFO] Sleeping 60s...
2026-02-06 19:36:36,148 [INFO] Checking server for model updates...
2026-02-06 19:36:45,375 [ERROR] model_update request failed: HTTPSConnectionPool(host='server.sparrow-earth.com', port=443): Max retries exceeded with url: /model_update (Caused by NameResolutionError("<urllib3.connection.HTTPSConnection object at 0x7fff6fc65b70>: Failed to resolve 'server.sparrow-earth.com' ([Errno -3] Temporary failure in name resolution)"))
2026-02-06 19:36:45,375 [INFO] Server unreachable or empty response.
2026-02-06 19:36:45,375 [INFO] Sleeping 60s...
2026-02-06 19:37:45,394 [INFO] Checking server for model updates...
2026-02-06 19:37:56,895 [ERROR] model_update request failed: HTTPSConnectionPool(host='server.sparrow-earth.com', port=443): Max retries exceeded with url: /model_update (Caused by NameResolutionError("<urllib3.connection.HTTPSConnection object at 0x7fff6fc669e0>: Failed to resolve 'server.sparrow-earth.com' ([Errno -3] Temporary failure in name resolution)"))
2026-02-06 19:37:56,895 [INFO] Server unreachable or empty response.
2026-02-06 19:37:56,896 [INFO] Sleeping 60s...
2026-02-06 19:38:56,897 [INFO] Checking server for model updates...
2026-02-06 19:39:09,183 [ERROR] model_update request failed: HTTPSConnectionPool(host='server.sparrow-earth.com', port=443): Max retries exceeded with url: /model_update (Caused by NameResolutionError("<urllib3.connection.HTTPSConnection object at 0x7fff6fc66650>: Failed to resolve 'server.sparrow-earth.com' ([Errno -3] Temporary failure in name resolution)"))
2026-02-06 19:39:09,183 [INFO] Server unreachable or empty response.
2026-02-06 19:39:09,183 [INFO] Sleeping 60s...
2026-02-06 19:40:09,215 [INFO] Checking server for model updates...
2026-02-06 19:40:21,503 [ERROR] model_update request failed: HTTPSConnectionPool(host='server.sparrow-earth.com', port=443): Max retries exceeded with url: /model_update (Caused by NameResolutionError("<urllib3.connection.HTTPSConnection object at 0x7fff6fe0e4d0>: Failed to resolve 'server.sparrow-earth.com' ([Errno -3] Temporary failure in name resolution)"))
2026-02-06 19:40:21,503 [INFO] Server unreachable or empty response.
2026-02-06 19:40:21,503 [INFO] Sleeping 60s...
2026-02-06 19:41:21,523 [INFO] Checking server for model updates...
2026-02-06 19:41:33,791 [ERROR] model_update request failed: HTTPSConnectionPool(host='server.sparrow-earth.com', port=443): Max retries exceeded with url: /model_update (Caused by NameResolutionError("<urllib3.connection.HTTPSConnection object at 0x7fff6fe0fdc0>: Failed to resolve 'server.sparrow-earth.com' ([Errno -3] Temporary failure in name resolution)"))
2026-02-06 19:41:33,791 [INFO] Server unreachable or empty response.
2026-02-06 19:41:33,791 [INFO] Sleeping 60s...
2026-02-06 19:42:33,837 [INFO] Checking server for model updates...
2026-02-06 19:42:45,759 [ERROR] model_update request failed: HTTPSConnectionPool(host='server.sparrow-earth.com', port=443): Max retries exceeded with url: /model_update (Caused by NameResolutionError("<urllib3.connection.HTTPSConnection object at 0x7fff6fe0fcd0>: Failed to resolve 'server.sparrow-earth.com' ([Errno -3] Temporary failure in name resolution)"))
2026-02-06 19:42:45,759 [INFO] Server unreachable or empty response.
2026-02-06 19:42:45,759 [INFO] Sleeping 60s...
2026-02-06 19:43:45,793 [INFO] Checking server for model updates...
2026-02-06 19:43:56,095 [ERROR] model_update request failed: HTTPSConnectionPool(host='server.sparrow-earth.com', port=443): Max retries exceeded with url: /model_update (Caused by NameResolutionError("<urllib3.connection.HTTPSConnection object at 0x7fff6fc64d60>: Failed to resolve 'server.sparrow-earth.com' ([Errno -3] Temporary failure in name resolution)"))
2026-02-06 19:43:56,095 [INFO] Server unreachable or empty response.
2026-02-06 19:43:56,095 [INFO] Sleeping 60s...
2026-02-06 19:44:56,103 [INFO] Checking server for model updates...
2026-02-06 19:45:08,383 [ERROR] model_update request failed: HTTPSConnectionPool(host='server.sparrow-earth.com', port=443): Max retries exceeded with url: /model_update (Caused by NameResolutionError("<urllib3.connection.HTTPSConnection object at 0x7fff6fc673a0>: Failed to resolve 'server.sparrow-earth.com' ([Errno -3] Temporary failure in name resolution)"))
2026-02-06 19:45:08,383 [INFO] Server unreachable or empty response.
2026-02-06 19:45:08,383 [INFO] Sleeping 60s...
2026-02-06 19:46:08,415 [INFO] Checking server for model updates...
2026-02-06 19:46:20,703 [ERROR] model_update request failed: HTTPSConnectionPool(host='server.sparrow-earth.com', port=443): Max retries exceeded with url: /model_update (Caused by NameResolutionError("<urllib3.connection.HTTPSConnection object at 0x7fff6fc64cd0>: Failed to resolve 'server.sparrow-earth.com' ([Errno -3] Temporary failure in name resolution)"))
2026-02-06 19:46:20,704 [INFO] Server unreachable or empty response.
2026-02-06 19:46:20,704 [INFO] Sleeping 60s...
2026-02-06 19:47:20,761 [INFO] Checking server for model updates...
2026-02-06 19:47:33,055 [ERROR] model_update request failed: HTTPSConnectionPool(host='server.sparrow-earth.com', port=443): Max retries exceeded with url: /model_update (Caused by NameResolutionError("<urllib3.connection.HTTPSConnection object at 0x7fff6fe0ff70>: Failed to resolve 'server.sparrow-earth.com' ([Errno -3] Temporary failure in name resolution)"))
2026-02-06 19:47:33,055 [INFO] Server unreachable or empty response.
2026-02-06 19:47:33,055 [INFO] Sleeping 60s...
2026-02-06 19:48:33,076 [INFO] Checking server for model updates...
2026-02-06 19:48:43,039 [ERROR] model_update request failed: HTTPSConnectionPool(host='server.sparrow-earth.com', port=443): Max retries exceeded with url: /model_update (Caused by NameResolutionError("<urllib3.connection.HTTPSConnection object at 0x7fff6fe0f730>: Failed to resolve 'server.sparrow-earth.com' ([Errno -3] Temporary failure in name resolution)"))
2026-02-06 19:48:43,039 [INFO] Server unreachable or empty response.
2026-02-06 19:48:43,039 [INFO] Sleeping 60s...
2026-02-06 19:49:43,046 [INFO] Checking server for model updates...
2026-02-06 19:49:52,383 [ERROR] model_update request failed: HTTPSConnectionPool(host='server.sparrow-earth.com', port=443): Max retries exceeded with url: /model_update (Caused by NameResolutionError("<urllib3.connection.HTTPSConnection object at 0x7fff6fc67220>: Failed to resolve 'server.sparrow-earth.com' ([Errno -3] Temporary failure in name resolution)"))
2026-02-06 19:49:52,383 [INFO] Server unreachable or empty response.
2026-02-06 19:49:52,383 [INFO] Sleeping 60s...
2026-02-06 19:50:52,415 [INFO] Checking server for model updates...
2026-02-06 19:51:01,951 [ERROR] model_update request failed: HTTPSConnectionPool(host='server.sparrow-earth.com', port=443): Max retries exceeded with url: /model_update (Caused by NameResolutionError("<urllib3.connection.HTTPSConnection object at 0x7fff6fc66f50>: Failed to resolve 'server.sparrow-earth.com' ([Errno -3] Temporary failure in name resolution)"))
2026-02-06 19:51:01,951 [INFO] Server unreachable or empty response.
2026-02-06 19:51:01,951 [INFO] Sleeping 60s...
2026-02-06 19:52:02,012 [INFO] Checking server for model updates...
2026-02-06 19:52:13,375 [ERROR] model_update request failed: HTTPSConnectionPool(host='server.sparrow-earth.com', port=443): Max retries exceeded with url: /model_update (Caused by NameResolutionError("<urllib3.connection.HTTPSConnection object at 0x7fff6fc66740>: Failed to resolve 'server.sparrow-earth.com' ([Errno -3] Temporary failure in name resolution)"))
2026-02-06 19:52:13,375 [INFO] Server unreachable or empty response.
2026-02-06 19:52:13,375 [INFO] Sleeping 60s...
2026-02-06 19:53:13,406 [INFO] Checking server for model updates...
2026-02-06 19:53:25,695 [ERROR] model_update request failed: HTTPSConnectionPool(host='server.sparrow-earth.com', port=443): Max retries exceeded with url: /model_update (Caused by NameResolutionError("<urllib3.connection.HTTPSConnection object at 0x7fff6fe0e4a0>: Failed to resolve 'server.sparrow-earth.com' ([Errno -3] Temporary failure in name resolution)"))
2026-02-06 19:53:25,695 [INFO] Server unreachable or empty response.
2026-02-06 19:53:25,695 [INFO] Sleeping 60s...
2026-02-06 19:54:25,714 [INFO] Checking server for model updates...
2026-02-06 19:54:37,247 [ERROR] model_update request failed: HTTPSConnectionPool(host='server.sparrow-earth.com', port=443): Max retries exceeded with url: /model_update (Caused by NameResolutionError("<urllib3.connection.HTTPSConnection object at 0x7fff6fe0f430>: Failed to resolve 'server.sparrow-earth.com' ([Errno -3] Temporary failure in name resolution)"))
2026-02-06 19:54:37,247 [INFO] Server unreachable or empty response.
2026-02-06 19:54:37,247 [INFO] Sleeping 60s...
2026-02-06 19:55:37,299 [INFO] Checking server for model updates...
2026-02-06 19:55:46,527 [ERROR] model_update request failed: HTTPSConnectionPool(host='server.sparrow-earth.com', port=443): Max retries exceeded with url: /model_update (Caused by NameResolutionError("<urllib3.connection.HTTPSConnection object at 0x7fff6fe0e9e0>: Failed to resolve 'server.sparrow-earth.com' ([Errno -3] Temporary failure in name resolution)"))
2026-02-06 19:55:46,527 [INFO] Server unreachable or empty response.
2026-02-06 19:55:46,527 [INFO] Sleeping 60s...
2026-02-06 19:56:46,537 [INFO] Checking server for model updates...
2026-02-06 19:56:56,127 [ERROR] model_update request failed: HTTPSConnectionPool(host='server.sparrow-earth.com', port=443): Max retries exceeded with url: /model_update (Caused by NameResolutionError("<urllib3.connection.HTTPSConnection object at 0x7fff6fc66890>: Failed to resolve 'server.sparrow-earth.com' ([Errno -3] Temporary failure in name resolution)"))
2026-02-06 19:56:56,127 [INFO] Server unreachable or empty response.
2026-02-06 19:56:56,127 [INFO] Sleeping 60s...
2026-02-06 19:57:56,183 [INFO] Checking server for model updates...
2026-02-06 19:58:08,479 [ERROR] model_update request failed: HTTPSConnectionPool(host='server.sparrow-earth.com', port=443): Max retries exceeded with url: /model_update (Caused by NameResolutionError("<urllib3.connection.HTTPSConnection object at 0x7fff6fc65e10>: Failed to resolve 'server.sparrow-earth.com' ([Errno -3] Temporary failure in name resolution)"))
2026-02-06 19:58:08,479 [INFO] Server unreachable or empty response.
2026-02-06 19:58:08,479 [INFO] Sleeping 60s...
2026-02-06 19:59:08,494 [INFO] Checking server for model updates...
2026-02-06 19:59:20,767 [ERROR] model_update request failed: HTTPSConnectionPool(host='server.sparrow-earth.com', port=443): Max retries exceeded with url: /model_update (Caused by NameResolutionError("<urllib3.connection.HTTPSConnection object at 0x7fff6fc643a0>: Failed to resolve 'server.sparrow-earth.com' ([Errno -3] Temporary failure in name resolution)"))
2026-02-06 19:59:20,767 [INFO] Server unreachable or empty response.
2026-02-06 19:59:20,767 [INFO] Sleeping 60s...
2026-02-06 20:00:20,774 [INFO] Checking server for model updates...
2026-02-06 20:00:33,055 [ERROR] model_update request failed: HTTPSConnectionPool(host='server.sparrow-earth.com', port=443): Max retries exceeded with url: /model_update (Caused by NameResolutionError("<urllib3.connection.HTTPSConnection object at 0x7fff6fe0fe50>: Failed to resolve 'server.sparrow-earth.com' ([Errno -3] Temporary failure in name resolution)"))
2026-02-06 20:00:33,055 [INFO] Server unreachable or empty response.
2026-02-06 20:00:33,055 [INFO] Sleeping 60s...
2026-02-06 20:01:33,094 [INFO] Checking server for model updates...
2026-02-06 20:01:43,807 [ERROR] model_update request failed: HTTPSConnectionPool(host='server.sparrow-earth.com', port=443): Max retries exceeded with url: /model_update (Caused by NameResolutionError("<urllib3.connection.HTTPSConnection object at 0x7fff6fe0faf0>: Failed to resolve 'server.sparrow-earth.com' ([Errno -3] Temporary failure in name resolution)"))
2026-02-06 20:01:43,807 [INFO] Server unreachable or empty response.
2026-02-06 20:01:43,808 [INFO] Sleeping 60s...
2026-02-06 20:02:43,814 [INFO] Checking server for model updates...
2026-02-06 20:02:54,143 [ERROR] model_update request failed: HTTPSConnectionPool(host='server.sparrow-earth.com', port=443): Max retries exceeded with url: /model_update (Caused by NameResolutionError("<urllib3.connection.HTTPSConnection object at 0x7fff6fe0efe0>: Failed to resolve 'server.sparrow-earth.com' ([Errno -3] Temporary failure in name resolution)"))
2026-02-06 20:02:54,143 [INFO] Server unreachable or empty response.
2026-02-06 20:02:54,143 [INFO] Sleeping 60s...
2026-02-06 20:03:54,158 [INFO] Checking server for model updates...
2026-02-06 20:04:05,567 [ERROR] model_update request failed: HTTPSConnectionPool(host='server.sparrow-earth.com', port=443): Max retries exceeded with url: /model_update (Caused by NameResolutionError("<urllib3.connection.HTTPSConnection object at 0x7fff6fc642e0>: Failed to resolve 'server.sparrow-earth.com' ([Errno -3] Temporary failure in name resolution)"))
2026-02-06 20:04:05,567 [INFO] Server unreachable or empty response.
2026-02-06 20:04:05,567 [INFO] Sleeping 60s...
2026-02-06 20:05:05,616 [INFO] Checking server for model updates...
2026-02-06 20:05:21,749 [ERROR] model_update request failed: HTTPSConnectionPool(host='server.sparrow-earth.com', port=443): Max retries exceeded with url: /model_update (Caused by NameResolutionError("<urllib3.connection.HTTPSConnection object at 0x7fff6fc678b0>: Failed to resolve 'server.sparrow-earth.com' ([Errno -3] Temporary failure in name resolution)"))
2026-02-06 20:05:21,749 [INFO] Server unreachable or empty response.
2026-02-06 20:05:21,749 [INFO] Sleeping 60s...
2026-02-06 20:06:21,754 [INFO] Checking server for model updates...
2026-02-06 20:06:37,113 [ERROR] model_update request failed: HTTPSConnectionPool(host='server.sparrow-earth.com', port=443): Max retries exceeded with url: /model_update (Caused by NameResolutionError("<urllib3.connection.HTTPSConnection object at 0x7fff6fc66dd0>: Failed to resolve 'server.sparrow-earth.com' ([Errno -3] Temporary failure in name resolution)"))
2026-02-06 20:06:37,114 [INFO] Server unreachable or empty response.
2026-02-06 20:06:37,114 [INFO] Sleeping 60s...
2026-02-06 20:07:37,144 [INFO] Checking server for model updates...
2026-02-06 20:07:47,519 [ERROR] model_update request failed: HTTPSConnectionPool(host='server.sparrow-earth.com', port=443): Max retries exceeded with url: /model_update (Caused by NameResolutionError("<urllib3.connection.HTTPSConnection object at 0x7fff6fe0fb80>: Failed to resolve 'server.sparrow-earth.com' ([Errno -3] Temporary failure in name resolution)"))
2026-02-06 20:07:47,519 [INFO] Server unreachable or empty response.
2026-02-06 20:07:47,520 [INFO] Sleeping 60s...
2026-02-06 20:08:47,534 [INFO] Checking server for model updates...
2026-02-06 20:09:03,679 [ERROR] model_update request failed: HTTPSConnectionPool(host='server.sparrow-earth.com', port=443): Max retries exceeded with url: /model_update (Caused by NameResolutionError("<urllib3.connection.HTTPSConnection object at 0x7fff6fe0f1c0>: Failed to resolve 'server.sparrow-earth.com' ([Errno -3] Temporary failure in name resolution)"))
2026-02-06 20:09:03,679 [INFO] Server unreachable or empty response.
2026-02-06 20:09:03,680 [INFO] Sleeping 60s...
2026-02-06 20:10:03,714 [INFO] Checking server for model updates...
2026-02-06 20:10:13,919 [ERROR] model_update request failed: HTTPSConnectionPool(host='server.sparrow-earth.com', port=443): Max retries exceeded with url: /model_update (Caused by NameResolutionError("<urllib3.connection.HTTPSConnection object at 0x7fff6fc67c10>: Failed to resolve 'server.sparrow-earth.com' ([Errno -3] Temporary failure in name resolution)"))
2026-02-06 20:10:13,919 [INFO] Server unreachable or empty response.
2026-02-06 20:10:13,920 [INFO] Sleeping 60s...
2026-02-06 20:11:13,980 [INFO] Checking server for model updates...
2026-02-06 20:11:25,343 [ERROR] model_update request failed: HTTPSConnectionPool(host='server.sparrow-earth.com', port=443): Max retries exceeded with url: /model_update (Caused by NameResolutionError("<urllib3.connection.HTTPSConnection object at 0x7fff6fc64a90>: Failed to resolve 'server.sparrow-earth.com' ([Errno -3] Temporary failure in name resolution)"))
2026-02-06 20:11:25,343 [INFO] Server unreachable or empty response.
2026-02-06 20:11:25,344 [INFO] Sleeping 60s...
2026-02-06 20:12:25,400 [INFO] Checking server for model updates...
2026-02-06 20:12:43,483 [ERROR] model_update request failed: HTTPSConnectionPool(host='server.sparrow-earth.com', port=443): Max retries exceeded with url: /model_update (Caused by NameResolutionError("<urllib3.connection.HTTPSConnection object at 0x7fff6fc65420>: Failed to resolve 'server.sparrow-earth.com' ([Errno -3] Temporary failure in name resolution)"))
2026-02-06 20:12:43,483 [INFO] Server unreachable or empty response.
2026-02-06 20:12:43,483 [INFO] Sleeping 60s...
2026-02-06 20:13:43,503 [INFO] Checking server for model updates...
2026-02-06 20:13:54,047 [ERROR] model_update request failed: HTTPSConnectionPool(host='server.sparrow-earth.com', port=443): Max retries exceeded with url: /model_update (Caused by NameResolutionError("<urllib3.connection.HTTPSConnection object at 0x7fff6fe0f160>: Failed to resolve 'server.sparrow-earth.com' ([Errno -3] Temporary failure in name resolution)"))
2026-02-06 20:13:54,047 [INFO] Server unreachable or empty response.
2026-02-06 20:13:54,047 [INFO] Sleeping 60s...
2026-02-06 20:14:54,108 [INFO] Checking server for model updates...
2026-02-06 20:15:06,399 [ERROR] model_update request failed: HTTPSConnectionPool(host='server.sparrow-earth.com', port=443): Max retries exceeded with url: /model_update (Caused by NameResolutionError("<urllib3.connection.HTTPSConnection object at 0x7fff6fe0e560>: Failed to resolve 'server.sparrow-earth.com' ([Errno -3] Temporary failure in name resolution)"))
2026-02-06 20:15:06,399 [INFO] Server unreachable or empty response.
2026-02-06 20:15:06,399 [INFO] Sleeping 60s...
2026-02-06 20:16:06,460 [INFO] Checking server for model updates...
2026-02-06 20:16:18,751 [ERROR] model_update request failed: HTTPSConnectionPool(host='server.sparrow-earth.com', port=443): Max retries exceeded with url: /model_update (Caused by NameResolutionError("<urllib3.connection.HTTPSConnection object at 0x7fff6fe0e890>: Failed to resolve 'server.sparrow-earth.com' ([Errno -3] Temporary failure in name resolution)"))
2026-02-06 20:16:18,751 [INFO] Server unreachable or empty response.
2026-02-06 20:16:18,751 [INFO] Sleeping 60s...
2026-02-06 20:17:18,812 [INFO] Checking server for model updates...
2026-02-06 20:17:31,103 [ERROR] model_update request failed: HTTPSConnectionPool(host='server.sparrow-earth.com', port=443): Max retries exceeded with url: /model_update (Caused by NameResolutionError("<urllib3.connection.HTTPSConnection object at 0x7fff6fc65900>: Failed to resolve 'server.sparrow-earth.com' ([Errno -3] Temporary failure in name resolution)"))
2026-02-06 20:17:31,103 [INFO] Server unreachable or empty response.
2026-02-06 20:17:31,103 [INFO] Sleeping 60s...
2026-02-06 20:18:31,158 [INFO] Checking server for model updates...
2026-02-06 20:18:45,663 [ERROR] model_update request failed: HTTPSConnectionPool(host='server.sparrow-earth.com', port=443): Max retries exceeded with url: /model_update (Caused by NameResolutionError("<urllib3.connection.HTTPSConnection object at 0x7fff6fc670d0>: Failed to resolve 'server.sparrow-earth.com' ([Errno -3] Temporary failure in name resolution)"))
2026-02-06 20:18:45,663 [INFO] Server unreachable or empty response.
2026-02-06 20:18:45,663 [INFO] Sleeping 60s...
2026-02-06 20:19:45,724 [INFO] Checking server for model updates...
2026-02-06 20:19:57,375 [ERROR] model_update request failed: HTTPSConnectionPool(host='server.sparrow-earth.com', port=443): Max retries exceeded with url: /model_update (Caused by NameResolutionError("<urllib3.connection.HTTPSConnection object at 0x7fff6fc65ea0>: Failed to resolve 'server.sparrow-earth.com' ([Errno -3] Temporary failure in name resolution)"))
2026-02-06 20:19:57,375 [INFO] Server unreachable or empty response.
2026-02-06 20:19:57,375 [INFO] Sleeping 60s...
2026-02-06 20:20:57,380 [INFO] Checking server for model updates...
2026-02-06 20:21:09,663 [ERROR] model_update request failed: HTTPSConnectionPool(host='server.sparrow-earth.com', port=443): Max retries exceeded with url: /model_update (Caused by NameResolutionError("<urllib3.connection.HTTPSConnection object at 0x7fff6fe0ee00>: Failed to resolve 'server.sparrow-earth.com' ([Errno -3] Temporary failure in name resolution)"))
2026-02-06 20:21:09,663 [INFO] Server unreachable or empty response.
2026-02-06 20:21:09,663 [INFO] Sleeping 60s...
2026-02-06 20:22:09,723 [INFO] Checking server for model updates...
2026-02-06 20:22:22,015 [ERROR] model_update request failed: HTTPSConnectionPool(host='server.sparrow-earth.com', port=443): Max retries exceeded with url: /model_update (Caused by NameResolutionError("<urllib3.connection.HTTPSConnection object at 0x7fff6fe0fb20>: Failed to resolve 'server.sparrow-earth.com' ([Errno -3] Temporary failure in name resolution)"))
2026-02-06 20:22:22,015 [INFO] Server unreachable or empty response.
2026-02-06 20:22:22,015 [INFO] Sleeping 60s...
2026-02-06 20:23:22,076 [INFO] Checking server for model updates...
2026-02-06 20:23:34,367 [ERROR] model_update request failed: HTTPSConnectionPool(host='server.sparrow-earth.com', port=443): Max retries exceeded with url: /model_update (Caused by NameResolutionError("<urllib3.connection.HTTPSConnection object at 0x7fff6fe0e5f0>: Failed to resolve 'server.sparrow-earth.com' ([Errno -3] Temporary failure in name resolution)"))
2026-02-06 20:23:34,368 [INFO] Server unreachable or empty response.
2026-02-06 20:23:34,368 [INFO] Sleeping 60s...
2026-02-06 20:24:34,428 [INFO] Checking server for model updates...
2026-02-06 20:24:45,247 [ERROR] model_update request failed: HTTPSConnectionPool(host='server.sparrow-earth.com', port=443): Max retries exceeded with url: /model_update (Caused by NameResolutionError("<urllib3.connection.HTTPSConnection object at 0x7fff6fc67190>: Failed to resolve 'server.sparrow-earth.com' ([Errno -3] Temporary failure in name resolution)"))
2026-02-06 20:24:45,247 [INFO] Server unreachable or empty response.
2026-02-06 20:24:45,247 [INFO] Sleeping 60s...
2026-02-06 20:25:45,254 [INFO] Checking server for model updates...
2026-02-06 20:25:55,583 [ERROR] model_update request failed: HTTPSConnectionPool(host='server.sparrow-earth.com', port=443): Max retries exceeded with url: /model_update (Caused by NameResolutionError("<urllib3.connection.HTTPSConnection object at 0x7fff6fc66350>: Failed to resolve 'server.sparrow-earth.com' ([Errno -3] Temporary failure in name resolution)"))
2026-02-06 20:25:55,583 [INFO] Server unreachable or empty response.
2026-02-06 20:25:55,583 [INFO] Sleeping 60s...
2026-02-06 20:26:55,594 [INFO] Checking server for model updates...
2026-02-06 20:27:07,871 [ERROR] model_update request failed: HTTPSConnectionPool(host='server.sparrow-earth.com', port=443): Max retries exceeded with url: /model_update (Caused by NameResolutionError("<urllib3.connection.HTTPSConnection object at 0x7fff6fc66b60>: Failed to resolve 'server.sparrow-earth.com' ([Errno -3] Temporary failure in name resolution)"))
2026-02-06 20:27:07,872 [INFO] Server unreachable or empty response.
2026-02-06 20:27:07,872 [INFO] Sleeping 60s...
2026-02-06 20:28:07,876 [INFO] Checking server for model updates...
2026-02-06 20:28:17,183 [ERROR] model_update request failed: HTTPSConnectionPool(host='server.sparrow-earth.com', port=443): Max retries exceeded with url: /model_update (Caused by NameResolutionError("<urllib3.connection.HTTPSConnection object at 0x7fff6fe0e620>: Failed to resolve 'server.sparrow-earth.com' ([Errno -3] Temporary failure in name resolution)"))
2026-02-06 20:28:17,183 [INFO] Server unreachable or empty response.
2026-02-06 20:28:17,183 [INFO] Sleeping 60s...
2026-02-06 20:29:17,244 [INFO] Checking server for model updates...
2026-02-06 20:29:29,535 [ERROR] model_update request failed: HTTPSConnectionPool(host='server.sparrow-earth.com', port=443): Max retries exceeded with url: /model_update (Caused by NameResolutionError("<urllib3.connection.HTTPSConnection object at 0x7fff6fe0fe80>: Failed to resolve 'server.sparrow-earth.com' ([Errno -3] Temporary failure in name resolution)"))
2026-02-06 20:29:29,535 [INFO] Server unreachable or empty response.
2026-02-06 20:29:29,535 [INFO] Sleeping 60s...
2026-02-06 20:30:29,558 [INFO] Checking server for model updates...
2026-02-06 20:30:39,459 [ERROR] model_update request failed: HTTPSConnectionPool(host='server.sparrow-earth.com', port=443): Max retries exceeded with url: /model_update (Caused by NameResolutionError("<urllib3.connection.HTTPSConnection object at 0x7fff6fc673a0>: Failed to resolve 'server.sparrow-earth.com' ([Errno -3] Temporary failure in name resolution)"))
2026-02-06 20:30:39,459 [INFO] Server unreachable or empty response.
2026-02-06 20:30:39,459 [INFO] Sleeping 60s...
2026-02-06 20:31:39,519 [INFO] Checking server for model updates...
2026-02-06 20:31:51,807 [ERROR] model_update request failed: HTTPSConnectionPool(host='server.sparrow-earth.com', port=443): Max retries exceeded with url: /model_update (Caused by NameResolutionError("<urllib3.connection.HTTPSConnection object at 0x7fff6fc65e40>: Failed to resolve 'server.sparrow-earth.com' ([Errno -3] Temporary failure in name resolution)"))
2026-02-06 20:31:51,807 [INFO] Server unreachable or empty response.
2026-02-06 20:31:51,807 [INFO] Sleeping 60s...
2026-02-06 20:32:51,859 [INFO] Checking server for model updates...
2026-02-06 20:33:01,375 [ERROR] model_update request failed: HTTPSConnectionPool(host='server.sparrow-earth.com', port=443): Max retries exceeded with url: /model_update (Caused by NameResolutionError("<urllib3.connection.HTTPSConnection object at 0x7fff6fc67640>: Failed to resolve 'server.sparrow-earth.com' ([Errno -3] Temporary failure in name resolution)"))
2026-02-06 20:33:01,375 [INFO] Server unreachable or empty response.
2026-02-06 20:33:01,375 [INFO] Sleeping 60s...
2026-02-06 20:34:01,387 [INFO] Checking server for model updates...
2026-02-06 20:34:17,535 [ERROR] model_update request failed: HTTPSConnectionPool(host='server.sparrow-earth.com', port=443): Max retries exceeded with url: /model_update (Caused by NameResolutionError("<urllib3.connection.HTTPSConnection object at 0x7fff6fe0fca0>: Failed to resolve 'server.sparrow-earth.com' ([Errno -3] Temporary failure in name resolution)"))
2026-02-06 20:34:17,536 [INFO] Server unreachable or empty response.
2026-02-06 20:34:17,536 [INFO] Sleeping 60s...
2026-02-06 20:35:17,596 [INFO] Checking server for model updates...
2026-02-06 20:35:34,150 [ERROR] model_update request failed: HTTPSConnectionPool(host='server.sparrow-earth.com', port=443): Max retries exceeded with url: /model_update (Caused by NameResolutionError("<urllib3.connection.HTTPSConnection object at 0x7fff6fe0f0d0>: Failed to resolve 'server.sparrow-earth.com' ([Errno -3] Temporary failure in name resolution)"))
2026-02-06 20:35:34,151 [INFO] Server unreachable or empty response.
2026-02-06 20:35:34,151 [INFO] Sleeping 60s...
2026-02-06 20:36:34,211 [INFO] Checking server for model updates...
2026-02-06 20:36:50,367 [ERROR] model_update request failed: HTTPSConnectionPool(host='server.sparrow-earth.com', port=443): Max retries exceeded with url: /model_update (Caused by NameResolutionError("<urllib3.connection.HTTPSConnection object at 0x7fff6fe0ffa0>: Failed to resolve 'server.sparrow-earth.com' ([Errno -3] Temporary failure in name resolution)"))
2026-02-06 20:36:50,367 [INFO] Server unreachable or empty response.
2026-02-06 20:36:50,368 [INFO] Sleeping 60s...
2026-02-06 20:37:50,394 [INFO] Checking server for model updates...
2026-02-06 20:38:01,375 [ERROR] model_update request failed: HTTPSConnectionPool(host='server.sparrow-earth.com', port=443): Max retries exceeded with url: /model_update (Caused by NameResolutionError("<urllib3.connection.HTTPSConnection object at 0x7fff6fc64f70>: Failed to resolve 'server.sparrow-earth.com' ([Errno -3] Temporary failure in name resolution)"))
2026-02-06 20:38:01,375 [INFO] Server unreachable or empty response.
2026-02-06 20:38:01,376 [INFO] Sleeping 60s...
2026-02-06 20:39:01,383 [INFO] Checking server for model updates...
2026-02-06 20:39:12,543 [ERROR] model_update request failed: HTTPSConnectionPool(host='server.sparrow-earth.com', port=443): Max retries exceeded with url: /model_update (Caused by NameResolutionError("<urllib3.connection.HTTPSConnection object at 0x7fff6fc64ac0>: Failed to resolve 'server.sparrow-earth.com' ([Errno -3] Temporary failure in name resolution)"))
2026-02-06 20:39:12,544 [INFO] Server unreachable or empty response.
2026-02-06 20:39:12,544 [INFO] Sleeping 60s...
2026-02-06 20:40:12,557 [INFO] Checking server for model updates...
2026-02-06 20:40:26,783 [ERROR] model_update request failed: HTTPSConnectionPool(host='server.sparrow-earth.com', port=443): Max retries exceeded with url: /model_update (Caused by NameResolutionError("<urllib3.connection.HTTPSConnection object at 0x7fff6fc65ab0>: Failed to resolve 'server.sparrow-earth.com' ([Errno -3] Temporary failure in name resolution)"))
2026-02-06 20:40:26,784 [INFO] Server unreachable or empty response.
2026-02-06 20:40:26,784 [INFO] Sleeping 60s...
2026-02-06 20:41:26,832 [INFO] Checking server for model updates...
2026-02-06 20:41:41,663 [ERROR] model_update request failed: HTTPSConnectionPool(host='server.sparrow-earth.com', port=443): Max retries exceeded with url: /model_update (Caused by NameResolutionError("<urllib3.connection.HTTPSConnection object at 0x7fff6fe0e530>: Failed to resolve 'server.sparrow-earth.com' ([Errno -3] Temporary failure in name resolution)"))
2026-02-06 20:41:41,663 [INFO] Server unreachable or empty response.
2026-02-06 20:41:41,664 [INFO] Sleeping 60s...
2026-02-06 20:42:41,724 [INFO] Checking server for model updates...
2026-02-06 20:42:51,295 [ERROR] model_update request failed: HTTPSConnectionPool(host='server.sparrow-earth.com', port=443): Max retries exceeded with url: /model_update (Caused by NameResolutionError("<urllib3.connection.HTTPSConnection object at 0x7fff6fe0e350>: Failed to resolve 'server.sparrow-earth.com' ([Errno -3] Temporary failure in name resolution)"))
2026-02-06 20:42:51,295 [INFO] Server unreachable or empty response.
2026-02-06 20:42:51,295 [INFO] Sleeping 60s...
2026-02-06 20:43:51,356 [INFO] Checking server for model updates...
2026-02-06 20:44:03,647 [ERROR] model_update request failed: HTTPSConnectionPool(host='server.sparrow-earth.com', port=443): Max retries exceeded with url: /model_update (Caused by NameResolutionError("<urllib3.connection.HTTPSConnection object at 0x7fff6fe0f910>: Failed to resolve 'server.sparrow-earth.com' ([Errno -3] Temporary failure in name resolution)"))
2026-02-06 20:44:03,647 [INFO] Server unreachable or empty response.
2026-02-06 20:44:03,647 [INFO] Sleeping 60s...
2026-02-06 20:45:03,708 [INFO] Checking server for model updates...
2026-02-06 20:45:13,983 [ERROR] model_update request failed: HTTPSConnectionPool(host='server.sparrow-earth.com', port=443): Max retries exceeded with url: /model_update (Caused by NameResolutionError("<urllib3.connection.HTTPSConnection object at 0x7fff6fc65e10>: Failed to resolve 'server.sparrow-earth.com' ([Errno -3] Temporary failure in name resolution)"))
2026-02-06 20:45:13,983 [INFO] Server unreachable or empty response.
2026-02-06 20:45:13,983 [INFO] Sleeping 60s...
2026-02-06 20:46:13,995 [INFO] Checking server for model updates...
2026-02-06 20:46:32,070 [ERROR] model_update request failed: HTTPSConnectionPool(host='server.sparrow-earth.com', port=443): Max retries exceeded with url: /model_update (Caused by NameResolutionError("<urllib3.connection.HTTPSConnection object at 0x7fff6fc67370>: Failed to resolve 'server.sparrow-earth.com' ([Errno -3] Temporary failure in name resolution)"))
2026-02-06 20:46:32,071 [INFO] Server unreachable or empty response.
2026-02-06 20:46:32,071 [INFO] Sleeping 60s...
2026-02-06 20:47:32,114 [INFO] Checking server for model updates...
2026-02-06 20:47:48,255 [ERROR] model_update request failed: HTTPSConnectionPool(host='server.sparrow-earth.com', port=443): Max retries exceeded with url: /model_update (Caused by NameResolutionError("<urllib3.connection.HTTPSConnection object at 0x7fff6fc66d70>: Failed to resolve 'server.sparrow-earth.com' ([Errno -3] Temporary failure in name resolution)"))
2026-02-06 20:47:48,256 [INFO] Server unreachable or empty response.
2026-02-06 20:47:48,256 [INFO] Sleeping 60s...
2026-02-06 20:48:48,294 [INFO] Checking server for model updates...
2026-02-06 20:48:58,943 [ERROR] model_update request failed: HTTPSConnectionPool(host='server.sparrow-earth.com', port=443): Max retries exceeded with url: /model_update (Caused by NameResolutionError("<urllib3.connection.HTTPSConnection object at 0x7fff6fe0e6b0>: Failed to resolve 'server.sparrow-earth.com' ([Errno -3] Temporary failure in name resolution)"))
2026-02-06 20:48:58,943 [INFO] Server unreachable or empty response.
2026-02-06 20:48:58,944 [INFO] Sleeping 60s...
2026-02-06 20:49:59,004 [INFO] Checking server for model updates...
2026-02-06 20:50:12,223 [ERROR] model_update request failed: HTTPSConnectionPool(host='server.sparrow-earth.com', port=443): Max retries exceeded with url: /model_update (Caused by NameResolutionError("<urllib3.connection.HTTPSConnection object at 0x7fff6fe0fd00>: Failed to resolve 'server.sparrow-earth.com' ([Errno -3] Temporary failure in name resolution)"))
2026-02-06 20:50:12,223 [INFO] Server unreachable or empty response.
2026-02-06 20:50:12,223 [INFO] Sleeping 60s...
2026-02-06 20:51:12,254 [INFO] Checking server for model updates...
2026-02-06 20:51:24,543 [ERROR] model_update request failed: HTTPSConnectionPool(host='server.sparrow-earth.com', port=443): Max retries exceeded with url: /model_update (Caused by NameResolutionError("<urllib3.connection.HTTPSConnection object at 0x7fff6fc64100>: Failed to resolve 'server.sparrow-earth.com' ([Errno -3] Temporary failure in name resolution)"))
2026-02-06 20:51:24,543 [INFO] Server unreachable or empty response.
2026-02-06 20:51:24,544 [INFO] Sleeping 60s...
2026-02-06 20:52:24,582 [INFO] Checking server for model updates...
2026-02-06 20:52:36,863 [ERROR] model_update request failed: HTTPSConnectionPool(host='server.sparrow-earth.com', port=443): Max retries exceeded with url: /model_update (Caused by NameResolutionError("<urllib3.connection.HTTPSConnection object at 0x7fff6fc67790>: Failed to resolve 'server.sparrow-earth.com' ([Errno -3] Temporary failure in name resolution)"))
2026-02-06 20:52:36,863 [INFO] Server unreachable or empty response.
2026-02-06 20:52:36,864 [INFO] Sleeping 60s...
2026-02-06 20:53:36,924 [INFO] Checking server for model updates...
2026-02-06 20:53:46,943 [ERROR] model_update request failed: HTTPSConnectionPool(host='server.sparrow-earth.com', port=443): Max retries exceeded with url: /model_update (Caused by NameResolutionError("<urllib3.connection.HTTPSConnection object at 0x7fff6fc66f20>: Failed to resolve 'server.sparrow-earth.com' ([Errno -3] Temporary failure in name resolution)"))
2026-02-06 20:53:46,944 [INFO] Server unreachable or empty response.
2026-02-06 20:53:46,944 [INFO] Sleeping 60s...
2026-02-06 20:54:47,004 [INFO] Checking server for model updates...
2026-02-06 20:54:56,319 [ERROR] model_update request failed: HTTPSConnectionPool(host='server.sparrow-earth.com', port=443): Max retries exceeded with url: /model_update (Caused by NameResolutionError("<urllib3.connection.HTTPSConnection object at 0x7fff6fe0f9a0>: Failed to resolve 'server.sparrow-earth.com' ([Errno -3] Temporary failure in name resolution)"))
2026-02-06 20:54:56,319 [INFO] Server unreachable or empty response.
2026-02-06 20:54:56,319 [INFO] Sleeping 60s...
2026-02-06 20:55:56,352 [INFO] Checking server for model updates...
2026-02-06 20:56:08,639 [ERROR] model_update request failed: HTTPSConnectionPool(host='server.sparrow-earth.com', port=443): Max retries exceeded with url: /model_update (Caused by NameResolutionError("<urllib3.connection.HTTPSConnection object at 0x7fff6fe0ef50>: Failed to resolve 'server.sparrow-earth.com' ([Errno -3] Temporary failure in name resolution)"))
2026-02-06 20:56:08,639 [INFO] Server unreachable or empty response.
2026-02-06 20:56:08,639 [INFO] Sleeping 60s...
2026-02-06 20:57:08,700 [INFO] Checking server for model updates...
2026-02-06 20:57:20,991 [ERROR] model_update request failed: HTTPSConnectionPool(host='server.sparrow-earth.com', port=443): Max retries exceeded with url: /model_update (Caused by NameResolutionError("<urllib3.connection.HTTPSConnection object at 0x7fff6fe0fa90>: Failed to resolve 'server.sparrow-earth.com' ([Errno -3] Temporary failure in name resolution)"))
2026-02-06 20:57:20,991 [INFO] Server unreachable or empty response.
2026-02-06 20:57:20,991 [INFO] Sleeping 60s...
2026-02-06 20:58:21,031 [INFO] Checking server for model updates...
2026-02-06 20:58:33,311 [ERROR] model_update request failed: HTTPSConnectionPool(host='server.sparrow-earth.com', port=443): Max retries exceeded with url: /model_update (Caused by NameResolutionError("<urllib3.connection.HTTPSConnection object at 0x7fff6fc67250>: Failed to resolve 'server.sparrow-earth.com' ([Errno -3] Temporary failure in name resolution)"))
2026-02-06 20:58:33,311 [INFO] Server unreachable or empty response.
2026-02-06 20:58:33,311 [INFO] Sleeping 60s...
2026-02-06 20:59:33,314 [INFO] Checking server for model updates...
2026-02-06 20:59:44,095 [ERROR] model_update request failed: HTTPSConnectionPool(host='server.sparrow-earth.com', port=443): Max retries exceeded with url: /model_update (Caused by NameResolutionError("<urllib3.connection.HTTPSConnection object at 0x7fff6fc670a0>: Failed to resolve 'server.sparrow-earth.com' ([Errno -3] Temporary failure in name resolution)"))
2026-02-06 20:59:44,095 [INFO] Server unreachable or empty response.
2026-02-06 20:59:44,095 [INFO] Sleeping 60s...
2026-02-06 21:00:44,156 [INFO] Checking server for model updates...
2026-02-06 21:00:54,432 [ERROR] model_update request failed: HTTPSConnectionPool(host='server.sparrow-earth.com', port=443): Max retries exceeded with url: /model_update (Caused by NameResolutionError("<urllib3.connection.HTTPSConnection object at 0x7fff6fc655d0>: Failed to resolve 'server.sparrow-earth.com' ([Errno -3] Temporary failure in name resolution)"))
2026-02-06 21:00:54,432 [INFO] Server unreachable or empty response.
2026-02-06 21:00:54,432 [INFO] Sleeping 60s...
2026-02-06 21:01:54,455 [INFO] Checking server for model updates...
2026-02-06 21:02:03,711 [ERROR] model_update request failed: HTTPSConnectionPool(host='server.sparrow-earth.com', port=443): Max retries exceeded with url: /model_update (Caused by NameResolutionError("<urllib3.connection.HTTPSConnection object at 0x7fff6fc654b0>: Failed to resolve 'server.sparrow-earth.com' ([Errno -3] Temporary failure in name resolution)"))
2026-02-06 21:02:03,711 [INFO] Server unreachable or empty response.
2026-02-06 21:02:03,711 [INFO] Sleeping 60s...
2026-02-06 21:03:03,772 [INFO] Checking server for model updates...
2026-02-06 21:03:15,999 [ERROR] model_update request failed: HTTPSConnectionPool(host='server.sparrow-earth.com', port=443): Max retries exceeded with url: /model_update (Caused by NameResolutionError("<urllib3.connection.HTTPSConnection object at 0x7fff6fc67550>: Failed to resolve 'server.sparrow-earth.com' ([Errno -3] Temporary failure in name resolution)"))
2026-02-06 21:03:15,999 [INFO] Server unreachable or empty response.
2026-02-06 21:03:16,000 [INFO] Sleeping 60s...
2026-02-06 21:04:16,031 [INFO] Checking server for model updates...
2026-02-06 21:04:28,319 [ERROR] model_update request failed: HTTPSConnectionPool(host='server.sparrow-earth.com', port=443): Max retries exceeded with url: /model_update (Caused by NameResolutionError("<urllib3.connection.HTTPSConnection object at 0x7fff6fc67e50>: Failed to resolve 'server.sparrow-earth.com' ([Errno -3] Temporary failure in name resolution)"))
2026-02-06 21:04:28,319 [INFO] Server unreachable or empty response.
2026-02-06 21:04:28,319 [INFO] Sleeping 60s...
2026-02-06 21:05:28,354 [INFO] Checking server for model updates...
2026-02-06 21:05:40,607 [ERROR] model_update request failed: HTTPSConnectionPool(host='server.sparrow-earth.com', port=443): Max retries exceeded with url: /model_update (Caused by NameResolutionError("<urllib3.connection.HTTPSConnection object at 0x7fff6fe0f190>: Failed to resolve 'server.sparrow-earth.com' ([Errno -3] Temporary failure in name resolution)"))
2026-02-06 21:05:40,607 [INFO] Server unreachable or empty response.
2026-02-06 21:05:40,607 [INFO] Sleeping 60s...
2026-02-06 21:06:40,614 [INFO] Checking server for model updates...
2026-02-06 21:06:50,623 [ERROR] model_update request failed: HTTPSConnectionPool(host='server.sparrow-earth.com', port=443): Max retries exceeded with url: /model_update (Caused by NameResolutionError("<urllib3.connection.HTTPSConnection object at 0x7fff6fe0e710>: Failed to resolve 'server.sparrow-earth.com' ([Errno -3] Temporary failure in name resolution)"))
2026-02-06 21:06:50,623 [INFO] Server unreachable or empty response.
2026-02-06 21:06:50,623 [INFO] Sleeping 60s...
2026-02-06 21:07:50,655 [INFO] Checking server for model updates...
2026-02-06 21:08:00,959 [ERROR] model_update request failed: HTTPSConnectionPool(host='server.sparrow-earth.com', port=443): Max retries exceeded with url: /model_update (Caused by NameResolutionError("<urllib3.connection.HTTPSConnection object at 0x7fff6fe0f970>: Failed to resolve 'server.sparrow-earth.com' ([Errno -3] Temporary failure in name resolution)"))
2026-02-06 21:08:00,960 [INFO] Server unreachable or empty response.
2026-02-06 21:08:00,960 [INFO] Sleeping 60s...
2026-02-06 21:09:01,020 [INFO] Checking server for model updates...
2026-02-06 21:09:15,244 [ERROR] model_update request failed: HTTPSConnectionPool(host='server.sparrow-earth.com', port=443): Max retries exceeded with url: /model_update (Caused by NameResolutionError("<urllib3.connection.HTTPSConnection object at 0x7fff6fc67f10>: Failed to resolve 'server.sparrow-earth.com' ([Errno -3] Temporary failure in name resolution)"))
2026-02-06 21:09:15,244 [INFO] Server unreachable or empty response.
2026-02-06 21:09:15,245 [INFO] Sleeping 60s...
2026-02-06 21:10:15,294 [INFO] Checking server for model updates...
2026-02-06 21:10:27,487 [ERROR] model_update request failed: HTTPSConnectionPool(host='server.sparrow-earth.com', port=443): Max retries exceeded with url: /model_update (Caused by NameResolutionError("<urllib3.connection.HTTPSConnection object at 0x7fff6fc64be0>: Failed to resolve 'server.sparrow-earth.com' ([Errno -3] Temporary failure in name resolution)"))
2026-02-06 21:10:27,487 [INFO] Server unreachable or empty response.
2026-02-06 21:10:27,488 [INFO] Sleeping 60s...
2026-02-06 21:11:27,534 [INFO] Checking server for model updates...
2026-02-06 21:11:37,407 [ERROR] model_update request failed: HTTPSConnectionPool(host='server.sparrow-earth.com', port=443): Max retries exceeded with url: /model_update (Caused by NameResolutionError("<urllib3.connection.HTTPSConnection object at 0x7fff6fc664d0>: Failed to resolve 'server.sparrow-earth.com' ([Errno -3] Temporary failure in name resolution)"))
2026-02-06 21:11:37,408 [INFO] Server unreachable or empty response.
2026-02-06 21:11:37,408 [INFO] Sleeping 60s...
2026-02-06 21:12:37,467 [INFO] Checking server for model updates...
2026-02-06 21:12:49,695 [ERROR] model_update request failed: HTTPSConnectionPool(host='server.sparrow-earth.com', port=443): Max retries exceeded with url: /model_update (Caused by NameResolutionError("<urllib3.connection.HTTPSConnection object at 0x7fff6fe0e380>: Failed to resolve 'server.sparrow-earth.com' ([Errno -3] Temporary failure in name resolution)"))
2026-02-06 21:12:49,695 [INFO] Server unreachable or empty response.
2026-02-06 21:12:49,696 [INFO] Sleeping 60s...
2026-02-06 21:13:49,727 [INFO] Checking server for model updates...
2026-02-06 21:14:02,935 [ERROR] model_update request failed: HTTPSConnectionPool(host='server.sparrow-earth.com', port=443): Max retries exceeded with url: /model_update (Caused by NameResolutionError("<urllib3.connection.HTTPSConnection object at 0x7fff6fe0f5e0>: Failed to resolve 'server.sparrow-earth.com' ([Errno -3] Temporary failure in name resolution)"))
2026-02-06 21:14:02,935 [INFO] Server unreachable or empty response.
2026-02-06 21:14:02,935 [INFO] Sleeping 60s...
2026-02-06 21:15:02,954 [INFO] Checking server for model updates...
2026-02-06 21:15:12,639 [ERROR] model_update request failed: HTTPSConnectionPool(host='server.sparrow-earth.com', port=443): Max retries exceeded with url: /model_update (Caused by NameResolutionError("<urllib3.connection.HTTPSConnection object at 0x7fff6fe0fdf0>: Failed to resolve 'server.sparrow-earth.com' ([Errno -3] Temporary failure in name resolution)"))
2026-02-06 21:15:12,639 [INFO] Server unreachable or empty response.
2026-02-06 21:15:12,640 [INFO] Sleeping 60s...
2026-02-06 21:16:12,654 [INFO] Checking server for model updates...
2026-02-06 21:16:28,812 [ERROR] model_update request failed: HTTPSConnectionPool(host='server.sparrow-earth.com', port=443): Max retries exceeded with url: /model_update (Caused by NameResolutionError("<urllib3.connection.HTTPSConnection object at 0x7fff6fc672e0>: Failed to resolve 'server.sparrow-earth.com' ([Errno -3] Temporary failure in name resolution)"))
2026-02-06 21:16:28,812 [INFO] Server unreachable or empty response.
2026-02-06 21:16:28,812 [INFO] Sleeping 60s...
2026-02-06 21:17:28,825 [INFO] Checking server for model updates...
2026-02-06 21:17:44,959 [ERROR] model_update request failed: HTTPSConnectionPool(host='server.sparrow-earth.com', port=443): Max retries exceeded with url: /model_update (Caused by NameResolutionError("<urllib3.connection.HTTPSConnection object at 0x7fff6fc65390>: Failed to resolve 'server.sparrow-earth.com' ([Errno -3] Temporary failure in name resolution)"))
2026-02-06 21:17:44,959 [INFO] Server unreachable or empty response.
2026-02-06 21:17:44,959 [INFO] Sleeping 60s...
2026-02-06 21:18:44,994 [INFO] Checking server for model updates...
2026-02-06 21:18:57,932 [ERROR] model_update request failed: HTTPSConnectionPool(host='server.sparrow-earth.com', port=443): Max retries exceeded with url: /model_update (Caused by NameResolutionError("<urllib3.connection.HTTPSConnection object at 0x7fff6fc677c0>: Failed to resolve 'server.sparrow-earth.com' ([Errno -3] Temporary failure in name resolution)"))
2026-02-06 21:18:57,933 [INFO] Server unreachable or empty response.
2026-02-06 21:18:57,933 [INFO] Sleeping 60s...
2026-02-06 21:19:57,990 [INFO] Checking server for model updates...
2026-02-06 21:20:13,311 [ERROR] model_update request failed: HTTPSConnectionPool(host='server.sparrow-earth.com', port=443): Max retries exceeded with url: /model_update (Caused by NameResolutionError("<urllib3.connection.HTTPSConnection object at 0x7fff6fc64e50>: Failed to resolve 'server.sparrow-earth.com' ([Errno -3] Temporary failure in name resolution)"))
2026-02-06 21:20:13,311 [INFO] Server unreachable or empty response.
2026-02-06 21:20:13,312 [INFO] Sleeping 60s...
2026-02-06 21:21:13,343 [INFO] Checking server for model updates...
2026-02-06 21:21:25,631 [ERROR] model_update request failed: HTTPSConnectionPool(host='server.sparrow-earth.com', port=443): Max retries exceeded with url: /model_update (Caused by NameResolutionError("<urllib3.connection.HTTPSConnection object at 0x7fff6fc88100>: Failed to resolve 'server.sparrow-earth.com' ([Errno -3] Temporary failure in name resolution)"))
2026-02-06 21:21:25,631 [INFO] Server unreachable or empty response.
2026-02-06 21:21:25,631 [INFO] Sleeping 60s...
2026-02-06 21:22:25,692 [INFO] Checking server for model updates...
2026-02-06 21:22:37,471 [ERROR] model_update request failed: HTTPSConnectionPool(host='server.sparrow-earth.com', port=443): Max retries exceeded with url: /model_update (Caused by NameResolutionError("<urllib3.connection.HTTPSConnection object at 0x7fff6fc646d0>: Failed to resolve 'server.sparrow-earth.com' ([Errno -3] Temporary failure in name resolution)"))
2026-02-06 21:22:37,471 [INFO] Server unreachable or empty response.
2026-02-06 21:22:37,472 [INFO] Sleeping 60s...
2026-02-06 21:23:37,503 [INFO] Checking server for model updates...
2026-02-06 21:23:48,607 [ERROR] model_update request failed: HTTPSConnectionPool(host='server.sparrow-earth.com', port=443): Max retries exceeded with url: /model_update (Caused by NameResolutionError("<urllib3.connection.HTTPSConnection object at 0x7fff6fc65c90>: Failed to resolve 'server.sparrow-earth.com' ([Errno -3] Temporary failure in name resolution)"))
2026-02-06 21:23:48,607 [INFO] Server unreachable or empty response.
2026-02-06 21:23:48,607 [INFO] Sleeping 60s...
2026-02-06 21:24:48,668 [INFO] Checking server for model updates...
2026-02-06 21:24:58,943 [ERROR] model_update request failed: HTTPSConnectionPool(host='server.sparrow-earth.com', port=443): Max retries exceeded with url: /model_update (Caused by NameResolutionError("<urllib3.connection.HTTPSConnection object at 0x7fff6fc67190>: Failed to resolve 'server.sparrow-earth.com' ([Errno -3] Temporary failure in name resolution)"))
2026-02-06 21:24:58,943 [INFO] Server unreachable or empty response.
2026-02-06 21:24:58,943 [INFO] Sleeping 60s...
2026-02-06 21:25:59,003 [INFO] Checking server for model updates...
2026-02-06 21:26:11,295 [ERROR] model_update request failed: HTTPSConnectionPool(host='server.sparrow-earth.com', port=443): Max retries exceeded with url: /model_update (Caused by NameResolutionError("<urllib3.connection.HTTPSConnection object at 0x7fff6fc672e0>: Failed to resolve 'server.sparrow-earth.com' ([Errno -3] Temporary failure in name resolution)"))
2026-02-06 21:26:11,295 [INFO] Server unreachable or empty response.
2026-02-06 21:26:11,295 [INFO] Sleeping 60s...
2026-02-06 21:27:11,297 [INFO] Checking server for model updates...
2026-02-06 21:27:23,583 [ERROR] model_update request failed: HTTPSConnectionPool(host='server.sparrow-earth.com', port=443): Max retries exceeded with url: /model_update (Caused by NameResolutionError("<urllib3.connection.HTTPSConnection object at 0x7fff6fe0efe0>: Failed to resolve 'server.sparrow-earth.com' ([Errno -3] Temporary failure in name resolution)"))
2026-02-06 21:27:23,583 [INFO] Server unreachable or empty response.
2026-02-06 21:27:23,583 [INFO] Sleeping 60s...
2026-02-06 21:28:23,644 [INFO] Checking server for model updates...
2026-02-06 21:28:35,936 [ERROR] model_update request failed: HTTPSConnectionPool(host='server.sparrow-earth.com', port=443): Max retries exceeded with url: /model_update (Caused by NameResolutionError("<urllib3.connection.HTTPSConnection object at 0x7fff6fc88280>: Failed to resolve 'server.sparrow-earth.com' ([Errno -3] Temporary failure in name resolution)"))
2026-02-06 21:28:35,936 [INFO] Server unreachable or empty response.
2026-02-06 21:28:35,936 [INFO] Sleeping 60s...
2026-02-06 21:29:35,957 [INFO] Checking server for model updates...
2026-02-06 21:29:47,263 [ERROR] model_update request failed: HTTPSConnectionPool(host='server.sparrow-earth.com', port=443): Max retries exceeded with url: /model_update (Caused by NameResolutionError("<urllib3.connection.HTTPSConnection object at 0x7fff6fe0efb0>: Failed to resolve 'server.sparrow-earth.com' ([Errno -3] Temporary failure in name resolution)"))
2026-02-06 21:29:47,263 [INFO] Server unreachable or empty response.
2026-02-06 21:29:47,264 [INFO] Sleeping 60s...
2026-02-06 21:30:47,303 [INFO] Checking server for model updates...
2026-02-06 21:30:59,327 [ERROR] model_update request failed: HTTPSConnectionPool(host='server.sparrow-earth.com', port=443): Max retries exceeded with url: /model_update (Caused by NameResolutionError("<urllib3.connection.HTTPSConnection object at 0x7fff6fc66a70>: Failed to resolve 'server.sparrow-earth.com' ([Errno -3] Temporary failure in name resolution)"))
2026-02-06 21:30:59,327 [INFO] Server unreachable or empty response.
2026-02-06 21:30:59,327 [INFO] Sleeping 60s...
2026-02-06 21:31:59,388 [INFO] Checking server for model updates...
2026-02-06 21:32:11,647 [ERROR] model_update request failed: HTTPSConnectionPool(host='server.sparrow-earth.com', port=443): Max retries exceeded with url: /model_update (Caused by NameResolutionError("<urllib3.connection.HTTPSConnection object at 0x7fff6fc65ae0>: Failed to resolve 'server.sparrow-earth.com' ([Errno -3] Temporary failure in name resolution)"))
2026-02-06 21:32:11,647 [INFO] Server unreachable or empty response.
2026-02-06 21:32:11,647 [INFO] Sleeping 60s...
2026-02-06 21:33:11,706 [INFO] Checking server for model updates...
2026-02-06 21:33:23,999 [ERROR] model_update request failed: HTTPSConnectionPool(host='server.sparrow-earth.com', port=443): Max retries exceeded with url: /model_update (Caused by NameResolutionError("<urllib3.connection.HTTPSConnection object at 0x7fff6fc654e0>: Failed to resolve 'server.sparrow-earth.com' ([Errno -3] Temporary failure in name resolution)"))
2026-02-06 21:33:23,999 [INFO] Server unreachable or empty response.
2026-02-06 21:33:23,999 [INFO] Sleeping 60s...
2026-02-06 21:34:24,051 [INFO] Checking server for model updates...
2026-02-06 21:34:36,319 [ERROR] model_update request failed: HTTPSConnectionPool(host='server.sparrow-earth.com', port=443): Max retries exceeded with url: /model_update (Caused by NameResolutionError("<urllib3.connection.HTTPSConnection object at 0x7fff6fc64e50>: Failed to resolve 'server.sparrow-earth.com' ([Errno -3] Temporary failure in name resolution)"))
2026-02-06 21:34:36,319 [INFO] Server unreachable or empty response.
2026-02-06 21:34:36,319 [INFO] Sleeping 60s...
2026-02-06 21:35:36,379 [INFO] Checking server for model updates...
2026-02-06 21:35:46,271 [ERROR] model_update request failed: HTTPSConnectionPool(host='server.sparrow-earth.com', port=443): Max retries exceeded with url: /model_update (Caused by NameResolutionError("<urllib3.connection.HTTPSConnection object at 0x7fff6fe0f1c0>: Failed to resolve 'server.sparrow-earth.com' ([Errno -3] Temporary failure in name resolution)"))
2026-02-06 21:35:46,271 [INFO] Server unreachable or empty response.
2026-02-06 21:35:46,271 [INFO] Sleeping 60s...
2026-02-08 11:23:39,573 [INFO] Loaded AUTH_KEY
2026-02-08 11:23:39,574 [INFO] Generated Hardware ID: abbe69b9814d
2026-02-08 11:23:39,574 [INFO] Generated unit_id: abbe69b9814d
2026-02-08 11:23:39,575 [INFO] Local models directory: /home/sparrow/Desktop/system/Models/tritonserver/model_repository
2026-02-08 11:25:39,613 [ERROR] Triton did not become ready in time.
2026-02-08 11:27:40,278 [ERROR] Triton not ready; skipping autoload.
2026-02-08 11:27:40,279 [INFO] Checking server for model updates...
2026-02-08 11:27:40,995 [ERROR] model_update request failed: 422 Client Error: Unprocessable Entity for url: https://server.sparrow-earth.com/model_update
2026-02-08 11:27:40,996 [INFO] Server unreachable or empty response.
2026-02-08 11:27:40,996 [INFO] Sleeping 60s...
2026-02-08 11:28:41,054 [INFO] Checking server for model updates...
2026-02-08 11:28:41,916 [ERROR] model_update request failed: 422 Client Error: Unprocessable Entity for url: https://server.sparrow-earth.com/model_update
2026-02-08 11:28:41,916 [INFO] Server unreachable or empty response.
2026-02-08 11:28:41,916 [INFO] Sleeping 60s...
2026-02-08 11:29:41,921 [INFO] Checking server for model updates...
2026-02-08 11:29:42,708 [ERROR] model_update request failed: 422 Client Error: Unprocessable Entity for url: https://server.sparrow-earth.com/model_update
2026-02-08 11:29:42,709 [INFO] Server unreachable or empty response.
2026-02-08 11:29:42,709 [INFO] Sleeping 60s...
2026-02-08 11:30:42,769 [INFO] Checking server for model updates...
2026-02-08 11:30:43,337 [ERROR] model_update request failed: 422 Client Error: Unprocessable Entity for url: https://server.sparrow-earth.com/model_update
2026-02-08 11:30:43,337 [INFO] Server unreachable or empty response.
2026-02-08 11:30:43,337 [INFO] Sleeping 60s...
2026-02-08 11:31:43,345 [INFO] Checking server for model updates...
2026-02-08 11:31:44,992 [ERROR] model_update request failed: 422 Client Error: Unprocessable Entity for url: https://server.sparrow-earth.com/model_update
2026-02-08 11:31:44,992 [INFO] Server unreachable or empty response.
2026-02-08 11:31:44,992 [INFO] Sleeping 60s...
2026-02-08 11:32:45,030 [INFO] Checking server for model updates...
2026-02-08 11:32:45,855 [ERROR] model_update request failed: 422 Client Error: Unprocessable Entity for url: https://server.sparrow-earth.com/model_update
2026-02-08 11:32:45,855 [INFO] Server unreachable or empty response.
2026-02-08 11:32:45,855 [INFO] Sleeping 60s...
2026-02-08 11:33:45,913 [INFO] Checking server for model updates...
2026-02-08 11:33:46,408 [ERROR] model_update request failed: 422 Client Error: Unprocessable Entity for url: https://server.sparrow-earth.com/model_update
2026-02-08 11:33:46,408 [INFO] Server unreachable or empty response.
2026-02-08 11:33:46,409 [INFO] Sleeping 60s...
2026-02-08 11:34:46,468 [INFO] Checking server for model updates...
2026-02-08 11:34:47,252 [ERROR] model_update request failed: 422 Client Error: Unprocessable Entity for url: https://server.sparrow-earth.com/model_update
2026-02-08 11:34:47,252 [INFO] Server unreachable or empty response.
2026-02-08 11:34:47,252 [INFO] Sleeping 60s...
2026-02-08 11:35:47,295 [INFO] Checking server for model updates...
2026-02-08 11:35:47,826 [ERROR] model_update request failed: 422 Client Error: Unprocessable Entity for url: https://server.sparrow-earth.com/model_update
2026-02-08 11:35:47,827 [INFO] Server unreachable or empty response.
2026-02-08 11:35:47,827 [INFO] Sleeping 60s...
2026-02-08 11:36:47,834 [INFO] Checking server for model updates...
2026-02-08 11:36:49,446 [ERROR] model_update request failed: 422 Client Error: Unprocessable Entity for url: https://server.sparrow-earth.com/model_update
2026-02-08 11:36:49,447 [INFO] Server unreachable or empty response.
2026-02-08 11:36:49,447 [INFO] Sleeping 60s...
2026-02-08 11:37:49,448 [INFO] Checking server for model updates...
2026-02-08 11:37:49,983 [ERROR] model_update request failed: 422 Client Error: Unprocessable Entity for url: https://server.sparrow-earth.com/model_update
2026-02-08 11:37:49,983 [INFO] Server unreachable or empty response.
2026-02-08 11:37:49,983 [INFO] Sleeping 60s...
2026-02-08 11:38:50,043 [INFO] Checking server for model updates...
2026-02-08 11:38:54,026 [ERROR] model_update request failed: 422 Client Error: Unprocessable Entity for url: https://server.sparrow-earth.com/model_update
2026-02-08 11:38:54,026 [INFO] Server unreachable or empty response.
2026-02-08 11:38:54,026 [INFO] Sleeping 60s...
2026-02-08 11:39:54,086 [INFO] Checking server for model updates...
2026-02-08 11:40:19,302 [ERROR] model_update request failed: HTTPSConnectionPool(host='server.sparrow-earth.com', port=443): Max retries exceeded with url: /model_update (Caused by NameResolutionError("<urllib3.connection.HTTPSConnection object at 0x7fff69cff730>: Failed to resolve 'server.sparrow-earth.com' ([Errno -3] Temporary failure in name resolution)"))
2026-02-08 11:40:19,302 [INFO] Server unreachable or empty response.
2026-02-08 11:40:19,302 [INFO] Sleeping 60s...
2026-02-08 11:41:19,363 [INFO] Checking server for model updates...
2026-02-08 11:41:20,123 [ERROR] model_update request failed: 422 Client Error: Unprocessable Entity for url: https://server.sparrow-earth.com/model_update
2026-02-08 11:41:20,123 [INFO] Server unreachable or empty response.
2026-02-08 11:41:20,124 [INFO] Sleeping 60s...
2026-02-08 11:42:20,179 [INFO] Checking server for model updates...
2026-02-08 11:42:20,945 [ERROR] model_update request failed: 422 Client Error: Unprocessable Entity for url: https://server.sparrow-earth.com/model_update
2026-02-08 11:42:20,945 [INFO] Server unreachable or empty response.
2026-02-08 11:42:20,945 [INFO] Sleeping 60s...
2026-02-08 11:43:20,998 [INFO] Checking server for model updates...
2026-02-08 11:43:21,821 [ERROR] model_update request failed: 422 Client Error: Unprocessable Entity for url: https://server.sparrow-earth.com/model_update
2026-02-08 11:43:21,822 [INFO] Server unreachable or empty response.
2026-02-08 11:43:21,822 [INFO] Sleeping 60s...
2026-02-08 11:44:21,882 [INFO] Checking server for model updates...
2026-02-08 11:44:22,751 [ERROR] model_update request failed: 422 Client Error: Unprocessable Entity for url: https://server.sparrow-earth.com/model_update
2026-02-08 11:44:22,751 [INFO] Server unreachable or empty response.
2026-02-08 11:44:22,751 [INFO] Sleeping 60s...
2026-02-08 11:45:22,806 [INFO] Checking server for model updates...
2026-02-08 11:45:23,277 [ERROR] model_update request failed: 422 Client Error: Unprocessable Entity for url: https://server.sparrow-earth.com/model_update
2026-02-08 11:45:23,278 [INFO] Server unreachable or empty response.
2026-02-08 11:45:23,278 [INFO] Sleeping 60s...
2026-02-08 11:46:23,307 [INFO] Checking server for model updates...
2026-02-08 11:46:23,793 [ERROR] model_update request failed: 422 Client Error: Unprocessable Entity for url: https://server.sparrow-earth.com/model_update
2026-02-08 11:46:23,793 [INFO] Server unreachable or empty response.
2026-02-08 11:46:23,794 [INFO] Sleeping 60s...
2026-02-08 11:47:23,854 [INFO] Checking server for model updates...
2026-02-08 11:47:24,446 [ERROR] model_update request failed: 422 Client Error: Unprocessable Entity for url: https://server.sparrow-earth.com/model_update
2026-02-08 11:47:24,447 [INFO] Server unreachable or empty response.
2026-02-08 11:47:24,447 [INFO] Sleeping 60s...
2026-02-08 11:48:24,454 [INFO] Checking server for model updates...
2026-02-08 11:48:25,044 [ERROR] model_update request failed: 422 Client Error: Unprocessable Entity for url: https://server.sparrow-earth.com/model_update
2026-02-08 11:48:25,045 [INFO] Server unreachable or empty response.
2026-02-08 11:48:25,045 [INFO] Sleeping 60s...
2026-02-08 11:49:25,094 [INFO] Checking server for model updates...
2026-02-08 11:49:25,844 [ERROR] model_update request failed: 422 Client Error: Unprocessable Entity for url: https://server.sparrow-earth.com/model_update
2026-02-08 11:49:25,845 [INFO] Server unreachable or empty response.
2026-02-08 11:49:25,845 [INFO] Sleeping 60s...
2026-02-08 11:50:25,905 [INFO] Checking server for model updates...
2026-02-08 11:50:27,115 [ERROR] model_update request failed: 422 Client Error: Unprocessable Entity for url: https://server.sparrow-earth.com/model_update
2026-02-08 11:50:27,115 [INFO] Server unreachable or empty response.
2026-02-08 11:50:27,115 [INFO] Sleeping 60s...
2026-02-08 11:51:27,172 [INFO] Checking server for model updates...
2026-02-08 11:51:29,711 [ERROR] model_update request failed: 422 Client Error: Unprocessable Entity for url: https://server.sparrow-earth.com/model_update
2026-02-08 11:51:29,712 [INFO] Server unreachable or empty response.
2026-02-08 11:51:29,712 [INFO] Sleeping 60s...
2026-02-08 11:52:29,772 [INFO] Checking server for model updates...
2026-02-08 11:52:31,309 [ERROR] model_update request failed: 422 Client Error: Unprocessable Entity for url: https://server.sparrow-earth.com/model_update
2026-02-08 11:52:31,309 [INFO] Server unreachable or empty response.
2026-02-08 11:52:31,309 [INFO] Sleeping 60s...
2026-02-08 11:53:31,358 [INFO] Checking server for model updates...
2026-02-08 11:53:33,616 [ERROR] model_update request failed: 422 Client Error: Unprocessable Entity for url: https://server.sparrow-earth.com/model_update
2026-02-08 11:53:33,616 [INFO] Server unreachable or empty response.
2026-02-08 11:53:33,617 [INFO] Sleeping 60s...
2026-02-08 11:54:33,677 [INFO] Checking server for model updates...
2026-02-08 11:54:36,392 [ERROR] model_update request failed: 422 Client Error: Unprocessable Entity for url: https://server.sparrow-earth.com/model_update
2026-02-08 11:54:36,392 [INFO] Server unreachable or empty response.
2026-02-08 11:54:36,392 [INFO] Sleeping 60s...
2026-02-08 11:55:36,405 [INFO] Checking server for model updates...
2026-02-08 11:55:37,929 [ERROR] model_update request failed: 422 Client Error: Unprocessable Entity for url: https://server.sparrow-earth.com/model_update
2026-02-08 11:55:37,929 [INFO] Server unreachable or empty response.
2026-02-08 11:55:37,929 [INFO] Sleeping 60s...
2026-02-08 11:56:37,958 [INFO] Checking server for model updates...
2026-02-08 11:57:00,742 [ERROR] model_update request failed: HTTPSConnectionPool(host='server.sparrow-earth.com', port=443): Max retries exceeded with url: /model_update (Caused by NameResolutionError("<urllib3.connection.HTTPSConnection object at 0x7fff69cff5b0>: Failed to resolve 'server.sparrow-earth.com' ([Errno -3] Temporary failure in name resolution)"))
2026-02-08 11:57:00,742 [INFO] Server unreachable or empty response.
2026-02-08 11:57:00,742 [INFO] Sleeping 60s...
2026-02-08 11:58:00,802 [INFO] Checking server for model updates...
2026-02-08 11:58:41,222 [ERROR] model_update request failed: HTTPSConnectionPool(host='server.sparrow-earth.com', port=443): Max retries exceeded with url: /model_update (Caused by NameResolutionError("<urllib3.connection.HTTPSConnection object at 0x7fff69b54b50>: Failed to resolve 'server.sparrow-earth.com' ([Errno -3] Temporary failure in name resolution)"))
2026-02-08 11:58:41,222 [INFO] Server unreachable or empty response.
2026-02-08 11:58:41,222 [INFO] Sleeping 60s...
2026-02-08 11:59:41,256 [INFO] Checking server for model updates...
2026-02-08 12:00:11,462 [ERROR] model_update request failed: HTTPSConnectionPool(host='server.sparrow-earth.com', port=443): Max retries exceeded with url: /model_update (Caused by NameResolutionError("<urllib3.connection.HTTPSConnection object at 0x7fff69b56350>: Failed to resolve 'server.sparrow-earth.com' ([Errno -3] Temporary failure in name resolution)"))
2026-02-08 12:00:11,462 [INFO] Server unreachable or empty response.
2026-02-08 12:00:11,462 [INFO] Sleeping 60s...
2026-02-08 12:01:11,476 [INFO] Checking server for model updates...
2026-02-08 12:01:41,990 [ERROR] model_update request failed: HTTPSConnectionPool(host='server.sparrow-earth.com', port=443): Max retries exceeded with url: /model_update (Caused by NameResolutionError("<urllib3.connection.HTTPSConnection object at 0x7fff69b57220>: Failed to resolve 'server.sparrow-earth.com' ([Errno -3] Temporary failure in name resolution)"))
2026-02-08 12:01:41,990 [INFO] Server unreachable or empty response.
2026-02-08 12:01:41,990 [INFO] Sleeping 60s...
2026-02-08 12:02:41,999 [INFO] Checking server for model updates...
2026-02-08 12:03:16,902 [ERROR] model_update request failed: HTTPSConnectionPool(host='server.sparrow-earth.com', port=443): Max retries exceeded with url: /model_update (Caused by NameResolutionError("<urllib3.connection.HTTPSConnection object at 0x7fff69cff250>: Failed to resolve 'server.sparrow-earth.com' ([Errno -3] Temporary failure in name resolution)"))
2026-02-08 12:03:16,902 [INFO] Server unreachable or empty response.
2026-02-08 12:03:16,902 [INFO] Sleeping 60s...
2026-02-08 12:04:16,904 [INFO] Checking server for model updates...
2026-02-08 12:04:18,663 [ERROR] model_update request failed: 422 Client Error: Unprocessable Entity for url: https://server.sparrow-earth.com/model_update
2026-02-08 12:04:18,663 [INFO] Server unreachable or empty response.
2026-02-08 12:04:18,663 [INFO] Sleeping 60s...
2026-02-08 12:05:18,673 [INFO] Checking server for model updates...
2026-02-08 12:05:20,770 [ERROR] model_update request failed: 422 Client Error: Unprocessable Entity for url: https://server.sparrow-earth.com/model_update
2026-02-08 12:05:20,770 [INFO] Server unreachable or empty response.
2026-02-08 12:05:20,771 [INFO] Sleeping 60s...
2026-02-08 12:06:20,806 [INFO] Checking server for model updates...
2026-02-08 12:06:23,756 [ERROR] model_update request failed: 422 Client Error: Unprocessable Entity for url: https://server.sparrow-earth.com/model_update
2026-02-08 12:06:23,757 [INFO] Server unreachable or empty response.
2026-02-08 12:06:23,757 [INFO] Sleeping 60s...
2026-02-08 12:07:23,758 [INFO] Checking server for model updates...
2026-02-08 12:07:25,374 [ERROR] model_update request failed: ('Connection aborted.', RemoteDisconnected('Remote end closed connection without response'))
2026-02-08 12:07:25,374 [INFO] Server unreachable or empty response.
2026-02-08 12:07:25,375 [INFO] Sleeping 60s...
2026-02-08 12:08:25,434 [INFO] Checking server for model updates...
2026-02-08 12:08:27,248 [ERROR] model_update request failed: 422 Client Error: Unprocessable Entity for url: https://server.sparrow-earth.com/model_update
2026-02-08 12:08:27,248 [INFO] Server unreachable or empty response.
2026-02-08 12:08:27,248 [INFO] Sleeping 60s...
2026-02-08 12:09:27,296 [INFO] Checking server for model updates...
2026-02-08 12:09:29,799 [ERROR] model_update request failed: 422 Client Error: Unprocessable Entity for url: https://server.sparrow-earth.com/model_update
2026-02-08 12:09:29,799 [INFO] Server unreachable or empty response.
2026-02-08 12:09:29,800 [INFO] Sleeping 60s...
2026-02-08 12:10:29,856 [INFO] Checking server for model updates...
2026-02-08 12:10:32,104 [ERROR] model_update request failed: 422 Client Error: Unprocessable Entity for url: https://server.sparrow-earth.com/model_update
2026-02-08 12:10:32,105 [INFO] Server unreachable or empty response.
2026-02-08 12:10:32,105 [INFO] Sleeping 60s...
2026-02-08 12:11:32,136 [INFO] Checking server for model updates...
2026-02-08 12:11:35,909 [ERROR] model_update request failed: 422 Client Error: Unprocessable Entity for url: https://server.sparrow-earth.com/model_update
2026-02-08 12:11:35,909 [INFO] Server unreachable or empty response.
2026-02-08 12:11:35,909 [INFO] Sleeping 60s...
2026-02-08 12:12:35,950 [INFO] Checking server for model updates...
2026-02-08 12:13:16,966 [ERROR] model_update request failed: HTTPSConnectionPool(host='server.sparrow-earth.com', port=443): Max retries exceeded with url: /model_update (Caused by NameResolutionError("<urllib3.connection.HTTPSConnection object at 0x7fff69b57610>: Failed to resolve 'server.sparrow-earth.com' ([Errno -3] Temporary failure in name resolution)"))
2026-02-08 12:13:16,966 [INFO] Server unreachable or empty response.
2026-02-08 12:13:16,966 [INFO] Sleeping 60s...
2026-02-08 12:14:17,027 [INFO] Checking server for model updates...
2026-02-08 12:14:19,310 [ERROR] model_update request failed: 422 Client Error: Unprocessable Entity for url: https://server.sparrow-earth.com/model_update
2026-02-08 12:14:19,311 [INFO] Server unreachable or empty response.
2026-02-08 12:14:19,311 [INFO] Sleeping 60s...
2026-02-08 12:15:19,371 [INFO] Checking server for model updates...
2026-02-08 12:15:20,311 [ERROR] model_update request failed: 422 Client Error: Unprocessable Entity for url: https://server.sparrow-earth.com/model_update
2026-02-08 12:15:20,311 [INFO] Server unreachable or empty response.
2026-02-08 12:15:20,312 [INFO] Sleeping 60s...
2026-02-08 12:16:20,334 [INFO] Checking server for model updates...
2026-02-08 12:16:21,442 [ERROR] model_update request failed: 422 Client Error: Unprocessable Entity for url: https://server.sparrow-earth.com/model_update
2026-02-08 12:16:21,443 [INFO] Server unreachable or empty response.
2026-02-08 12:16:21,443 [INFO] Sleeping 60s...
2026-02-08 12:17:21,496 [INFO] Checking server for model updates...
2026-02-08 12:17:23,244 [ERROR] model_update request failed: 422 Client Error: Unprocessable Entity for url: https://server.sparrow-earth.com/model_update
2026-02-08 12:17:23,244 [INFO] Server unreachable or empty response.
2026-02-08 12:17:23,244 [INFO] Sleeping 60s...
2026-02-08 12:18:23,278 [INFO] Checking server for model updates...
2026-02-08 12:18:25,240 [ERROR] model_update request failed: 422 Client Error: Unprocessable Entity for url: https://server.sparrow-earth.com/model_update
2026-02-08 12:18:25,240 [INFO] Server unreachable or empty response.
2026-02-08 12:18:25,240 [INFO] Sleeping 60s...
2026-02-08 12:19:25,296 [INFO] Checking server for model updates...
2026-02-08 12:19:26,123 [ERROR] model_update request failed: 422 Client Error: Unprocessable Entity for url: https://server.sparrow-earth.com/model_update
2026-02-08 12:19:26,124 [INFO] Server unreachable or empty response.
2026-02-08 12:19:26,124 [INFO] Sleeping 60s...
2026-02-08 12:20:26,136 [INFO] Checking server for model updates...
2026-02-08 12:20:27,253 [ERROR] model_update request failed: 422 Client Error: Unprocessable Entity for url: https://server.sparrow-earth.com/model_update
2026-02-08 12:20:27,253 [INFO] Server unreachable or empty response.
2026-02-08 12:20:27,253 [INFO] Sleeping 60s...
2026-02-08 12:21:27,314 [INFO] Checking server for model updates...
2026-02-08 12:21:28,325 [ERROR] model_update request failed: 422 Client Error: Unprocessable Entity for url: https://server.sparrow-earth.com/model_update
2026-02-08 12:21:28,325 [INFO] Server unreachable or empty response.
2026-02-08 12:21:28,325 [INFO] Sleeping 60s...
2026-02-08 12:22:28,358 [INFO] Checking server for model updates...
2026-02-08 12:22:29,226 [ERROR] model_update request failed: 422 Client Error: Unprocessable Entity for url: https://server.sparrow-earth.com/model_update
2026-02-08 12:22:29,226 [INFO] Server unreachable or empty response.
2026-02-08 12:22:29,227 [INFO] Sleeping 60s...
2026-02-08 12:23:29,286 [INFO] Checking server for model updates...
2026-02-08 12:23:30,416 [ERROR] model_update request failed: 422 Client Error: Unprocessable Entity for url: https://server.sparrow-earth.com/model_update
2026-02-08 12:23:30,416 [INFO] Server unreachable or empty response.
2026-02-08 12:23:30,416 [INFO] Sleeping 60s...
2026-02-08 12:24:30,477 [INFO] Checking server for model updates...
2026-02-08 12:24:31,738 [ERROR] model_update request failed: 422 Client Error: Unprocessable Entity for url: https://server.sparrow-earth.com/model_update
2026-02-08 12:24:31,738 [INFO] Server unreachable or empty response.
2026-02-08 12:24:31,738 [INFO] Sleeping 60s...
2026-02-08 12:25:31,796 [INFO] Checking server for model updates...
2026-02-08 12:25:33,246 [ERROR] model_update request failed: 422 Client Error: Unprocessable Entity for url: https://server.sparrow-earth.com/model_update
2026-02-08 12:25:33,247 [INFO] Server unreachable or empty response.
2026-02-08 12:25:33,247 [INFO] Sleeping 60s...
2026-02-08 12:26:33,265 [INFO] Checking server for model updates...
2026-02-08 12:26:34,740 [ERROR] model_update request failed: 422 Client Error: Unprocessable Entity for url: https://server.sparrow-earth.com/model_update
2026-02-08 12:26:34,740 [INFO] Server unreachable or empty response.
2026-02-08 12:26:34,740 [INFO] Sleeping 60s...
2026-02-08 12:27:34,758 [INFO] Checking server for model updates...
2026-02-08 12:27:35,924 [ERROR] model_update request failed: 422 Client Error: Unprocessable Entity for url: https://server.sparrow-earth.com/model_update
2026-02-08 12:27:35,924 [INFO] Server unreachable or empty response.
2026-02-08 12:27:35,924 [INFO] Sleeping 60s...
2026-02-08 12:28:35,976 [INFO] Checking server for model updates...
2026-02-08 12:28:37,504 [ERROR] model_update request failed: 422 Client Error: Unprocessable Entity for url: https://server.sparrow-earth.com/model_update
2026-02-08 12:28:37,504 [INFO] Server unreachable or empty response.
2026-02-08 12:28:37,504 [INFO] Sleeping 60s...
2026-02-08 12:29:37,510 [INFO] Checking server for model updates...
2026-02-08 12:29:39,004 [ERROR] model_update request failed: 422 Client Error: Unprocessable Entity for url: https://server.sparrow-earth.com/model_update
2026-02-08 12:29:39,005 [INFO] Server unreachable or empty response.
2026-02-08 12:29:39,005 [INFO] Sleeping 60s...
2026-02-08 12:30:39,056 [INFO] Checking server for model updates...
2026-02-08 12:30:39,924 [ERROR] model_update request failed: 422 Client Error: Unprocessable Entity for url: https://server.sparrow-earth.com/model_update
2026-02-08 12:30:39,925 [INFO] Server unreachable or empty response.
2026-02-08 12:30:39,925 [INFO] Sleeping 60s...
2026-02-08 12:31:39,981 [INFO] Checking server for model updates...
2026-02-08 12:31:41,512 [ERROR] model_update request failed: 422 Client Error: Unprocessable Entity for url: https://server.sparrow-earth.com/model_update
2026-02-08 12:31:41,513 [INFO] Server unreachable or empty response.
2026-02-08 12:31:41,513 [INFO] Sleeping 60s...
2026-02-08 12:32:41,516 [INFO] Checking server for model updates...
2026-02-08 12:32:42,542 [ERROR] model_update request failed: 422 Client Error: Unprocessable Entity for url: https://server.sparrow-earth.com/model_update
2026-02-08 12:32:42,543 [INFO] Server unreachable or empty response.
2026-02-08 12:32:42,543 [INFO] Sleeping 60s...
2026-02-08 12:33:42,598 [INFO] Checking server for model updates...
2026-02-08 12:33:43,768 [ERROR] model_update request failed: 422 Client Error: Unprocessable Entity for url: https://server.sparrow-earth.com/model_update
2026-02-08 12:33:43,769 [INFO] Server unreachable or empty response.
2026-02-08 12:33:43,769 [INFO] Sleeping 60s...
2026-02-08 12:34:43,821 [INFO] Checking server for model updates...
2026-02-08 12:34:45,116 [ERROR] model_update request failed: 422 Client Error: Unprocessable Entity for url: https://server.sparrow-earth.com/model_update
2026-02-08 12:34:45,116 [INFO] Server unreachable or empty response.
2026-02-08 12:34:45,116 [INFO] Sleeping 60s...
2026-02-08 12:35:45,129 [INFO] Checking server for model updates...
2026-02-08 12:35:46,273 [ERROR] model_update request failed: 422 Client Error: Unprocessable Entity for url: https://server.sparrow-earth.com/model_update
2026-02-08 12:35:46,274 [INFO] Server unreachable or empty response.
2026-02-08 12:35:46,274 [INFO] Sleeping 60s...
2026-02-08 12:36:46,334 [INFO] Checking server for model updates...
2026-02-08 12:36:47,669 [ERROR] model_update request failed: 422 Client Error: Unprocessable Entity for url: https://server.sparrow-earth.com/model_update
2026-02-08 12:36:47,670 [INFO] Server unreachable or empty response.
2026-02-08 12:36:47,670 [INFO] Sleeping 60s...
2026-02-08 12:37:47,673 [INFO] Checking server for model updates...
2026-02-08 12:37:48,595 [ERROR] model_update request failed: 422 Client Error: Unprocessable Entity for url: https://server.sparrow-earth.com/model_update
2026-02-08 12:37:48,595 [INFO] Server unreachable or empty response.
2026-02-08 12:37:48,595 [INFO] Sleeping 60s...
2026-02-08 12:38:48,655 [INFO] Checking server for model updates...
2026-02-08 12:38:49,610 [ERROR] model_update request failed: 422 Client Error: Unprocessable Entity for url: https://server.sparrow-earth.com/model_update
2026-02-08 12:38:49,610 [INFO] Server unreachable or empty response.
2026-02-08 12:38:49,610 [INFO] Sleeping 60s...
2026-02-08 12:39:49,670 [INFO] Checking server for model updates...
2026-02-08 12:39:51,533 [ERROR] model_update request failed: 422 Client Error: Unprocessable Entity for url: https://server.sparrow-earth.com/model_update
2026-02-08 12:39:51,533 [INFO] Server unreachable or empty response.
2026-02-08 12:39:51,533 [INFO] Sleeping 60s...
2026-02-08 12:40:51,594 [INFO] Checking server for model updates...
2026-02-08 12:40:53,510 [ERROR] model_update request failed: 422 Client Error: Unprocessable Entity for url: https://server.sparrow-earth.com/model_update
2026-02-08 12:40:53,510 [INFO] Server unreachable or empty response.
2026-02-08 12:40:53,510 [INFO] Sleeping 60s...
2026-02-08 12:41:53,570 [INFO] Checking server for model updates...
2026-02-08 12:41:54,655 [ERROR] model_update request failed: 422 Client Error: Unprocessable Entity for url: https://server.sparrow-earth.com/model_update
2026-02-08 12:41:54,656 [INFO] Server unreachable or empty response.
2026-02-08 12:41:54,656 [INFO] Sleeping 60s...
2026-02-08 12:42:54,677 [INFO] Checking server for model updates...
2026-02-08 12:42:55,710 [ERROR] model_update request failed: 422 Client Error: Unprocessable Entity for url: https://server.sparrow-earth.com/model_update
2026-02-08 12:42:55,710 [INFO] Server unreachable or empty response.
2026-02-08 12:42:55,710 [INFO] Sleeping 60s...
2026-02-08 12:43:55,755 [INFO] Checking server for model updates...
2026-02-08 12:43:57,174 [ERROR] model_update request failed: 422 Client Error: Unprocessable Entity for url: https://server.sparrow-earth.com/model_update
2026-02-08 12:43:57,174 [INFO] Server unreachable or empty response.
2026-02-08 12:43:57,174 [INFO] Sleeping 60s...
2026-02-08 12:44:57,216 [INFO] Checking server for model updates...
2026-02-08 12:44:58,538 [ERROR] model_update request failed: 422 Client Error: Unprocessable Entity for url: https://server.sparrow-earth.com/model_update
2026-02-08 12:44:58,539 [INFO] Server unreachable or empty response.
2026-02-08 12:44:58,539 [INFO] Sleeping 60s...
2026-02-08 12:45:58,556 [INFO] Checking server for model updates...
2026-02-08 12:45:59,680 [ERROR] model_update request failed: 422 Client Error: Unprocessable Entity for url: https://server.sparrow-earth.com/model_update
2026-02-08 12:45:59,681 [INFO] Server unreachable or empty response.
2026-02-08 12:45:59,681 [INFO] Sleeping 60s...
2026-02-08 12:46:59,736 [INFO] Checking server for model updates...
2026-02-08 12:47:00,824 [ERROR] model_update request failed: 422 Client Error: Unprocessable Entity for url: https://server.sparrow-earth.com/model_update
2026-02-08 12:47:00,825 [INFO] Server unreachable or empty response.
2026-02-08 12:47:00,825 [INFO] Sleeping 60s...
2026-02-08 12:48:00,876 [INFO] Checking server for model updates...
2026-02-08 12:48:01,885 [ERROR] model_update request failed: 422 Client Error: Unprocessable Entity for url: https://server.sparrow-earth.com/model_update
2026-02-08 12:48:01,885 [INFO] Server unreachable or empty response.
2026-02-08 12:48:01,885 [INFO] Sleeping 60s...
2026-02-08 12:49:01,936 [INFO] Checking server for model updates...
2026-02-08 12:49:03,070 [ERROR] model_update request failed: 422 Client Error: Unprocessable Entity for url: https://server.sparrow-earth.com/model_update
2026-02-08 12:49:03,070 [INFO] Server unreachable or empty response.
2026-02-08 12:49:03,070 [INFO] Sleeping 60s...
2026-02-08 12:50:03,130 [INFO] Checking server for model updates...
2026-02-08 12:50:04,384 [ERROR] model_update request failed: 422 Client Error: Unprocessable Entity for url: https://server.sparrow-earth.com/model_update
2026-02-08 12:50:04,385 [INFO] Server unreachable or empty response.
2026-02-08 12:50:04,385 [INFO] Sleeping 60s...
2026-02-08 12:51:04,436 [INFO] Checking server for model updates...
2026-02-08 12:51:06,532 [ERROR] model_update request failed: 422 Client Error: Unprocessable Entity for url: https://server.sparrow-earth.com/model_update
2026-02-08 12:51:06,532 [INFO] Server unreachable or empty response.
2026-02-08 12:51:06,532 [INFO] Sleeping 60s...
2026-02-08 12:52:06,534 [INFO] Checking server for model updates...
2026-02-08 12:52:08,093 [ERROR] model_update request failed: 422 Client Error: Unprocessable Entity for url: https://server.sparrow-earth.com/model_update
2026-02-08 12:52:08,093 [INFO] Server unreachable or empty response.
2026-02-08 12:52:08,093 [INFO] Sleeping 60s...
2026-02-08 12:53:08,154 [INFO] Checking server for model updates...
2026-02-08 12:53:10,024 [ERROR] model_update request failed: 422 Client Error: Unprocessable Entity for url: https://server.sparrow-earth.com/model_update
2026-02-08 12:53:10,025 [INFO] Server unreachable or empty response.
2026-02-08 12:53:10,025 [INFO] Sleeping 60s...
2026-02-08 12:54:10,036 [INFO] Checking server for model updates...
2026-02-08 12:54:12,542 [ERROR] model_update request failed: 422 Client Error: Unprocessable Entity for url: https://server.sparrow-earth.com/model_update
2026-02-08 12:54:12,543 [INFO] Server unreachable or empty response.
2026-02-08 12:54:12,543 [INFO] Sleeping 60s...
2026-02-08 12:55:12,596 [INFO] Checking server for model updates...
2026-02-08 12:55:13,697 [ERROR] model_update request failed: 422 Client Error: Unprocessable Entity for url: https://server.sparrow-earth.com/model_update
2026-02-08 12:55:13,698 [INFO] Server unreachable or empty response.
2026-02-08 12:55:13,698 [INFO] Sleeping 60s...
2026-02-08 12:56:13,716 [INFO] Checking server for model updates...
2026-02-08 12:56:15,546 [ERROR] model_update request failed: 422 Client Error: Unprocessable Entity for url: https://server.sparrow-earth.com/model_update
2026-02-08 12:56:15,546 [INFO] Server unreachable or empty response.
2026-02-08 12:56:15,546 [INFO] Sleeping 60s...
2026-02-08 12:57:15,606 [INFO] Checking server for model updates...
2026-02-08 12:57:17,340 [ERROR] model_update request failed: 422 Client Error: Unprocessable Entity for url: https://server.sparrow-earth.com/model_update
2026-02-08 12:57:17,341 [INFO] Server unreachable or empty response.
2026-02-08 12:57:17,341 [INFO] Sleeping 60s...
2026-02-08 12:58:17,401 [INFO] Checking server for model updates...
2026-02-08 12:58:19,782 [ERROR] model_update request failed: 422 Client Error: Unprocessable Entity for url: https://server.sparrow-earth.com/model_update
2026-02-08 12:58:19,783 [INFO] Server unreachable or empty response.
2026-02-08 12:58:19,783 [INFO] Sleeping 60s...
2026-02-08 12:59:19,806 [INFO] Checking server for model updates...
2026-02-08 12:59:21,571 [ERROR] model_update request failed: 422 Client Error: Unprocessable Entity for url: https://server.sparrow-earth.com/model_update
2026-02-08 12:59:21,571 [INFO] Server unreachable or empty response.
2026-02-08 12:59:21,571 [INFO] Sleeping 60s...
2026-02-08 13:00:21,576 [INFO] Checking server for model updates...
2026-02-08 13:00:22,983 [ERROR] model_update request failed: 422 Client Error: Unprocessable Entity for url: https://server.sparrow-earth.com/model_update
2026-02-08 13:00:22,983 [INFO] Server unreachable or empty response.
2026-02-08 13:00:22,983 [INFO] Sleeping 60s...
2026-02-08 13:01:23,031 [INFO] Checking server for model updates...
2026-02-08 13:01:25,459 [ERROR] model_update request failed: 422 Client Error: Unprocessable Entity for url: https://server.sparrow-earth.com/model_update
2026-02-08 13:01:25,459 [INFO] Server unreachable or empty response.
2026-02-08 13:01:25,459 [INFO] Sleeping 60s...
2026-02-08 13:02:25,504 [INFO] Checking server for model updates...
2026-02-08 13:02:27,565 [ERROR] model_update request failed: 422 Client Error: Unprocessable Entity for url: https://server.sparrow-earth.com/model_update
2026-02-08 13:02:27,565 [INFO] Server unreachable or empty response.
2026-02-08 13:02:27,565 [INFO] Sleeping 60s...
2026-02-08 13:03:27,610 [INFO] Checking server for model updates...
2026-02-08 13:03:28,621 [ERROR] model_update request failed: 422 Client Error: Unprocessable Entity for url: https://server.sparrow-earth.com/model_update
2026-02-08 13:03:28,622 [INFO] Server unreachable or empty response.
2026-02-08 13:03:28,622 [INFO] Sleeping 60s...
2026-02-08 13:04:28,650 [INFO] Checking server for model updates...
2026-02-08 13:04:29,676 [ERROR] model_update request failed: 422 Client Error: Unprocessable Entity for url: https://server.sparrow-earth.com/model_update
2026-02-08 13:04:29,677 [INFO] Server unreachable or empty response.
2026-02-08 13:04:29,677 [INFO] Sleeping 60s...
2026-02-08 13:05:29,708 [INFO] Checking server for model updates...
2026-02-08 13:05:31,105 [ERROR] model_update request failed: 422 Client Error: Unprocessable Entity for url: https://server.sparrow-earth.com/model_update
2026-02-08 13:05:31,106 [INFO] Server unreachable or empty response.
2026-02-08 13:05:31,106 [INFO] Sleeping 60s...
2026-02-08 13:06:31,112 [INFO] Checking server for model updates...
2026-02-08 13:06:33,025 [ERROR] model_update request failed: 422 Client Error: Unprocessable Entity for url: https://server.sparrow-earth.com/model_update
2026-02-08 13:06:33,026 [INFO] Server unreachable or empty response.
2026-02-08 13:06:33,026 [INFO] Sleeping 60s...
2026-02-08 13:07:33,086 [INFO] Checking server for model updates...
2026-02-08 13:07:35,493 [ERROR] model_update request failed: 422 Client Error: Unprocessable Entity for url: https://server.sparrow-earth.com/model_update
2026-02-08 13:07:35,493 [INFO] Server unreachable or empty response.
2026-02-08 13:07:35,494 [INFO] Sleeping 60s...
2026-02-08 13:08:35,543 [INFO] Checking server for model updates...
2026-02-08 13:08:37,025 [ERROR] model_update request failed: 422 Client Error: Unprocessable Entity for url: https://server.sparrow-earth.com/model_update
2026-02-08 13:08:37,025 [INFO] Server unreachable or empty response.
2026-02-08 13:08:37,026 [INFO] Sleeping 60s...
2026-02-08 13:09:37,049 [INFO] Checking server for model updates...
2026-02-08 13:09:38,066 [ERROR] model_update request failed: 422 Client Error: Unprocessable Entity for url: https://server.sparrow-earth.com/model_update
2026-02-08 13:09:38,067 [INFO] Server unreachable or empty response.
2026-02-08 13:09:38,067 [INFO] Sleeping 60s...
2026-02-08 13:10:38,119 [INFO] Checking server for model updates...
2026-02-08 13:10:39,058 [ERROR] model_update request failed: 422 Client Error: Unprocessable Entity for url: https://server.sparrow-earth.com/model_update
2026-02-08 13:10:39,059 [INFO] Server unreachable or empty response.
2026-02-08 13:10:39,059 [INFO] Sleeping 60s...
2026-02-08 13:11:39,086 [INFO] Checking server for model updates...
2026-02-08 13:11:40,504 [ERROR] model_update request failed: 422 Client Error: Unprocessable Entity for url: https://server.sparrow-earth.com/model_update
2026-02-08 13:11:40,505 [INFO] Server unreachable or empty response.
2026-02-08 13:11:40,505 [INFO] Sleeping 60s...
2026-02-08 13:12:40,550 [INFO] Checking server for model updates...
2026-02-08 13:12:41,500 [ERROR] model_update request failed: 422 Client Error: Unprocessable Entity for url: https://server.sparrow-earth.com/model_update
2026-02-08 13:12:41,501 [INFO] Server unreachable or empty response.
2026-02-08 13:12:41,501 [INFO] Sleeping 60s...
2026-02-08 13:13:41,561 [INFO] Checking server for model updates...
2026-02-08 13:13:42,712 [ERROR] model_update request failed: 422 Client Error: Unprocessable Entity for url: https://server.sparrow-earth.com/model_update
2026-02-08 13:13:42,713 [INFO] Server unreachable or empty response.
2026-02-08 13:13:42,713 [INFO] Sleeping 60s...
2026-02-08 13:14:42,773 [INFO] Checking server for model updates...
2026-02-08 13:14:44,005 [ERROR] model_update request failed: 422 Client Error: Unprocessable Entity for url: https://server.sparrow-earth.com/model_update
2026-02-08 13:14:44,005 [INFO] Server unreachable or empty response.
2026-02-08 13:14:44,005 [INFO] Sleeping 60s...
2026-02-08 13:15:44,063 [INFO] Checking server for model updates...
2026-02-08 13:15:44,865 [ERROR] model_update request failed: 422 Client Error: Unprocessable Entity for url: https://server.sparrow-earth.com/model_update
2026-02-08 13:15:44,865 [INFO] Server unreachable or empty response.
2026-02-08 13:15:44,866 [INFO] Sleeping 60s...
2026-02-08 13:16:44,920 [INFO] Checking server for model updates...
2026-02-08 13:16:45,677 [ERROR] model_update request failed: 422 Client Error: Unprocessable Entity for url: https://server.sparrow-earth.com/model_update
2026-02-08 13:16:45,677 [INFO] Server unreachable or empty response.
2026-02-08 13:16:45,677 [INFO] Sleeping 60s...
2026-02-08 13:17:45,733 [INFO] Checking server for model updates...
2026-02-08 13:18:17,587 [ERROR] model_update request failed: HTTPSConnectionPool(host='server.sparrow-earth.com', port=443): Max retries exceeded with url: /model_update (Caused by NameResolutionError("<urllib3.connection.HTTPSConnection object at 0x7fff69b551e0>: Failed to resolve 'server.sparrow-earth.com' ([Errno -3] Temporary failure in name resolution)"))
2026-02-08 13:18:17,587 [INFO] Server unreachable or empty response.
2026-02-08 13:18:17,587 [INFO] Sleeping 60s...
2026-02-08 13:19:17,645 [INFO] Checking server for model updates...
2026-02-08 13:19:18,480 [ERROR] model_update request failed: 422 Client Error: Unprocessable Entity for url: https://server.sparrow-earth.com/model_update
2026-02-08 13:19:18,481 [INFO] Server unreachable or empty response.
2026-02-08 13:19:18,481 [INFO] Sleeping 60s...
2026-02-08 13:20:18,540 [INFO] Checking server for model updates...
2026-02-08 13:20:19,015 [ERROR] model_update request failed: 422 Client Error: Unprocessable Entity for url: https://server.sparrow-earth.com/model_update
2026-02-08 13:20:19,015 [INFO] Server unreachable or empty response.
2026-02-08 13:20:19,015 [INFO] Sleeping 60s...
2026-02-08 13:21:19,075 [INFO] Checking server for model updates...
2026-02-08 13:21:19,568 [ERROR] model_update request failed: 422 Client Error: Unprocessable Entity for url: https://server.sparrow-earth.com/model_update
2026-02-08 13:21:19,568 [INFO] Server unreachable or empty response.
2026-02-08 13:21:19,568 [INFO] Sleeping 60s...
2026-02-08 13:22:19,616 [INFO] Checking server for model updates...
2026-02-08 13:22:20,174 [ERROR] model_update request failed: 422 Client Error: Unprocessable Entity for url: https://server.sparrow-earth.com/model_update
2026-02-08 13:22:20,175 [INFO] Server unreachable or empty response.
2026-02-08 13:22:20,175 [INFO] Sleeping 60s...
2026-02-08 13:23:20,224 [INFO] Checking server for model updates...
2026-02-08 13:23:21,408 [ERROR] model_update request failed: ('Connection aborted.', ConnectionResetError(104, 'Connection reset by peer'))
2026-02-08 13:23:21,408 [INFO] Server unreachable or empty response.
2026-02-08 13:23:21,408 [INFO] Sleeping 60s...
2026-02-08 13:24:21,416 [INFO] Checking server for model updates...
2026-02-08 13:24:22,192 [ERROR] model_update request failed: 422 Client Error: Unprocessable Entity for url: https://server.sparrow-earth.com/model_update
2026-02-08 13:24:22,193 [INFO] Server unreachable or empty response.
2026-02-08 13:24:22,193 [INFO] Sleeping 60s...
2026-02-08 13:25:22,198 [INFO] Checking server for model updates...
2026-02-08 13:25:23,314 [ERROR] model_update request failed: 422 Client Error: Unprocessable Entity for url: https://server.sparrow-earth.com/model_update
2026-02-08 13:25:23,315 [INFO] Server unreachable or empty response.
2026-02-08 13:25:23,315 [INFO] Sleeping 60s...
2026-02-08 13:26:23,334 [INFO] Checking server for model updates...
2026-02-08 13:26:24,710 [ERROR] model_update request failed: 422 Client Error: Unprocessable Entity for url: https://server.sparrow-earth.com/model_update
2026-02-08 13:26:24,710 [INFO] Server unreachable or empty response.
2026-02-08 13:26:24,710 [INFO] Sleeping 60s...
2026-02-08 13:27:24,771 [INFO] Checking server for model updates...
2026-02-08 13:27:27,063 [ERROR] model_update request failed: 422 Client Error: Unprocessable Entity for url: https://server.sparrow-earth.com/model_update
2026-02-08 13:27:27,064 [INFO] Server unreachable or empty response.
2026-02-08 13:27:27,064 [INFO] Sleeping 60s...
2026-02-08 13:28:27,124 [INFO] Checking server for model updates...
2026-02-08 13:28:29,268 [ERROR] model_update request failed: 422 Client Error: Unprocessable Entity for url: https://server.sparrow-earth.com/model_update
2026-02-08 13:28:29,268 [INFO] Server unreachable or empty response.
2026-02-08 13:28:29,268 [INFO] Sleeping 60s...
2026-02-08 13:29:29,304 [INFO] Checking server for model updates...
2026-02-08 13:29:30,917 [ERROR] model_update request failed: 422 Client Error: Unprocessable Entity for url: https://server.sparrow-earth.com/model_update
2026-02-08 13:29:30,917 [INFO] Server unreachable or empty response.
2026-02-08 13:29:30,917 [INFO] Sleeping 60s...
2026-02-08 13:30:30,977 [INFO] Checking server for model updates...
2026-02-08 13:30:32,571 [ERROR] model_update request failed: 422 Client Error: Unprocessable Entity for url: https://server.sparrow-earth.com/model_update
2026-02-08 13:30:32,571 [INFO] Server unreachable or empty response.
2026-02-08 13:30:32,572 [INFO] Sleeping 60s...
2026-02-08 13:31:32,601 [INFO] Checking server for model updates...
2026-02-08 13:31:33,143 [ERROR] model_update request failed: 422 Client Error: Unprocessable Entity for url: https://server.sparrow-earth.com/model_update
2026-02-08 13:31:33,143 [INFO] Server unreachable or empty response.
2026-02-08 13:31:33,143 [INFO] Sleeping 60s...
2026-02-08 13:32:33,204 [INFO] Checking server for model updates...
2026-02-08 13:32:33,749 [ERROR] model_update request failed: 422 Client Error: Unprocessable Entity for url: https://server.sparrow-earth.com/model_update
2026-02-08 13:32:33,750 [INFO] Server unreachable or empty response.
2026-02-08 13:32:33,750 [INFO] Sleeping 60s...
2026-02-08 13:33:33,804 [INFO] Checking server for model updates...
2026-02-08 13:33:34,615 [ERROR] model_update request failed: 422 Client Error: Unprocessable Entity for url: https://server.sparrow-earth.com/model_update
2026-02-08 13:33:34,616 [INFO] Server unreachable or empty response.
2026-02-08 13:33:34,616 [INFO] Sleeping 60s...
2026-02-08 13:34:34,636 [INFO] Checking server for model updates...
2026-02-08 13:34:35,389 [ERROR] model_update request failed: 422 Client Error: Unprocessable Entity for url: https://server.sparrow-earth.com/model_update
2026-02-08 13:34:35,389 [INFO] Server unreachable or empty response.
2026-02-08 13:34:35,389 [INFO] Sleeping 60s...
2026-02-08 13:35:35,416 [INFO] Checking server for model updates...
2026-02-08 13:35:36,264 [ERROR] model_update request failed: 422 Client Error: Unprocessable Entity for url: https://server.sparrow-earth.com/model_update
2026-02-08 13:35:36,264 [INFO] Server unreachable or empty response.
2026-02-08 13:35:36,265 [INFO] Sleeping 60s...
2026-02-08 13:36:36,324 [INFO] Checking server for model updates...
2026-02-08 13:36:37,113 [ERROR] model_update request failed: 422 Client Error: Unprocessable Entity for url: https://server.sparrow-earth.com/model_update
2026-02-08 13:36:37,114 [INFO] Server unreachable or empty response.
2026-02-08 13:36:37,114 [INFO] Sleeping 60s...
2026-02-08 13:37:37,156 [INFO] Checking server for model updates...
2026-02-08 13:37:37,818 [ERROR] model_update request failed: 422 Client Error: Unprocessable Entity for url: https://server.sparrow-earth.com/model_update
2026-02-08 13:37:37,818 [INFO] Server unreachable or empty response.
2026-02-08 13:37:37,818 [INFO] Sleeping 60s...
2026-02-08 13:38:37,856 [INFO] Checking server for model updates...
2026-02-08 13:38:39,162 [ERROR] model_update request failed: 422 Client Error: Unprocessable Entity for url: https://server.sparrow-earth.com/model_update
2026-02-08 13:38:39,162 [INFO] Server unreachable or empty response.
2026-02-08 13:38:39,163 [INFO] Sleeping 60s...
2026-02-08 13:39:39,200 [INFO] Checking server for model updates...
2026-02-08 13:39:41,408 [ERROR] model_update request failed: 422 Client Error: Unprocessable Entity for url: https://server.sparrow-earth.com/model_update
2026-02-08 13:39:41,408 [INFO] Server unreachable or empty response.
2026-02-08 13:39:41,409 [INFO] Sleeping 60s...
2026-02-08 13:40:41,466 [INFO] Checking server for model updates...
2026-02-08 13:40:42,617 [ERROR] model_update request failed: 422 Client Error: Unprocessable Entity for url: https://server.sparrow-earth.com/model_update
2026-02-08 13:40:42,618 [INFO] Server unreachable or empty response.
2026-02-08 13:40:42,618 [INFO] Sleeping 60s...
2026-02-08 13:41:42,656 [INFO] Checking server for model updates...
2026-02-08 13:41:43,419 [ERROR] model_update request failed: 422 Client Error: Unprocessable Entity for url: https://server.sparrow-earth.com/model_update
2026-02-08 13:41:43,420 [INFO] Server unreachable or empty response.
2026-02-08 13:41:43,420 [INFO] Sleeping 60s...
2026-02-08 13:42:43,478 [INFO] Checking server for model updates...
2026-02-08 13:42:44,210 [ERROR] model_update request failed: 422 Client Error: Unprocessable Entity for url: https://server.sparrow-earth.com/model_update
2026-02-08 13:42:44,211 [INFO] Server unreachable or empty response.
2026-02-08 13:42:44,211 [INFO] Sleeping 60s...
2026-02-08 13:43:44,271 [INFO] Checking server for model updates...
2026-02-08 13:43:44,812 [ERROR] model_update request failed: 422 Client Error: Unprocessable Entity for url: https://server.sparrow-earth.com/model_update
2026-02-08 13:43:44,812 [INFO] Server unreachable or empty response.
2026-02-08 13:43:44,812 [INFO] Sleeping 60s...
2026-02-08 13:44:44,871 [INFO] Checking server for model updates...
2026-02-08 13:44:45,471 [ERROR] model_update request failed: 422 Client Error: Unprocessable Entity for url: https://server.sparrow-earth.com/model_update
2026-02-08 13:44:45,471 [INFO] Server unreachable or empty response.
2026-02-08 13:44:45,471 [INFO] Sleeping 60s...
2026-02-08 13:45:45,530 [INFO] Checking server for model updates...
2026-02-08 13:45:46,038 [ERROR] model_update request failed: 422 Client Error: Unprocessable Entity for url: https://server.sparrow-earth.com/model_update
2026-02-08 13:45:46,039 [INFO] Server unreachable or empty response.
2026-02-08 13:45:46,039 [INFO] Sleeping 60s...
2026-02-08 13:46:46,095 [INFO] Checking server for model updates...
2026-02-08 13:46:47,040 [ERROR] model_update request failed: 422 Client Error: Unprocessable Entity for url: https://server.sparrow-earth.com/model_update
2026-02-08 13:46:47,041 [INFO] Server unreachable or empty response.
2026-02-08 13:46:47,041 [INFO] Sleeping 60s...
2026-02-08 13:47:47,098 [INFO] Checking server for model updates...
2026-02-08 13:47:47,839 [ERROR] model_update request failed: 422 Client Error: Unprocessable Entity for url: https://server.sparrow-earth.com/model_update
2026-02-08 13:47:47,840 [INFO] Server unreachable or empty response.
2026-02-08 13:47:47,840 [INFO] Sleeping 60s...
2026-02-08 13:48:47,856 [INFO] Checking server for model updates...
2026-02-08 13:48:48,315 [ERROR] model_update request failed: 422 Client Error: Unprocessable Entity for url: https://server.sparrow-earth.com/model_update
2026-02-08 13:48:48,316 [INFO] Server unreachable or empty response.
2026-02-08 13:48:48,316 [INFO] Sleeping 60s...
2026-02-08 13:49:48,350 [INFO] Checking server for model updates...
2026-02-08 13:49:48,863 [ERROR] model_update request failed: 422 Client Error: Unprocessable Entity for url: https://server.sparrow-earth.com/model_update
2026-02-08 13:49:48,863 [INFO] Server unreachable or empty response.
2026-02-08 13:49:48,864 [INFO] Sleeping 60s...
2026-02-08 13:50:48,908 [INFO] Checking server for model updates...
2026-02-08 13:50:49,463 [ERROR] model_update request failed: 422 Client Error: Unprocessable Entity for url: https://server.sparrow-earth.com/model_update
2026-02-08 13:50:49,463 [INFO] Server unreachable or empty response.
2026-02-08 13:50:49,464 [INFO] Sleeping 60s...
2026-02-08 13:51:49,510 [INFO] Checking server for model updates...
2026-02-08 13:51:50,037 [ERROR] model_update request failed: 422 Client Error: Unprocessable Entity for url: https://server.sparrow-earth.com/model_update
2026-02-08 13:51:50,037 [INFO] Server unreachable or empty response.
2026-02-08 13:51:50,038 [INFO] Sleeping 60s...
2026-02-08 13:52:50,061 [INFO] Checking server for model updates...
2026-02-08 13:52:50,539 [ERROR] model_update request failed: 422 Client Error: Unprocessable Entity for url: https://server.sparrow-earth.com/model_update
2026-02-08 13:52:50,540 [INFO] Server unreachable or empty response.
2026-02-08 13:52:50,540 [INFO] Sleeping 60s...
2026-02-08 13:53:50,600 [INFO] Checking server for model updates...
2026-02-08 13:53:51,125 [ERROR] model_update request failed: 422 Client Error: Unprocessable Entity for url: https://server.sparrow-earth.com/model_update
2026-02-08 13:53:51,126 [INFO] Server unreachable or empty response.
2026-02-08 13:53:51,126 [INFO] Sleeping 60s...
2026-02-08 13:54:51,186 [INFO] Checking server for model updates...
2026-02-08 13:54:51,654 [ERROR] model_update request failed: 422 Client Error: Unprocessable Entity for url: https://server.sparrow-earth.com/model_update
2026-02-08 13:54:51,655 [INFO] Server unreachable or empty response.
2026-02-08 13:54:51,655 [INFO] Sleeping 60s...
2026-02-08 13:55:51,715 [INFO] Checking server for model updates...
2026-02-08 13:55:52,255 [ERROR] model_update request failed: 422 Client Error: Unprocessable Entity for url: https://server.sparrow-earth.com/model_update
2026-02-08 13:55:52,255 [INFO] Server unreachable or empty response.
2026-02-08 13:55:52,255 [INFO] Sleeping 60s...
2026-02-08 13:56:52,258 [INFO] Checking server for model updates...
2026-02-08 13:56:52,710 [ERROR] model_update request failed: 422 Client Error: Unprocessable Entity for url: https://server.sparrow-earth.com/model_update
2026-02-08 13:56:52,710 [INFO] Server unreachable or empty response.
2026-02-08 13:56:52,710 [INFO] Sleeping 60s...
2026-02-08 13:57:52,771 [INFO] Checking server for model updates...
2026-02-08 13:57:53,260 [ERROR] model_update request failed: 422 Client Error: Unprocessable Entity for url: https://server.sparrow-earth.com/model_update
2026-02-08 13:57:53,260 [INFO] Server unreachable or empty response.
2026-02-08 13:57:53,261 [INFO] Sleeping 60s...
2026-02-08 13:58:53,278 [INFO] Checking server for model updates...
2026-02-08 13:58:53,737 [ERROR] model_update request failed: 422 Client Error: Unprocessable Entity for url: https://server.sparrow-earth.com/model_update
2026-02-08 13:58:53,738 [INFO] Server unreachable or empty response.
2026-02-08 13:58:53,738 [INFO] Sleeping 60s...
2026-02-08 13:59:53,763 [INFO] Checking server for model updates...
2026-02-08 13:59:54,246 [ERROR] model_update request failed: 422 Client Error: Unprocessable Entity for url: https://server.sparrow-earth.com/model_update
2026-02-08 13:59:54,246 [INFO] Server unreachable or empty response.
2026-02-08 13:59:54,246 [INFO] Sleeping 60s...
2026-02-08 14:00:54,278 [INFO] Checking server for model updates...
2026-02-08 14:00:54,752 [ERROR] model_update request failed: 422 Client Error: Unprocessable Entity for url: https://server.sparrow-earth.com/model_update
2026-02-08 14:00:54,753 [INFO] Server unreachable or empty response.
2026-02-08 14:00:54,753 [INFO] Sleeping 60s...
2026-02-08 14:01:54,802 [INFO] Checking server for model updates...
2026-02-08 14:01:55,312 [ERROR] model_update request failed: 422 Client Error: Unprocessable Entity for url: https://server.sparrow-earth.com/model_update
2026-02-08 14:01:55,313 [INFO] Server unreachable or empty response.
2026-02-08 14:01:55,313 [INFO] Sleeping 60s...
2026-02-08 14:02:55,373 [INFO] Checking server for model updates...
2026-02-08 14:02:55,921 [ERROR] model_update request failed: 422 Client Error: Unprocessable Entity for url: https://server.sparrow-earth.com/model_update
2026-02-08 14:02:55,922 [INFO] Server unreachable or empty response.
2026-02-08 14:02:55,922 [INFO] Sleeping 60s...
2026-02-08 14:03:55,924 [INFO] Checking server for model updates...
2026-02-08 14:04:01,463 [ERROR] model_update request failed: 422 Client Error: Unprocessable Entity for url: https://server.sparrow-earth.com/model_update
2026-02-08 14:04:01,463 [INFO] Server unreachable or empty response.
2026-02-08 14:04:01,463 [INFO] Sleeping 60s...
2026-02-08 14:05:01,523 [INFO] Checking server for model updates...
2026-02-08 14:05:02,047 [ERROR] model_update request failed: 422 Client Error: Unprocessable Entity for url: https://server.sparrow-earth.com/model_update
2026-02-08 14:05:02,047 [INFO] Server unreachable or empty response.
2026-02-08 14:05:02,047 [INFO] Sleeping 60s...
2026-02-08 14:06:02,053 [INFO] Checking server for model updates...
2026-02-08 14:06:02,502 [ERROR] model_update request failed: 422 Client Error: Unprocessable Entity for url: https://server.sparrow-earth.com/model_update
2026-02-08 14:06:02,502 [INFO] Server unreachable or empty response.
2026-02-08 14:06:02,502 [INFO] Sleeping 60s...
2026-02-08 14:07:02,562 [INFO] Checking server for model updates...
2026-02-08 14:07:03,024 [ERROR] model_update request failed: 422 Client Error: Unprocessable Entity for url: https://server.sparrow-earth.com/model_update
2026-02-08 14:07:03,024 [INFO] Server unreachable or empty response.
2026-02-08 14:07:03,024 [INFO] Sleeping 60s...
2026-02-08 14:08:03,085 [INFO] Checking server for model updates...
2026-02-08 14:08:03,661 [ERROR] model_update request failed: 422 Client Error: Unprocessable Entity for url: https://server.sparrow-earth.com/model_update
2026-02-08 14:08:03,661 [INFO] Server unreachable or empty response.
2026-02-08 14:08:03,661 [INFO] Sleeping 60s...
2026-02-08 14:09:03,721 [INFO] Checking server for model updates...
2026-02-08 14:09:04,192 [ERROR] model_update request failed: 422 Client Error: Unprocessable Entity for url: https://server.sparrow-earth.com/model_update
2026-02-08 14:09:04,192 [INFO] Server unreachable or empty response.
2026-02-08 14:09:04,193 [INFO] Sleeping 60s...
2026-02-08 14:10:04,228 [INFO] Checking server for model updates...
2026-02-08 14:10:04,697 [ERROR] model_update request failed: 422 Client Error: Unprocessable Entity for url: https://server.sparrow-earth.com/model_update
2026-02-08 14:10:04,698 [INFO] Server unreachable or empty response.
2026-02-08 14:10:04,698 [INFO] Sleeping 60s...
2026-02-08 14:11:04,758 [INFO] Checking server for model updates...
2026-02-08 14:11:05,224 [ERROR] model_update request failed: 422 Client Error: Unprocessable Entity for url: https://server.sparrow-earth.com/model_update
2026-02-08 14:11:05,224 [INFO] Server unreachable or empty response.
2026-02-08 14:11:05,224 [INFO] Sleeping 60s...
2026-02-08 14:12:05,276 [INFO] Checking server for model updates...
2026-02-08 14:12:05,782 [ERROR] model_update request failed: 422 Client Error: Unprocessable Entity for url: https://server.sparrow-earth.com/model_update
2026-02-08 14:12:05,783 [INFO] Server unreachable or empty response.
2026-02-08 14:12:05,783 [INFO] Sleeping 60s...
2026-02-08 14:13:05,844 [INFO] Checking server for model updates...
2026-02-08 14:13:06,403 [ERROR] model_update request failed: 422 Client Error: Unprocessable Entity for url: https://server.sparrow-earth.com/model_update
2026-02-08 14:13:06,404 [INFO] Server unreachable or empty response.
2026-02-08 14:13:06,404 [INFO] Sleeping 60s...
2026-02-08 14:14:06,438 [INFO] Checking server for model updates...
2026-02-08 14:14:06,918 [ERROR] model_update request failed: 422 Client Error: Unprocessable Entity for url: https://server.sparrow-earth.com/model_update
2026-02-08 14:14:06,919 [INFO] Server unreachable or empty response.
2026-02-08 14:14:06,919 [INFO] Sleeping 60s...
2026-02-08 14:15:06,979 [INFO] Checking server for model updates...
2026-02-08 14:15:18,499 [ERROR] model_update request failed: 422 Client Error: Unprocessable Entity for url: https://server.sparrow-earth.com/model_update
2026-02-08 14:15:18,499 [INFO] Server unreachable or empty response.
2026-02-08 14:15:18,499 [INFO] Sleeping 60s...
2026-02-08 14:16:18,531 [INFO] Checking server for model updates...
2026-02-08 14:16:19,035 [ERROR] model_update request failed: 422 Client Error: Unprocessable Entity for url: https://server.sparrow-earth.com/model_update
2026-02-08 14:16:19,035 [INFO] Server unreachable or empty response.
2026-02-08 14:16:19,036 [INFO] Sleeping 60s...
2026-02-08 14:17:19,094 [INFO] Checking server for model updates...
2026-02-08 14:17:19,551 [ERROR] model_update request failed: 422 Client Error: Unprocessable Entity for url: https://server.sparrow-earth.com/model_update
2026-02-08 14:17:19,551 [INFO] Server unreachable or empty response.
2026-02-08 14:17:19,551 [INFO] Sleeping 60s...
2026-02-08 14:18:19,583 [INFO] Checking server for model updates...
2026-02-08 14:18:20,000 [ERROR] model_update request failed: 422 Client Error: Unprocessable Entity for url: https://server.sparrow-earth.com/model_update
2026-02-08 14:18:20,001 [INFO] Server unreachable or empty response.
2026-02-08 14:18:20,001 [INFO] Sleeping 60s...
                                                                                                                                                                                                                                                                                                                                                   2026-02-09 11:41:11,332 [INFO] Loaded AUTH_KEY
2026-02-09 11:41:11,333 [INFO] Generated Hardware ID: abbe69b9814d
2026-02-09 11:41:11,333 [INFO] Generated unit_id: abbe69b9814d
2026-02-09 11:41:11,333 [INFO] Local models directory: /home/sparrow/Desktop/system/Models/tritonserver/model_repository
2026-02-09 11:43:12,574 [ERROR] Triton did not become ready in time.
2026-02-09 11:45:12,992 [ERROR] Triton not ready; skipping autoload.
2026-02-09 11:45:12,993 [INFO] Checking server for model updates...
2026-02-09 11:45:13,923 [ERROR] model_update request failed: 422 Client Error: Unprocessable Entity for url: https://server.sparrow-earth.com/model_update
2026-02-09 11:45:13,923 [INFO] Server unreachable or empty response.
2026-02-09 11:45:13,924 [INFO] Sleeping 60s...
2026-02-09 11:46:13,977 [INFO] Checking server for model updates...
2026-02-09 11:46:14,933 [ERROR] model_update request failed: 422 Client Error: Unprocessable Entity for url: https://server.sparrow-earth.com/model_update
2026-02-09 11:46:14,934 [INFO] Server unreachable or empty response.
2026-02-09 11:46:14,934 [INFO] Sleeping 60s...
2026-02-09 11:47:14,984 [INFO] Checking server for model updates...
2026-02-09 11:47:15,927 [ERROR] model_update request failed: 422 Client Error: Unprocessable Entity for url: https://server.sparrow-earth.com/model_update
2026-02-09 11:47:15,927 [INFO] Server unreachable or empty response.
2026-02-09 11:47:15,928 [INFO] Sleeping 60s...
2026-02-09 11:48:15,988 [INFO] Checking server for model updates...
2026-02-09 11:48:16,951 [ERROR] model_update request failed: 422 Client Error: Unprocessable Entity for url: https://server.sparrow-earth.com/model_update
2026-02-09 11:48:16,951 [INFO] Server unreachable or empty response.
2026-02-09 11:48:16,951 [INFO] Sleeping 60s...
2026-02-09 11:49:17,012 [INFO] Checking server for model updates...
2026-02-09 11:49:17,538 [ERROR] model_update request failed: 422 Client Error: Unprocessable Entity for url: https://server.sparrow-earth.com/model_update
2026-02-09 11:49:17,539 [INFO] Server unreachable or empty response.
2026-02-09 11:49:17,539 [INFO] Sleeping 60s...
2026-02-09 11:50:17,595 [INFO] Checking server for model updates...
2026-02-09 11:50:18,817 [ERROR] model_update request failed: 422 Client Error: Unprocessable Entity for url: https://server.sparrow-earth.com/model_update
2026-02-09 11:50:18,818 [INFO] Server unreachable or empty response.
2026-02-09 11:50:18,818 [INFO] Sleeping 60s...
2026-02-09 11:51:18,878 [INFO] Checking server for model updates...
2026-02-09 11:51:23,435 [ERROR] model_update request failed: 422 Client Error: Unprocessable Entity for url: https://server.sparrow-earth.com/model_update
2026-02-09 11:51:23,436 [INFO] Server unreachable or empty response.
2026-02-09 11:51:23,436 [INFO] Sleeping 60s...
2026-02-09 11:52:23,495 [INFO] Checking server for model updates...
2026-02-09 11:52:24,420 [ERROR] model_update request failed: 422 Client Error: Unprocessable Entity for url: https://server.sparrow-earth.com/model_update
2026-02-09 11:52:24,421 [INFO] Server unreachable or empty response.
2026-02-09 11:52:24,421 [INFO] Sleeping 60s...
2026-02-09 11:53:24,452 [INFO] Checking server for model updates...
2026-02-09 11:53:26,967 [ERROR] model_update request failed: 422 Client Error: Unprocessable Entity for url: https://server.sparrow-earth.com/model_update
2026-02-09 11:53:26,968 [INFO] Server unreachable or empty response.
2026-02-09 11:53:26,968 [INFO] Sleeping 60s...
2026-02-09 11:54:26,992 [INFO] Checking server for model updates...
2026-02-09 11:54:30,589 [ERROR] model_update request failed: 422 Client Error: Unprocessable Entity for url: https://server.sparrow-earth.com/model_update
2026-02-09 11:54:30,589 [INFO] Server unreachable or empty response.
2026-02-09 11:54:30,589 [INFO] Sleeping 60s...
2026-02-09 11:55:30,640 [INFO] Checking server for model updates...
2026-02-09 11:55:31,572 [ERROR] model_update request failed: ('Connection aborted.', RemoteDisconnected('Remote end closed connection without response'))
2026-02-09 11:55:31,572 [INFO] Server unreachable or empty response.
2026-02-09 11:55:31,572 [INFO] Sleeping 60s...
2026-02-09 11:56:31,599 [INFO] Checking server for model updates...
2026-02-09 11:56:32,577 [ERROR] model_update request failed: 422 Client Error: Unprocessable Entity for url: https://server.sparrow-earth.com/model_update
2026-02-09 11:56:32,577 [INFO] Server unreachable or empty response.
2026-02-09 11:56:32,577 [INFO] Sleeping 60s...
2026-02-09 11:57:32,636 [INFO] Checking server for model updates...
2026-02-09 11:57:33,806 [ERROR] model_update request failed: 422 Client Error: Unprocessable Entity for url: https://server.sparrow-earth.com/model_update
2026-02-09 11:57:33,807 [INFO] Server unreachable or empty response.
2026-02-09 11:57:33,807 [INFO] Sleeping 60s...
2026-02-09 11:58:33,857 [INFO] Checking server for model updates...
2026-02-09 11:58:35,332 [ERROR] model_update request failed: 422 Client Error: Unprocessable Entity for url: https://server.sparrow-earth.com/model_update
2026-02-09 11:58:35,333 [INFO] Server unreachable or empty response.
2026-02-09 11:58:35,333 [INFO] Sleeping 60s...
2026-02-09 11:59:35,391 [INFO] Checking server for model updates...
2026-02-09 11:59:37,064 [ERROR] model_update request failed: 422 Client Error: Unprocessable Entity for url: https://server.sparrow-earth.com/model_update
2026-02-09 11:59:37,065 [INFO] Server unreachable or empty response.
2026-02-09 11:59:37,065 [INFO] Sleeping 60s...
2026-02-09 12:00:37,123 [INFO] Checking server for model updates...
2026-02-09 12:00:38,430 [ERROR] model_update request failed: 422 Client Error: Unprocessable Entity for url: https://server.sparrow-earth.com/model_update
2026-02-09 12:00:38,430 [INFO] Server unreachable or empty response.
2026-02-09 12:00:38,430 [INFO] Sleeping 60s...
2026-02-09 12:01:38,475 [INFO] Checking server for model updates...
2026-02-09 12:01:39,447 [ERROR] model_update request failed: 422 Client Error: Unprocessable Entity for url: https://server.sparrow-earth.com/model_update
2026-02-09 12:01:39,448 [INFO] Server unreachable or empty response.
2026-02-09 12:01:39,448 [INFO] Sleeping 60s...
2026-02-09 12:02:39,502 [INFO] Checking server for model updates...
2026-02-09 12:02:40,159 [ERROR] model_update request failed: 422 Client Error: Unprocessable Entity for url: https://server.sparrow-earth.com/model_update
2026-02-09 12:02:40,159 [INFO] Server unreachable or empty response.
2026-02-09 12:02:40,160 [INFO] Sleeping 60s...
2026-02-09 12:03:40,202 [INFO] Checking server for model updates...
2026-02-09 12:03:41,043 [ERROR] model_update request failed: 422 Client Error: Unprocessable Entity for url: https://server.sparrow-earth.com/model_update
2026-02-09 12:03:41,043 [INFO] Server unreachable or empty response.
2026-02-09 12:03:41,043 [INFO] Sleeping 60s...
2026-02-09 12:04:41,072 [INFO] Checking server for model updates...
2026-02-09 12:04:41,881 [ERROR] model_update request failed: 422 Client Error: Unprocessable Entity for url: https://server.sparrow-earth.com/model_update
2026-02-09 12:04:41,882 [INFO] Server unreachable or empty response.
2026-02-09 12:04:41,882 [INFO] Sleeping 60s...
2026-02-09 12:05:41,940 [INFO] Checking server for model updates...
2026-02-09 12:05:42,973 [ERROR] model_update request failed: 422 Client Error: Unprocessable Entity for url: https://server.sparrow-earth.com/model_update
2026-02-09 12:05:42,973 [INFO] Server unreachable or empty response.
2026-02-09 12:05:42,973 [INFO] Sleeping 60s...
2026-02-09 12:06:43,003 [INFO] Checking server for model updates...
2026-02-09 12:06:44,830 [ERROR] model_update request failed: 422 Client Error: Unprocessable Entity for url: https://server.sparrow-earth.com/model_update
2026-02-09 12:06:44,830 [INFO] Server unreachable or empty response.
2026-02-09 12:06:44,830 [INFO] Sleeping 60s...
2026-02-09 12:07:44,890 [INFO] Checking server for model updates...
2026-02-09 12:07:45,815 [ERROR] model_update request failed: 422 Client Error: Unprocessable Entity for url: https://server.sparrow-earth.com/model_update
2026-02-09 12:07:45,815 [INFO] Server unreachable or empty response.
2026-02-09 12:07:45,815 [INFO] Sleeping 60s...
2026-02-09 12:08:45,861 [INFO] Checking server for model updates...
2026-02-09 12:08:47,759 [ERROR] model_update request failed: 422 Client Error: Unprocessable Entity for url: https://server.sparrow-earth.com/model_update
2026-02-09 12:08:47,759 [INFO] Server unreachable or empty response.
2026-02-09 12:08:47,760 [INFO] Sleeping 60s...
2026-02-09 12:09:47,815 [INFO] Checking server for model updates...
2026-02-09 12:09:48,887 [ERROR] model_update request failed: 422 Client Error: Unprocessable Entity for url: https://server.sparrow-earth.com/model_update
2026-02-09 12:09:48,887 [INFO] Server unreachable or empty response.
2026-02-09 12:09:48,888 [INFO] Sleeping 60s...
2026-02-09 12:10:48,948 [INFO] Checking server for model updates...
2026-02-09 12:10:50,783 [ERROR] model_update request failed: 422 Client Error: Unprocessable Entity for url: https://server.sparrow-earth.com/model_update
2026-02-09 12:10:50,784 [INFO] Server unreachable or empty response.
2026-02-09 12:10:50,784 [INFO] Sleeping 60s...
2026-02-09 12:11:50,844 [INFO] Checking server for model updates...
2026-02-09 12:11:53,190 [ERROR] model_update request failed: 422 Client Error: Unprocessable Entity for url: https://server.sparrow-earth.com/model_update
2026-02-09 12:11:53,191 [INFO] Server unreachable or empty response.
2026-02-09 12:11:53,191 [INFO] Sleeping 60s...
2026-02-09 12:12:53,247 [INFO] Checking server for model updates...
2026-02-09 12:12:55,239 [ERROR] model_update request failed: 422 Client Error: Unprocessable Entity for url: https://server.sparrow-earth.com/model_update
2026-02-09 12:12:55,241 [INFO] Server unreachable or empty response.
2026-02-09 12:12:55,241 [INFO] Sleeping 60s...
2026-02-09 12:13:26,545 [INFO] Loaded AUTH_KEY
2026-02-09 12:13:26,545 [INFO] Generated Hardware ID: abbe69b9814d
2026-02-09 12:13:26,545 [INFO] Generated unit_id: abbe69b9814d
2026-02-09 12:13:26,545 [INFO] Local models directory: /home/sparrow/Desktop/system/Models/tritonserver/model_repository
2026-02-09 12:15:27,260 [ERROR] Triton did not become ready in time.
2026-02-09 12:17:27,632 [ERROR] Triton not ready; skipping autoload.
2026-02-09 12:17:27,632 [INFO] Checking server for model updates...
2026-02-09 12:17:28,666 [ERROR] model_update request failed: 422 Client Error: Unprocessable Entity for url: https://server.sparrow-earth.com/model_update
2026-02-09 12:17:28,667 [INFO] Server unreachable or empty response.
2026-02-09 12:17:28,667 [INFO] Sleeping 60s...
2026-02-09 12:18:28,723 [INFO] Checking server for model updates...
2026-02-09 12:18:29,649 [ERROR] model_update request failed: 422 Client Error: Unprocessable Entity for url: https://server.sparrow-earth.com/model_update
2026-02-09 12:18:29,649 [INFO] Server unreachable or empty response.
2026-02-09 12:18:29,650 [INFO] Sleeping 60s...
2026-02-09 12:19:29,704 [INFO] Checking server for model updates...
2026-02-09 12:19:30,779 [ERROR] model_update request failed: 422 Client Error: Unprocessable Entity for url: https://server.sparrow-earth.com/model_update
2026-02-09 12:19:30,780 [INFO] Server unreachable or empty response.
2026-02-09 12:19:30,780 [INFO] Sleeping 60s...
2026-02-09 12:20:30,811 [INFO] Checking server for model updates...
2026-02-09 12:20:31,325 [ERROR] model_update request failed: ('Connection aborted.', RemoteDisconnected('Remote end closed connection without response'))
2026-02-09 12:20:31,325 [INFO] Server unreachable or empty response.
2026-02-09 12:20:31,325 [INFO] Sleeping 60s...
2026-02-09 12:21:31,384 [INFO] Checking server for model updates...
2026-02-09 12:21:32,596 [ERROR] model_update request failed: 422 Client Error: Unprocessable Entity for url: https://server.sparrow-earth.com/model_update
2026-02-09 12:21:32,597 [INFO] Server unreachable or empty response.
2026-02-09 12:21:32,597 [INFO] Sleeping 60s...
2026-02-09 12:22:32,644 [INFO] Checking server for model updates...
2026-02-09 12:22:33,662 [ERROR] model_update request failed: 422 Client Error: Unprocessable Entity for url: https://server.sparrow-earth.com/model_update
2026-02-09 12:22:33,662 [INFO] Server unreachable or empty response.
2026-02-09 12:22:33,662 [INFO] Sleeping 60s...
2026-02-09 12:23:33,720 [INFO] Checking server for model updates...
2026-02-09 12:23:36,046 [ERROR] model_update request failed: 422 Client Error: Unprocessable Entity for url: https://server.sparrow-earth.com/model_update
2026-02-09 12:23:36,047 [INFO] Server unreachable or empty response.
2026-02-09 12:23:36,047 [INFO] Sleeping 60s...
2026-02-09 12:24:36,104 [INFO] Checking server for model updates...
2026-02-09 12:24:37,065 [ERROR] model_update request failed: 422 Client Error: Unprocessable Entity for url: https://server.sparrow-earth.com/model_update
2026-02-09 12:24:37,066 [INFO] Server unreachable or empty response.
2026-02-09 12:24:37,066 [INFO] Sleeping 60s...
2026-02-09 12:25:37,124 [INFO] Checking server for model updates...
2026-02-09 12:25:38,501 [ERROR] model_update request failed: ('Connection aborted.', RemoteDisconnected('Remote end closed connection without response'))
2026-02-09 12:25:38,501 [INFO] Server unreachable or empty response.
2026-02-09 12:25:38,501 [INFO] Sleeping 60s...
2026-02-09 12:26:38,554 [INFO] Checking server for model updates...
2026-02-09 12:26:39,439 [ERROR] model_update request failed: ('Connection aborted.', RemoteDisconnected('Remote end closed connection without response'))
2026-02-09 12:26:39,440 [INFO] Server unreachable or empty response.
2026-02-09 12:26:39,440 [INFO] Sleeping 60s...
2026-02-09 12:27:39,455 [INFO] Checking server for model updates...
2026-02-09 12:27:40,416 [ERROR] model_update request failed: 422 Client Error: Unprocessable Entity for url: https://server.sparrow-earth.com/model_update
2026-02-09 12:27:40,417 [INFO] Server unreachable or empty response.
2026-02-09 12:27:40,417 [INFO] Sleeping 60s...
2026-02-09 12:28:40,424 [INFO] Checking server for model updates...
2026-02-09 12:28:41,536 [ERROR] model_update request failed: 422 Client Error: Unprocessable Entity for url: https://server.sparrow-earth.com/model_update
2026-02-09 12:28:41,536 [INFO] Server unreachable or empty response.
2026-02-09 12:28:41,536 [INFO] Sleeping 60s...
2026-02-09 12:29:41,592 [INFO] Checking server for model updates...
2026-02-09 12:29:43,439 [ERROR] model_update request failed: ('Connection aborted.', RemoteDisconnected('Remote end closed connection without response'))
2026-02-09 12:29:43,439 [INFO] Server unreachable or empty response.
2026-02-09 12:29:43,440 [INFO] Sleeping 60s...
2026-02-09 12:30:43,488 [INFO] Checking server for model updates...
2026-02-09 12:30:46,434 [ERROR] model_update request failed: 422 Client Error: Unprocessable Entity for url: https://server.sparrow-earth.com/model_update
2026-02-09 12:30:46,435 [INFO] Server unreachable or empty response.
2026-02-09 12:30:46,435 [INFO] Sleeping 60s...
2026-02-09 12:31:46,489 [INFO] Checking server for model updates...
2026-02-09 12:31:48,043 [ERROR] model_update request failed: 422 Client Error: Unprocessable Entity for url: https://server.sparrow-earth.com/model_update
2026-02-09 12:31:48,044 [INFO] Server unreachable or empty response.
2026-02-09 12:31:48,044 [INFO] Sleeping 60s...
2026-02-09 12:32:48,077 [INFO] Checking server for model updates...
2026-02-09 12:32:50,212 [ERROR] model_update request failed: 422 Client Error: Unprocessable Entity for url: https://server.sparrow-earth.com/model_update
2026-02-09 12:32:50,213 [INFO] Server unreachable or empty response.
2026-02-09 12:32:50,213 [INFO] Sleeping 60s...
2026-02-09 12:33:50,228 [INFO] Checking server for model updates...
2026-02-09 12:33:53,220 [ERROR] model_update request failed: 422 Client Error: Unprocessable Entity for url: https://server.sparrow-earth.com/model_update
2026-02-09 12:33:53,221 [INFO] Server unreachable or empty response.
2026-02-09 12:33:53,221 [INFO] Sleeping 60s...
2026-02-09 12:34:53,235 [INFO] Checking server for model updates...
2026-02-09 12:34:53,974 [ERROR] model_update request failed: 422 Client Error: Unprocessable Entity for url: https://server.sparrow-earth.com/model_update
2026-02-09 12:34:53,974 [INFO] Server unreachable or empty response.
2026-02-09 12:34:53,974 [INFO] Sleeping 60s...
2026-02-09 12:35:54,022 [INFO] Checking server for model updates...
2026-02-09 12:36:29,235 [ERROR] model_update request failed: HTTPSConnectionPool(host='server.sparrow-earth.com', port=443): Max retries exceeded with url: /model_update (Caused by NameResolutionError("<urllib3.connection.HTTPSConnection object at 0x7ffed16498a0>: Failed to resolve 'server.sparrow-earth.com' ([Errno -3] Temporary failure in name resolution)"))
2026-02-09 12:36:29,235 [INFO] Server unreachable or empty response.
2026-02-09 12:36:29,235 [INFO] Sleeping 60s...
2026-02-09 12:37:29,296 [INFO] Checking server for model updates...
2026-02-09 12:37:57,203 [ERROR] model_update request failed: HTTPSConnectionPool(host='server.sparrow-earth.com', port=443): Max retries exceeded with url: /model_update (Caused by NameResolutionError("<urllib3.connection.HTTPSConnection object at 0x7ffed1648760>: Failed to resolve 'server.sparrow-earth.com' ([Errno -3] Temporary failure in name resolution)"))
2026-02-09 12:37:57,203 [INFO] Server unreachable or empty response.
2026-02-09 12:37:57,204 [INFO] Sleeping 60s...
2026-02-09 12:38:57,264 [INFO] Checking server for model updates...
2026-02-09 12:38:58,833 [ERROR] model_update request failed: 422 Client Error: Unprocessable Entity for url: https://server.sparrow-earth.com/model_update
2026-02-09 12:38:58,833 [INFO] Server unreachable or empty response.
2026-02-09 12:38:58,834 [INFO] Sleeping 60s...
2026-02-09 12:39:58,844 [INFO] Checking server for model updates...
2026-02-09 12:40:00,362 [ERROR] model_update request failed: 422 Client Error: Unprocessable Entity for url: https://server.sparrow-earth.com/model_update
2026-02-09 12:40:00,362 [INFO] Server unreachable or empty response.
2026-02-09 12:40:00,362 [INFO] Sleeping 60s...
2026-02-09 12:41:00,364 [INFO] Checking server for model updates...
2026-02-09 12:41:01,322 [ERROR] model_update request failed: 422 Client Error: Unprocessable Entity for url: https://server.sparrow-earth.com/model_update
2026-02-09 12:41:01,323 [INFO] Server unreachable or empty response.
2026-02-09 12:41:01,323 [INFO] Sleeping 60s...
2026-02-09 12:42:01,344 [INFO] Checking server for model updates...
2026-02-09 12:42:11,358 [ERROR] model_update request failed: 422 Client Error: Unprocessable Entity for url: https://server.sparrow-earth.com/model_update
2026-02-09 12:42:11,359 [INFO] Server unreachable or empty response.
2026-02-09 12:42:11,359 [INFO] Sleeping 60s...
2026-02-09 12:43:11,419 [INFO] Checking server for model updates...
2026-02-09 12:43:13,273 [ERROR] model_update request failed: 422 Client Error: Unprocessable Entity for url: https://server.sparrow-earth.com/model_update
2026-02-09 12:43:13,273 [INFO] Server unreachable or empty response.
2026-02-09 12:43:13,273 [INFO] Sleeping 60s...
2026-02-09 12:44:13,327 [INFO] Checking server for model updates...
2026-02-09 12:44:14,614 [ERROR] model_update request failed: 422 Client Error: Unprocessable Entity for url: https://server.sparrow-earth.com/model_update
2026-02-09 12:44:14,615 [INFO] Server unreachable or empty response.
2026-02-09 12:44:14,615 [INFO] Sleeping 60s...
2026-02-09 12:45:14,675 [INFO] Checking server for model updates...
2026-02-09 12:45:15,736 [ERROR] model_update request failed: 422 Client Error: Unprocessable Entity for url: https://server.sparrow-earth.com/model_update
2026-02-09 12:45:15,736 [INFO] Server unreachable or empty response.
2026-02-09 12:45:15,736 [INFO] Sleeping 60s...
2026-02-09 12:46:15,795 [INFO] Checking server for model updates...
2026-02-09 12:46:16,841 [ERROR] model_update request failed: 422 Client Error: Unprocessable Entity for url: https://server.sparrow-earth.com/model_update
2026-02-09 12:46:16,842 [INFO] Server unreachable or empty response.
2026-02-09 12:46:16,842 [INFO] Sleeping 60s...
2026-02-09 12:47:16,844 [INFO] Checking server for model updates...
2026-02-09 12:47:17,419 [ERROR] model_update request failed: 422 Client Error: Unprocessable Entity for url: https://server.sparrow-earth.com/model_update
2026-02-09 12:47:17,419 [INFO] Server unreachable or empty response.
2026-02-09 12:47:17,419 [INFO] Sleeping 60s...
2026-02-09 12:48:17,438 [INFO] Checking server for model updates...
2026-02-09 12:48:18,304 [ERROR] model_update request failed: 422 Client Error: Unprocessable Entity for url: https://server.sparrow-earth.com/model_update
2026-02-09 12:48:18,304 [INFO] Server unreachable or empty response.
2026-02-09 12:48:18,304 [INFO] Sleeping 60s...
2026-02-09 12:49:18,355 [INFO] Checking server for model updates...
2026-02-09 12:49:19,487 [ERROR] model_update request failed: 422 Client Error: Unprocessable Entity for url: https://server.sparrow-earth.com/model_update
2026-02-09 12:49:19,488 [INFO] Server unreachable or empty response.
2026-02-09 12:49:19,488 [INFO] Sleeping 60s...
2026-02-09 12:50:19,511 [INFO] Checking server for model updates...
2026-02-09 12:50:21,363 [ERROR] model_update request failed: 422 Client Error: Unprocessable Entity for url: https://server.sparrow-earth.com/model_update
2026-02-09 12:50:21,364 [INFO] Server unreachable or empty response.
2026-02-09 12:50:21,364 [INFO] Sleeping 60s...
2026-02-09 12:51:21,418 [INFO] Checking server for model updates...
2026-02-09 12:51:23,224 [ERROR] model_update request failed: 422 Client Error: Unprocessable Entity for url: https://server.sparrow-earth.com/model_update
2026-02-09 12:51:23,224 [INFO] Server unreachable or empty response.
2026-02-09 12:51:23,224 [INFO] Sleeping 60s...
2026-02-09 12:52:23,231 [INFO] Checking server for model updates...
2026-02-09 12:52:25,798 [ERROR] model_update request failed: ('Connection aborted.', RemoteDisconnected('Remote end closed connection without response'))
2026-02-09 12:52:25,798 [INFO] Server unreachable or empty response.
2026-02-09 12:52:25,798 [INFO] Sleeping 60s...
2026-02-09 12:53:25,804 [INFO] Checking server for model updates...
2026-02-09 12:53:47,827 [ERROR] model_update request failed: HTTPSConnectionPool(host='server.sparrow-earth.com', port=443): Max retries exceeded with url: /model_update (Caused by NameResolutionError("<urllib3.connection.HTTPSConnection object at 0x7ffed17eedd0>: Failed to resolve 'server.sparrow-earth.com' ([Errno -3] Temporary failure in name resolution)"))
2026-02-09 12:53:47,827 [INFO] Server unreachable or empty response.
2026-02-09 12:53:47,828 [INFO] Sleeping 60s...
2026-02-09 12:54:47,888 [INFO] Checking server for model updates...
2026-02-09 12:55:12,627 [ERROR] model_update request failed: HTTPSConnectionPool(host='server.sparrow-earth.com', port=443): Max retries exceeded with url: /model_update (Caused by NameResolutionError("<urllib3.connection.HTTPSConnection object at 0x7ffed164b490>: Failed to resolve 'server.sparrow-earth.com' ([Errno -3] Temporary failure in name resolution)"))
2026-02-09 12:55:12,627 [INFO] Server unreachable or empty response.
2026-02-09 12:55:12,628 [INFO] Sleeping 60s...
2026-02-09 12:56:12,659 [INFO] Checking server for model updates...
2026-02-09 12:56:42,419 [ERROR] model_update request failed: HTTPSConnectionPool(host='server.sparrow-earth.com', port=443): Max retries exceeded with url: /model_update (Caused by NameResolutionError("<urllib3.connection.HTTPSConnection object at 0x7ffed16490f0>: Failed to resolve 'server.sparrow-earth.com' ([Errno -3] Temporary failure in name resolution)"))
2026-02-09 12:56:42,419 [INFO] Server unreachable or empty response.
2026-02-09 12:56:42,420 [INFO] Sleeping 60s...
2026-02-09 12:57:42,464 [INFO] Checking server for model updates...
2026-02-09 12:58:17,235 [ERROR] model_update request failed: HTTPSConnectionPool(host='server.sparrow-earth.com', port=443): Max retries exceeded with url: /model_update (Caused by NameResolutionError("<urllib3.connection.HTTPSConnection object at 0x7ffed164a5c0>: Failed to resolve 'server.sparrow-earth.com' ([Errno -3] Temporary failure in name resolution)"))
2026-02-09 12:58:17,235 [INFO] Server unreachable or empty response.
2026-02-09 12:58:17,235 [INFO] Sleeping 60s...
2026-02-09 12:59:17,284 [INFO] Checking server for model updates...
2026-02-09 12:59:45,043 [ERROR] model_update request failed: HTTPSConnectionPool(host='server.sparrow-earth.com', port=443): Max retries exceeded with url: /model_update (Caused by NameResolutionError("<urllib3.connection.HTTPSConnection object at 0x7ffed17eec20>: Failed to resolve 'server.sparrow-earth.com' ([Errno -3] Temporary failure in name resolution)"))
2026-02-09 12:59:45,044 [INFO] Server unreachable or empty response.
2026-02-09 12:59:45,044 [INFO] Sleeping 60s...
2026-02-09 13:00:45,064 [INFO] Checking server for model updates...
2026-02-09 13:01:06,919 [ERROR] model_update request failed: HTTPSConnectionPool(host='server.sparrow-earth.com', port=443): Max retries exceeded with url: /model_update (Caused by NameResolutionError("<urllib3.connection.HTTPSConnection object at 0x7ffed17ef010>: Failed to resolve 'server.sparrow-earth.com' ([Errno -3] Temporary failure in name resolution)"))
2026-02-09 13:01:06,919 [INFO] Server unreachable or empty response.
2026-02-09 13:01:06,919 [INFO] Sleeping 60s...
2026-02-09 13:02:06,931 [INFO] Checking server for model updates...
2026-02-09 13:02:07,931 [ERROR] model_update request failed: 422 Client Error: Unprocessable Entity for url: https://server.sparrow-earth.com/model_update
2026-02-09 13:02:07,931 [INFO] Server unreachable or empty response.
2026-02-09 13:02:07,931 [INFO] Sleeping 60s...
2026-02-09 13:03:07,946 [INFO] Checking server for model updates...
2026-02-09 13:03:08,907 [ERROR] model_update request failed: 422 Client Error: Unprocessable Entity for url: https://server.sparrow-earth.com/model_update
2026-02-09 13:03:08,908 [INFO] Server unreachable or empty response.
2026-02-09 13:03:08,908 [INFO] Sleeping 60s...
2026-02-09 13:04:08,968 [INFO] Checking server for model updates...
2026-02-09 13:04:09,976 [ERROR] model_update request failed: 422 Client Error: Unprocessable Entity for url: https://server.sparrow-earth.com/model_update
2026-02-09 13:04:09,976 [INFO] Server unreachable or empty response.
2026-02-09 13:04:09,976 [INFO] Sleeping 60s...
2026-02-09 13:05:10,572 [INFO] Checking server for model updates...
2026-02-09 13:05:12,888 [ERROR] model_update request failed: 422 Client Error: Unprocessable Entity for url: https://server.sparrow-earth.com/model_update
2026-02-09 13:05:12,889 [INFO] Server unreachable or empty response.
2026-02-09 13:05:12,889 [INFO] Sleeping 60s...
2026-02-09 13:06:12,945 [INFO] Checking server for model updates...
2026-02-09 13:06:16,369 [ERROR] model_update request failed: 422 Client Error: Unprocessable Entity for url: https://server.sparrow-earth.com/model_update
2026-02-09 13:06:16,370 [INFO] Server unreachable or empty response.
2026-02-09 13:06:16,370 [INFO] Sleeping 60s...
2026-02-09 13:07:16,405 [INFO] Checking server for model updates...
2026-02-09 13:07:17,961 [ERROR] model_update request failed: 422 Client Error: Unprocessable Entity for url: https://server.sparrow-earth.com/model_update
2026-02-09 13:07:17,962 [INFO] Server unreachable or empty response.
2026-02-09 13:07:17,962 [INFO] Sleeping 60s...
2026-02-09 13:08:18,018 [INFO] Checking server for model updates...
2026-02-09 13:08:19,919 [ERROR] model_update request failed: 422 Client Error: Unprocessable Entity for url: https://server.sparrow-earth.com/model_update
2026-02-09 13:08:19,919 [INFO] Server unreachable or empty response.
2026-02-09 13:08:19,919 [INFO] Sleeping 60s...
2026-02-09 13:09:19,979 [INFO] Checking server for model updates...
2026-02-09 13:09:21,796 [ERROR] model_update request failed: 422 Client Error: Unprocessable Entity for url: https://server.sparrow-earth.com/model_update
2026-02-09 13:09:21,796 [INFO] Server unreachable or empty response.
2026-02-09 13:09:21,796 [INFO] Sleeping 60s...
2026-02-09 13:10:21,856 [INFO] Checking server for model updates...
2026-02-09 13:10:46,928 [ERROR] model_update request failed: HTTPSConnectionPool(host='server.sparrow-earth.com', port=443): Max retries exceeded with url: /model_update (Caused by NameResolutionError("<urllib3.connection.HTTPSConnection object at 0x7ffed17eea10>: Failed to resolve 'server.sparrow-earth.com' ([Errno -3] Temporary failure in name resolution)"))
2026-02-09 13:10:46,928 [INFO] Server unreachable or empty response.
2026-02-09 13:10:46,928 [INFO] Sleeping 60s...
2026-02-09 13:11:46,988 [INFO] Checking server for model updates...
2026-02-09 13:12:14,384 [ERROR] model_update request failed: HTTPSConnectionPool(host='server.sparrow-earth.com', port=443): Max retries exceeded with url: /model_update (Caused by NameResolutionError("<urllib3.connection.HTTPSConnection object at 0x7ffed164a4a0>: Failed to resolve 'server.sparrow-earth.com' ([Errno -3] Temporary failure in name resolution)"))
2026-02-09 13:12:14,384 [INFO] Server unreachable or empty response.
2026-02-09 13:12:14,384 [INFO] Sleeping 60s...
2026-02-09 13:13:14,385 [INFO] Checking server for model updates...
2026-02-09 13:13:43,376 [ERROR] model_update request failed: HTTPSConnectionPool(host='server.sparrow-earth.com', port=443): Max retries exceeded with url: /model_update (Caused by NameResolutionError("<urllib3.connection.HTTPSConnection object at 0x7ffed1649b10>: Failed to resolve 'server.sparrow-earth.com' ([Errno -3] Temporary failure in name resolution)"))
2026-02-09 13:13:43,376 [INFO] Server unreachable or empty response.
2026-02-09 13:13:43,376 [INFO] Sleeping 60s...
2026-02-09 13:14:43,420 [INFO] Checking server for model updates...
2026-02-09 13:14:43,923 [ERROR] model_update request failed: 422 Client Error: Unprocessable Entity for url: https://server.sparrow-earth.com/model_update
2026-02-09 13:14:43,923 [INFO] Server unreachable or empty response.
2026-02-09 13:14:43,923 [INFO] Sleeping 60s...
2026-02-09 13:15:43,963 [INFO] Checking server for model updates...
2026-02-09 13:15:44,503 [ERROR] model_update request failed: 422 Client Error: Unprocessable Entity for url: https://server.sparrow-earth.com/model_update
2026-02-09 13:15:44,504 [INFO] Server unreachable or empty response.
2026-02-09 13:15:44,504 [INFO] Sleeping 60s...
2026-02-09 13:16:44,563 [INFO] Checking server for model updates...
2026-02-09 13:16:45,376 [ERROR] model_update request failed: 422 Client Error: Unprocessable Entity for url: https://server.sparrow-earth.com/model_update
2026-02-09 13:16:45,377 [INFO] Server unreachable or empty response.
2026-02-09 13:16:45,377 [INFO] Sleeping 60s...
2026-02-09 13:17:45,437 [INFO] Checking server for model updates...
2026-02-09 13:17:46,037 [ERROR] model_update request failed: 422 Client Error: Unprocessable Entity for url: https://server.sparrow-earth.com/model_update
2026-02-09 13:17:46,037 [INFO] Server unreachable or empty response.
2026-02-09 13:17:46,038 [INFO] Sleeping 60s...
2026-02-09 13:18:46,059 [INFO] Checking server for model updates...
2026-02-09 13:18:46,866 [ERROR] model_update request failed: 422 Client Error: Unprocessable Entity for url: https://server.sparrow-earth.com/model_update
2026-02-09 13:18:46,867 [INFO] Server unreachable or empty response.
2026-02-09 13:18:46,867 [INFO] Sleeping 60s...
2026-02-09 13:19:46,896 [INFO] Checking server for model updates...
2026-02-09 13:19:47,748 [ERROR] model_update request failed: 422 Client Error: Unprocessable Entity for url: https://server.sparrow-earth.com/model_update
2026-02-09 13:19:47,748 [INFO] Server unreachable or empty response.
2026-02-09 13:19:47,748 [INFO] Sleeping 60s...
2026-02-09 13:20:47,807 [INFO] Checking server for model updates...
2026-02-09 13:20:49,684 [ERROR] model_update request failed: 422 Client Error: Unprocessable Entity for url: https://server.sparrow-earth.com/model_update
2026-02-09 13:20:49,684 [INFO] Server unreachable or empty response.
2026-02-09 13:20:49,684 [INFO] Sleeping 60s...
2026-02-09 13:21:49,732 [INFO] Checking server for model updates...
2026-02-09 13:21:52,098 [ERROR] model_update request failed: 422 Client Error: Unprocessable Entity for url: https://server.sparrow-earth.com/model_update
2026-02-09 13:21:52,099 [INFO] Server unreachable or empty response.
2026-02-09 13:21:52,099 [INFO] Sleeping 60s...
2026-02-09 13:22:52,150 [INFO] Checking server for model updates...
2026-02-09 13:22:54,361 [ERROR] model_update request failed: 422 Client Error: Unprocessable Entity for url: https://server.sparrow-earth.com/model_update
2026-02-09 13:22:54,361 [INFO] Server unreachable or empty response.
2026-02-09 13:22:54,361 [INFO] Sleeping 60s...
2026-02-09 13:23:54,385 [INFO] Checking server for model updates...
2026-02-09 13:23:56,000 [ERROR] model_update request failed: 422 Client Error: Unprocessable Entity for url: https://server.sparrow-earth.com/model_update
2026-02-09 13:23:56,001 [INFO] Server unreachable or empty response.
2026-02-09 13:23:56,001 [INFO] Sleeping 60s...
2026-02-09 13:24:56,046 [INFO] Checking server for model updates...
2026-02-09 13:24:59,461 [ERROR] model_update request failed: 422 Client Error: Unprocessable Entity for url: https://server.sparrow-earth.com/model_update
2026-02-09 13:24:59,461 [INFO] Server unreachable or empty response.
2026-02-09 13:24:59,462 [INFO] Sleeping 60s...
2026-02-09 13:25:59,470 [INFO] Checking server for model updates...
2026-02-09 13:26:02,538 [ERROR] model_update request failed: 422 Client Error: Unprocessable Entity for url: https://server.sparrow-earth.com/model_update
2026-02-09 13:26:02,539 [INFO] Server unreachable or empty response.
2026-02-09 13:26:02,539 [INFO] Sleeping 60s...
2026-02-09 13:27:02,540 [INFO] Checking server for model updates...
2026-02-09 13:27:04,582 [ERROR] model_update request failed: 422 Client Error: Unprocessable Entity for url: https://server.sparrow-earth.com/model_update
2026-02-09 13:27:04,584 [INFO] Server unreachable or empty response.
2026-02-09 13:27:04,584 [INFO] Sleeping 60s...
2026-02-09 13:28:04,592 [INFO] Checking server for model updates...
2026-02-09 13:28:05,651 [ERROR] model_update request failed: 422 Client Error: Unprocessable Entity for url: https://server.sparrow-earth.com/model_update
2026-02-09 13:28:05,651 [INFO] Server unreachable or empty response.
2026-02-09 13:28:05,651 [INFO] Sleeping 60s...
2026-02-09 13:29:05,700 [INFO] Checking server for model updates...
2026-02-09 13:29:07,947 [ERROR] model_update request failed: ('Connection aborted.', ConnectionResetError(104, 'Connection reset by peer'))
2026-02-09 13:29:07,947 [INFO] Server unreachable or empty response.
2026-02-09 13:29:07,947 [INFO] Sleeping 60s...
2026-02-09 13:30:08,006 [INFO] Checking server for model updates...
2026-02-09 13:30:28,720 [ERROR] model_update request failed: HTTPSConnectionPool(host='server.sparrow-earth.com', port=443): Max retries exceeded with url: /model_update (Caused by NameResolutionError("<urllib3.connection.HTTPSConnection object at 0x7ffed17ef6d0>: Failed to resolve 'server.sparrow-earth.com' ([Errno -3] Temporary failure in name resolution)"))
2026-02-09 13:30:28,720 [INFO] Server unreachable or empty response.
2026-02-09 13:30:28,720 [INFO] Sleeping 60s...
2026-02-09 13:31:28,725 [INFO] Checking server for model updates...
2026-02-09 13:31:49,104 [ERROR] model_update request failed: HTTPSConnectionPool(host='server.sparrow-earth.com', port=443): Max retries exceeded with url: /model_update (Caused by NameResolutionError("<urllib3.connection.HTTPSConnection object at 0x7ffed164bdc0>: Failed to resolve 'server.sparrow-earth.com' ([Errno -3] Temporary failure in name resolution)"))
2026-02-09 13:31:49,104 [INFO] Server unreachable or empty response.
2026-02-09 13:31:49,104 [INFO] Sleeping 60s...
2026-02-09 13:32:49,165 [INFO] Checking server for model updates...
2026-02-09 13:33:08,624 [ERROR] model_update request failed: HTTPSConnectionPool(host='server.sparrow-earth.com', port=443): Max retries exceeded with url: /model_update (Caused by NameResolutionError("<urllib3.connection.HTTPSConnection object at 0x7ffed16481f0>: Failed to resolve 'server.sparrow-earth.com' ([Errno -3] Temporary failure in name resolution)"))
2026-02-09 13:33:08,625 [INFO] Server unreachable or empty response.
2026-02-09 13:33:08,625 [INFO] Sleeping 60s...
2026-02-09 13:34:08,645 [INFO] Checking server for model updates...
2026-02-09 13:34:32,944 [ERROR] model_update request failed: HTTPSConnectionPool(host='server.sparrow-earth.com', port=443): Max retries exceeded with url: /model_update (Caused by NameResolutionError("<urllib3.connection.HTTPSConnection object at 0x7ffed1648550>: Failed to resolve 'server.sparrow-earth.com' ([Errno -3] Temporary failure in name resolution)"))
2026-02-09 13:34:32,944 [INFO] Server unreachable or empty response.
2026-02-09 13:34:32,944 [INFO] Sleeping 60s...
2026-02-09 13:35:32,976 [INFO] Checking server for model updates...
2026-02-09 13:35:54,960 [ERROR] model_update request failed: HTTPSConnectionPool(host='server.sparrow-earth.com', port=443): Max retries exceeded with url: /model_update (Caused by NameResolutionError("<urllib3.connection.HTTPSConnection object at 0x7ffed17eee60>: Failed to resolve 'server.sparrow-earth.com' ([Errno -3] Temporary failure in name resolution)"))
2026-02-09 13:35:54,960 [INFO] Server unreachable or empty response.
2026-02-09 13:35:54,961 [INFO] Sleeping 60s...
2026-02-09 13:36:55,001 [INFO] Checking server for model updates...
2026-02-09 13:37:18,224 [ERROR] model_update request failed: HTTPSConnectionPool(host='server.sparrow-earth.com', port=443): Max retries exceeded with url: /model_update (Caused by NameResolutionError("<urllib3.connection.HTTPSConnection object at 0x7ffed17eee00>: Failed to resolve 'server.sparrow-earth.com' ([Errno -3] Temporary failure in name resolution)"))
2026-02-09 13:37:18,224 [INFO] Server unreachable or empty response.
2026-02-09 13:37:18,224 [INFO] Sleeping 60s...
2026-02-09 13:38:18,284 [INFO] Checking server for model updates...
2026-02-09 13:38:39,088 [ERROR] model_update request failed: HTTPSConnectionPool(host='server.sparrow-earth.com', port=443): Max retries exceeded with url: /model_update (Caused by NameResolutionError("<urllib3.connection.HTTPSConnection object at 0x7ffed17efee0>: Failed to resolve 'server.sparrow-earth.com' ([Errno -3] Temporary failure in name resolution)"))
2026-02-09 13:38:39,088 [INFO] Server unreachable or empty response.
2026-02-09 13:38:39,088 [INFO] Sleeping 60s...
2026-02-09 13:39:39,105 [INFO] Checking server for model updates...
2026-02-09 13:39:57,744 [ERROR] model_update request failed: HTTPSConnectionPool(host='server.sparrow-earth.com', port=443): Max retries exceeded with url: /model_update (Caused by NameResolutionError("<urllib3.connection.HTTPSConnection object at 0x7ffed164a500>: Failed to resolve 'server.sparrow-earth.com' ([Errno -3] Temporary failure in name resolution)"))
2026-02-09 13:39:57,745 [INFO] Server unreachable or empty response.
2026-02-09 13:39:57,745 [INFO] Sleeping 60s...
2026-02-09 13:40:57,747 [INFO] Checking server for model updates...
2026-02-09 13:41:17,264 [ERROR] model_update request failed: HTTPSConnectionPool(host='server.sparrow-earth.com', port=443): Max retries exceeded with url: /model_update (Caused by NameResolutionError("<urllib3.connection.HTTPSConnection object at 0x7ffed1648700>: Failed to resolve 'server.sparrow-earth.com' ([Errno -3] Temporary failure in name resolution)"))
2026-02-09 13:41:17,264 [INFO] Server unreachable or empty response.
2026-02-09 13:41:17,264 [INFO] Sleeping 60s...
2026-02-09 13:42:17,282 [INFO] Checking server for model updates...
2026-02-09 13:42:38,480 [ERROR] model_update request failed: HTTPSConnectionPool(host='server.sparrow-earth.com', port=443): Max retries exceeded with url: /model_update (Caused by NameResolutionError("<urllib3.connection.HTTPSConnection object at 0x7ffed16489a0>: Failed to resolve 'server.sparrow-earth.com' ([Errno -3] Temporary failure in name resolution)"))
2026-02-09 13:42:38,480 [INFO] Server unreachable or empty response.
2026-02-09 13:42:38,480 [INFO] Sleeping 60s...
2026-02-09 13:43:38,506 [INFO] Checking server for model updates...
2026-02-09 13:44:02,384 [ERROR] model_update request failed: HTTPSConnectionPool(host='server.sparrow-earth.com', port=443): Max retries exceeded with url: /model_update (Caused by NameResolutionError("<urllib3.connection.HTTPSConnection object at 0x7ffed17efe20>: Failed to resolve 'server.sparrow-earth.com' ([Errno -3] Temporary failure in name resolution)"))
2026-02-09 13:44:02,384 [INFO] Server unreachable or empty response.
2026-02-09 13:44:02,384 [INFO] Sleeping 60s...
2026-02-09 13:45:02,435 [INFO] Checking server for model updates...
2026-02-09 13:45:26,736 [ERROR] model_update request failed: HTTPSConnectionPool(host='server.sparrow-earth.com', port=443): Max retries exceeded with url: /model_update (Caused by NameResolutionError("<urllib3.connection.HTTPSConnection object at 0x7ffed17ee6e0>: Failed to resolve 'server.sparrow-earth.com' ([Errno -3] Temporary failure in name resolution)"))
2026-02-09 13:45:26,736 [INFO] Server unreachable or empty response.
2026-02-09 13:45:26,736 [INFO] Sleeping 60s...
2026-02-09 13:46:26,796 [INFO] Checking server for model updates...
2026-02-09 13:46:50,768 [ERROR] model_update request failed: HTTPSConnectionPool(host='server.sparrow-earth.com', port=443): Max retries exceeded with url: /model_update (Caused by NameResolutionError("<urllib3.connection.HTTPSConnection object at 0x7ffed2bc7760>: Failed to resolve 'server.sparrow-earth.com' ([Errno -3] Temporary failure in name resolution)"))
2026-02-09 13:46:50,768 [INFO] Server unreachable or empty response.
2026-02-09 13:46:50,769 [INFO] Sleeping 60s...
2026-02-09 13:47:50,825 [INFO] Checking server for model updates...
2026-02-09 13:48:12,336 [ERROR] model_update request failed: HTTPSConnectionPool(host='server.sparrow-earth.com', port=443): Max retries exceeded with url: /model_update (Caused by NameResolutionError("<urllib3.connection.HTTPSConnection object at 0x7ffed1649300>: Failed to resolve 'server.sparrow-earth.com' ([Errno -3] Temporary failure in name resolution)"))
2026-02-09 13:48:12,336 [INFO] Server unreachable or empty response.
2026-02-09 13:48:12,336 [INFO] Sleeping 60s...
2026-02-09 13:49:12,385 [INFO] Checking server for model updates...
2026-02-09 13:49:36,241 [ERROR] model_update request failed: HTTPSConnectionPool(host='server.sparrow-earth.com', port=443): Max retries exceeded with url: /model_update (Caused by NameResolutionError("<urllib3.connection.HTTPSConnection object at 0x7ffed1649150>: Failed to resolve 'server.sparrow-earth.com' ([Errno -3] Temporary failure in name resolution)"))
2026-02-09 13:49:36,241 [INFO] Server unreachable or empty response.
2026-02-09 13:49:36,241 [INFO] Sleeping 60s...
2026-02-09 13:50:36,302 [INFO] Checking server for model updates...
2026-02-09 13:50:57,713 [ERROR] model_update request failed: HTTPSConnectionPool(host='server.sparrow-earth.com', port=443): Max retries exceeded with url: /model_update (Caused by NameResolutionError("<urllib3.connection.HTTPSConnection object at 0x7ffed164b580>: Failed to resolve 'server.sparrow-earth.com' ([Errno -3] Temporary failure in name resolution)"))
2026-02-09 13:50:57,713 [INFO] Server unreachable or empty response.
2026-02-09 13:50:57,713 [INFO] Sleeping 60s...
2026-02-09 13:51:57,773 [INFO] Checking server for model updates...
2026-02-09 13:52:22,064 [ERROR] model_update request failed: HTTPSConnectionPool(host='server.sparrow-earth.com', port=443): Max retries exceeded with url: /model_update (Caused by NameResolutionError("<urllib3.connection.HTTPSConnection object at 0x7ffed17ef2e0>: Failed to resolve 'server.sparrow-earth.com' ([Errno -3] Temporary failure in name resolution)"))
2026-02-09 13:52:22,064 [INFO] Server unreachable or empty response.
2026-02-09 13:52:22,064 [INFO] Sleeping 60s...
2026-02-09 13:53:22,087 [INFO] Checking server for model updates...
2026-02-09 13:53:37,808 [ERROR] model_update request failed: HTTPSConnectionPool(host='server.sparrow-earth.com', port=443): Max retries exceeded with url: /model_update (Caused by NameResolutionError("<urllib3.connection.HTTPSConnection object at 0x7ffed17ef130>: Failed to resolve 'server.sparrow-earth.com' ([Errno -3] Temporary failure in name resolution)"))
2026-02-09 13:53:37,808 [INFO] Server unreachable or empty response.
2026-02-09 13:53:37,808 [INFO] Sleeping 60s...
2026-02-09 13:54:37,865 [INFO] Checking server for model updates...
2026-02-09 13:54:56,112 [ERROR] model_update request failed: HTTPSConnectionPool(host='server.sparrow-earth.com', port=443): Max retries exceeded with url: /model_update (Caused by NameResolutionError("<urllib3.connection.HTTPSConnection object at 0x7ffed1648160>: Failed to resolve 'server.sparrow-earth.com' ([Errno -3] Temporary failure in name resolution)"))
2026-02-09 13:54:56,112 [INFO] Server unreachable or empty response.
2026-02-09 13:54:56,112 [INFO] Sleeping 60s...
2026-02-09 13:55:56,117 [INFO] Checking server for model updates...
2026-02-09 13:56:10,828 [ERROR] model_update request failed: HTTPSConnectionPool(host='server.sparrow-earth.com', port=443): Max retries exceeded with url: /model_update (Caused by NameResolutionError("<urllib3.connection.HTTPSConnection object at 0x7ffed164bc10>: Failed to resolve 'server.sparrow-earth.com' ([Errno -3] Temporary failure in name resolution)"))
2026-02-09 13:56:10,828 [INFO] Server unreachable or empty response.
2026-02-09 13:56:10,828 [INFO] Sleeping 60s...
2026-02-09 13:57:10,885 [INFO] Checking server for model updates...
2026-02-09 13:57:11,374 [ERROR] model_update request failed: 422 Client Error: Unprocessable Entity for url: https://server.sparrow-earth.com/model_update
2026-02-09 13:57:11,375 [INFO] Server unreachable or empty response.
2026-02-09 13:57:11,375 [INFO] Sleeping 60s...
2026-02-09 13:58:11,403 [INFO] Checking server for model updates...
2026-02-09 13:58:12,294 [ERROR] model_update request failed: 422 Client Error: Unprocessable Entity for url: https://server.sparrow-earth.com/model_update
2026-02-09 13:58:12,294 [INFO] Server unreachable or empty response.
2026-02-09 13:58:12,295 [INFO] Sleeping 60s...
2026-02-09 13:59:12,304 [INFO] Checking server for model updates...
2026-02-09 13:59:13,434 [ERROR] model_update request failed: 422 Client Error: Unprocessable Entity for url: https://server.sparrow-earth.com/model_update
2026-02-09 13:59:13,435 [INFO] Server unreachable or empty response.
2026-02-09 13:59:13,435 [INFO] Sleeping 60s...
2026-02-09 14:00:13,459 [INFO] Checking server for model updates...
2026-02-09 14:00:14,378 [ERROR] model_update request failed: 422 Client Error: Unprocessable Entity for url: https://server.sparrow-earth.com/model_update
2026-02-09 14:00:14,378 [INFO] Server unreachable or empty response.
2026-02-09 14:00:14,379 [INFO] Sleeping 60s...
2026-02-09 14:01:14,430 [INFO] Checking server for model updates...
2026-02-09 14:01:15,805 [ERROR] model_update request failed: 422 Client Error: Unprocessable Entity for url: https://server.sparrow-earth.com/model_update
2026-02-09 14:01:15,805 [INFO] Server unreachable or empty response.
2026-02-09 14:01:15,805 [INFO] Sleeping 60s...
2026-02-09 14:02:15,862 [INFO] Checking server for model updates...
2026-02-09 14:02:17,702 [ERROR] model_update request failed: 422 Client Error: Unprocessable Entity for url: https://server.sparrow-earth.com/model_update
2026-02-09 14:02:17,702 [INFO] Server unreachable or empty response.
2026-02-09 14:02:17,702 [INFO] Sleeping 60s...
2026-02-09 14:03:17,705 [INFO] Checking server for model updates...
2026-02-09 14:03:20,301 [ERROR] model_update request failed: 422 Client Error: Unprocessable Entity for url: https://server.sparrow-earth.com/model_update
2026-02-09 14:03:20,301 [INFO] Server unreachable or empty response.
2026-02-09 14:03:20,301 [INFO] Sleeping 60s...
2026-02-09 14:04:20,306 [INFO] Checking server for model updates...
2026-02-09 14:04:21,620 [ERROR] model_update request failed: ('Connection aborted.', ConnectionResetError(104, 'Connection reset by peer'))
2026-02-09 14:04:21,621 [INFO] Server unreachable or empty response.
2026-02-09 14:04:21,621 [INFO] Sleeping 60s...
2026-02-09 14:05:21,624 [INFO] Checking server for model updates...
2026-02-09 14:05:23,295 [ERROR] model_update request failed: ('Connection aborted.', ConnectionResetError(104, 'Connection reset by peer'))
2026-02-09 14:05:23,295 [INFO] Server unreachable or empty response.
2026-02-09 14:05:23,296 [INFO] Sleeping 60s...
2026-02-09 14:06:23,325 [INFO] Checking server for model updates...
2026-02-09 14:06:44,866 [ERROR] model_update request failed: HTTPSConnectionPool(host='server.sparrow-earth.com', port=443): Read timed out. (read timeout=20)
2026-02-09 14:06:44,866 [INFO] Server unreachable or empty response.
2026-02-09 14:06:44,866 [INFO] Sleeping 60s...
2026-02-09 14:07:44,885 [INFO] Checking server for model updates...
2026-02-09 14:08:08,340 [ERROR] model_update request failed: HTTPSConnectionPool(host='server.sparrow-earth.com', port=443): Max retries exceeded with url: /model_update (Caused by NameResolutionError("<urllib3.connection.HTTPSConnection object at 0x7ffed17eecb0>: Failed to resolve 'server.sparrow-earth.com' ([Errno -3] Temporary failure in name resolution)"))
2026-02-09 14:08:08,340 [INFO] Server unreachable or empty response.
2026-02-09 14:08:08,340 [INFO] Sleeping 60s...
2026-02-09 14:09:08,372 [INFO] Checking server for model updates...
2026-02-09 14:09:09,809 [ERROR] model_update request failed: 422 Client Error: Unprocessable Entity for url: https://server.sparrow-earth.com/model_update
2026-02-09 14:09:09,809 [INFO] Server unreachable or empty response.
2026-02-09 14:09:09,809 [INFO] Sleeping 60s...
2026-02-09 14:10:09,812 [INFO] Checking server for model updates...
2026-02-09 14:10:11,324 [ERROR] model_update request failed: 422 Client Error: Unprocessable Entity for url: https://server.sparrow-earth.com/model_update
2026-02-09 14:10:11,324 [INFO] Server unreachable or empty response.
2026-02-09 14:10:11,324 [INFO] Sleeping 60s...
2026-02-09 14:11:11,372 [INFO] Checking server for model updates...
2026-02-09 14:11:13,820 [ERROR] model_update request failed: 422 Client Error: Unprocessable Entity for url: https://server.sparrow-earth.com/model_update
2026-02-09 14:11:13,821 [INFO] Server unreachable or empty response.
2026-02-09 14:11:13,821 [INFO] Sleeping 60s...
2026-02-09 14:12:13,851 [INFO] Checking server for model updates...
2026-02-09 14:12:15,316 [ERROR] model_update request failed: 422 Client Error: Unprocessable Entity for url: https://server.sparrow-earth.com/model_update
2026-02-09 14:12:15,316 [INFO] Server unreachable or empty response.
2026-02-09 14:12:15,317 [INFO] Sleeping 60s...
2026-02-09 14:13:15,376 [INFO] Checking server for model updates...
2026-02-09 14:13:16,562 [ERROR] model_update request failed: 422 Client Error: Unprocessable Entity for url: https://server.sparrow-earth.com/model_update
2026-02-09 14:13:16,563 [INFO] Server unreachable or empty response.
2026-02-09 14:13:16,563 [INFO] Sleeping 60s...
2026-02-09 14:14:16,623 [INFO] Checking server for model updates...
2026-02-09 14:14:18,564 [ERROR] model_update request failed: 422 Client Error: Unprocessable Entity for url: https://server.sparrow-earth.com/model_update
2026-02-09 14:14:18,565 [INFO] Server unreachable or empty response.
2026-02-09 14:14:18,565 [INFO] Sleeping 60s...
2026-02-09 14:15:18,585 [INFO] Checking server for model updates...
2026-02-09 14:15:19,287 [ERROR] model_update request failed: 422 Client Error: Unprocessable Entity for url: https://server.sparrow-earth.com/model_update
2026-02-09 14:15:19,288 [INFO] Server unreachable or empty response.
2026-02-09 14:15:19,288 [INFO] Sleeping 60s...
2026-02-09 14:16:19,296 [INFO] Checking server for model updates...
2026-02-09 14:16:20,062 [ERROR] model_update request failed: 422 Client Error: Unprocessable Entity for url: https://server.sparrow-earth.com/model_update
2026-02-09 14:16:20,063 [INFO] Server unreachable or empty response.
2026-02-09 14:16:20,063 [INFO] Sleeping 60s...
2026-02-09 14:17:20,123 [INFO] Checking server for model updates...
2026-02-09 14:17:20,912 [ERROR] model_update request failed: 422 Client Error: Unprocessable Entity for url: https://server.sparrow-earth.com/model_update
2026-02-09 14:17:20,912 [INFO] Server unreachable or empty response.
2026-02-09 14:17:20,913 [INFO] Sleeping 60s...
2026-02-09 14:18:20,968 [INFO] Checking server for model updates...
2026-02-09 14:18:22,835 [ERROR] model_update request failed: 422 Client Error: Unprocessable Entity for url: https://server.sparrow-earth.com/model_update
2026-02-09 14:18:22,836 [INFO] Server unreachable or empty response.
2026-02-09 14:18:22,836 [INFO] Sleeping 60s...
2026-02-09 14:19:22,896 [INFO] Checking server for model updates...
2026-02-09 14:19:23,714 [ERROR] model_update request failed: 422 Client Error: Unprocessable Entity for url: https://server.sparrow-earth.com/model_update
2026-02-09 14:19:23,715 [INFO] Server unreachable or empty response.
2026-02-09 14:19:23,715 [INFO] Sleeping 60s...
2026-02-09 14:20:23,757 [INFO] Checking server for model updates...
2026-02-09 14:20:24,904 [ERROR] model_update request failed: ('Connection aborted.', ConnectionResetError(104, 'Connection reset by peer'))
2026-02-09 14:20:24,904 [INFO] Server unreachable or empty response.
2026-02-09 14:20:24,904 [INFO] Sleeping 60s...
2026-02-09 14:21:24,949 [INFO] Checking server for model updates...
2026-02-09 14:21:27,861 [ERROR] model_update request failed: ('Connection aborted.', ConnectionResetError(104, 'Connection reset by peer'))
2026-02-09 14:21:27,861 [INFO] Server unreachable or empty response.
2026-02-09 14:21:27,861 [INFO] Sleeping 60s...
2026-02-09 14:22:27,921 [INFO] Checking server for model updates...
2026-02-09 14:23:04,369 [ERROR] model_update request failed: HTTPSConnectionPool(host='server.sparrow-earth.com', port=443): Max retries exceeded with url: /model_update (Caused by NameResolutionError("<urllib3.connection.HTTPSConnection object at 0x7ffed164bb20>: Failed to resolve 'server.sparrow-earth.com' ([Errno -3] Temporary failure in name resolution)"))
2026-02-09 14:23:04,369 [INFO] Server unreachable or empty response.
2026-02-09 14:23:04,369 [INFO] Sleeping 60s...
2026-02-09 14:24:04,391 [INFO] Checking server for model updates...
2026-02-09 14:24:26,672 [ERROR] model_update request failed: HTTPSConnectionPool(host='server.sparrow-earth.com', port=443): Max retries exceeded with url: /model_update (Caused by NameResolutionError("<urllib3.connection.HTTPSConnection object at 0x7ffed17efd60>: Failed to resolve 'server.sparrow-earth.com' ([Errno -3] Temporary failure in name resolution)"))
2026-02-09 14:24:26,672 [INFO] Server unreachable or empty response.
2026-02-09 14:24:26,672 [INFO] Sleeping 60s...
2026-02-09 14:25:26,732 [INFO] Checking server for model updates...
2026-02-09 14:25:51,664 [ERROR] model_update request failed: HTTPSConnectionPool(host='server.sparrow-earth.com', port=443): Max retries exceeded with url: /model_update (Caused by NameResolutionError("<urllib3.connection.HTTPSConnection object at 0x7ffed17eea70>: Failed to resolve 'server.sparrow-earth.com' ([Errno -3] Temporary failure in name resolution)"))
2026-02-09 14:25:51,664 [INFO] Server unreachable or empty response.
2026-02-09 14:25:51,664 [INFO] Sleeping 60s...
2026-02-09 14:26:51,685 [INFO] Checking server for model updates...
2026-02-09 14:27:20,272 [ERROR] model_update request failed: HTTPSConnectionPool(host='server.sparrow-earth.com', port=443): Max retries exceeded with url: /model_update (Caused by NameResolutionError("<urllib3.connection.HTTPSConnection object at 0x7ffed1648c70>: Failed to resolve 'server.sparrow-earth.com' ([Errno -3] Temporary failure in name resolution)"))
2026-02-09 14:27:20,273 [INFO] Server unreachable or empty response.
2026-02-09 14:27:20,273 [INFO] Sleeping 60s...
2026-02-09 14:28:20,333 [INFO] Checking server for model updates...
2026-02-09 14:28:41,232 [ERROR] model_update request failed: HTTPSConnectionPool(host='server.sparrow-earth.com', port=443): Max retries exceeded with url: /model_update (Caused by NameResolutionError("<urllib3.connection.HTTPSConnection object at 0x7ffed164af80>: Failed to resolve 'server.sparrow-earth.com' ([Errno -3] Temporary failure in name resolution)"))
2026-02-09 14:28:41,232 [INFO] Server unreachable or empty response.
2026-02-09 14:28:41,232 [INFO] Sleeping 60s...
2026-02-09 14:29:41,292 [INFO] Checking server for model updates...
2026-02-09 14:29:42,185 [ERROR] model_update request failed: 422 Client Error: Unprocessable Entity for url: https://server.sparrow-earth.com/model_update
2026-02-09 14:29:42,185 [INFO] Server unreachable or empty response.
2026-02-09 14:29:42,186 [INFO] Sleeping 60s...
2026-02-09 14:30:42,217 [INFO] Checking server for model updates...
2026-02-09 14:30:42,933 [ERROR] model_update request failed: 422 Client Error: Unprocessable Entity for url: https://server.sparrow-earth.com/model_update
2026-02-09 14:30:42,933 [INFO] Server unreachable or empty response.
2026-02-09 14:30:42,933 [INFO] Sleeping 60s...
2026-02-09 14:31:42,985 [INFO] Checking server for model updates...
2026-02-09 14:32:04,784 [ERROR] model_update request failed: HTTPSConnectionPool(host='server.sparrow-earth.com', port=443): Max retries exceeded with url: /model_update (Caused by NameResolutionError("<urllib3.connection.HTTPSConnection object at 0x7ffed164b940>: Failed to resolve 'server.sparrow-earth.com' ([Errno -3] Temporary failure in name resolution)"))
2026-02-09 14:32:04,784 [INFO] Server unreachable or empty response.
2026-02-09 14:32:04,784 [INFO] Sleeping 60s...
2026-02-09 14:33:04,844 [INFO] Checking server for model updates...
2026-02-09 14:33:25,264 [ERROR] model_update request failed: HTTPSConnectionPool(host='server.sparrow-earth.com', port=443): Max retries exceeded with url: /model_update (Caused by NameResolutionError("<urllib3.connection.HTTPSConnection object at 0x7ffed17ee6b0>: Failed to resolve 'server.sparrow-earth.com' ([Errno -3] Temporary failure in name resolution)"))
2026-02-09 14:33:25,264 [INFO] Server unreachable or empty response.
2026-02-09 14:33:25,264 [INFO] Sleeping 60s...
2026-02-09 14:34:25,265 [INFO] Checking server for model updates...
2026-02-09 14:34:34,641 [ERROR] model_update request failed: HTTPSConnectionPool(host='server.sparrow-earth.com', port=443): Max retries exceeded with url: /model_update (Caused by NameResolutionError("<urllib3.connection.HTTPSConnection object at 0x7ffed17ee9e0>: Failed to resolve 'server.sparrow-earth.com' ([Errno -3] Temporary failure in name resolution)"))
2026-02-09 14:34:34,641 [INFO] Server unreachable or empty response.
2026-02-09 14:34:34,641 [INFO] Sleeping 60s...
2026-02-09 14:35:34,692 [INFO] Checking server for model updates...
2026-02-09 14:35:55,696 [ERROR] model_update request failed: HTTPSConnectionPool(host='server.sparrow-earth.com', port=443): Max retries exceeded with url: /model_update (Caused by NameResolutionError("<urllib3.connection.HTTPSConnection object at 0x7ffed17ee800>: Failed to resolve 'server.sparrow-earth.com' ([Errno -3] Temporary failure in name resolution)"))
2026-02-09 14:35:55,696 [INFO] Server unreachable or empty response.
2026-02-09 14:35:55,696 [INFO] Sleeping 60s...
2026-02-09 14:36:55,756 [INFO] Checking server for model updates...
2026-02-09 14:36:59,805 [ERROR] model_update request failed: 422 Client Error: Unprocessable Entity for url: https://server.sparrow-earth.com/model_update
2026-02-09 14:36:59,805 [INFO] Server unreachable or empty response.
2026-02-09 14:36:59,805 [INFO] Sleeping 60s...
2026-02-09 14:37:59,825 [INFO] Checking server for model updates...
2026-02-09 14:38:00,608 [ERROR] model_update request failed: 422 Client Error: Unprocessable Entity for url: https://server.sparrow-earth.com/model_update
2026-02-09 14:38:00,609 [INFO] Server unreachable or empty response.
2026-02-09 14:38:00,609 [INFO] Sleeping 60s...
2026-02-09 14:39:00,640 [INFO] Checking server for model updates...
2026-02-09 14:39:02,112 [ERROR] model_update request failed: 422 Client Error: Unprocessable Entity for url: https://server.sparrow-earth.com/model_update
2026-02-09 14:39:02,112 [INFO] Server unreachable or empty response.
2026-02-09 14:39:02,112 [INFO] Sleeping 60s...
2026-02-09 14:40:02,114 [INFO] Checking server for model updates...
2026-02-09 14:40:05,651 [ERROR] model_update request failed: 422 Client Error: Unprocessable Entity for url: https://server.sparrow-earth.com/model_update
2026-02-09 14:40:05,652 [INFO] Server unreachable or empty response.
2026-02-09 14:40:05,652 [INFO] Sleeping 60s...
2026-02-09 14:41:05,706 [INFO] Checking server for model updates...
2026-02-09 14:41:07,318 [ERROR] model_update request failed: 422 Client Error: Unprocessable Entity for url: https://server.sparrow-earth.com/model_update
2026-02-09 14:41:07,318 [INFO] Server unreachable or empty response.
2026-02-09 14:41:07,318 [INFO] Sleeping 60s...
2026-02-09 14:42:07,340 [INFO] Checking server for model updates...
2026-02-09 14:42:08,875 [ERROR] model_update request failed: ('Connection aborted.', ConnectionResetError(104, 'Connection reset by peer'))
2026-02-09 14:42:08,875 [INFO] Server unreachable or empty response.
2026-02-09 14:42:08,876 [INFO] Sleeping 60s...
2026-02-09 14:43:08,909 [INFO] Checking server for model updates...
2026-02-09 14:43:09,909 [ERROR] model_update request failed: 422 Client Error: Unprocessable Entity for url: https://server.sparrow-earth.com/model_update
2026-02-09 14:43:09,910 [INFO] Server unreachable or empty response.
2026-02-09 14:43:09,910 [INFO] Sleeping 60s...
2026-02-09 14:44:09,926 [INFO] Checking server for model updates...
2026-02-09 14:44:10,593 [ERROR] model_update request failed: 422 Client Error: Unprocessable Entity for url: https://server.sparrow-earth.com/model_update
2026-02-09 14:44:10,593 [INFO] Server unreachable or empty response.
2026-02-09 14:44:10,593 [INFO] Sleeping 60s...
